foodCode,foodNameVi,allergenCode,appStatus,assessment,intrinsicAssessment,crossContactAssessment,confidence,evidenceUrls,evidenceTitles,rationale,recommendedAppHandling
ga_ta,Thịt gà ta,peanut,unknown,not_intrinsic_but_cross_contact_unverified,no intrinsic presence identified for the generic food identity,unverified; supplier/facility/product-specific cross-contact can differ,high_for_intrinsic_identity__not_a_cross_contact_clearance,https://www.fao.org/fao-who-codexalimentarius/sh-proxy/pl/?lnk=1&url=https%253A%252F%252Fworkspace.fao.org%252Fsites%252Fcodex%252FStandards%252FCXS%2B1-1985%252FCXS_001e.pdf|https://www.who.int/publications/i/item/B09028,Codex CXS 1-1985 — allergen declaration|WHO/FAO — Precautionary allergen labelling (PAL),"Thịt gà ta is not itself the peanut allergen category based on the catalog food identity. This does NOT establish absence of unintended allergen presence or cross-contact, so app status remains unknown.",do_not_treat_as_safe; require supplier/SKU evidence for allergy filtering
ga_ta,Thịt gà ta,tree_nut,unknown,not_intrinsic_but_cross_contact_unverified,no intrinsic presence identified for the generic food identity,unverified; supplier/facility/product-specific cross-contact can differ,high_for_intrinsic_identity__not_a_cross_contact_clearance,https://www.fao.org/fao-who-codexalimentarius/sh-proxy/pl/?lnk=1&url=https%253A%252F%252Fworkspace.fao.org%252Fsites%252Fcodex%252FStandards%252FCXS%2B1-1985%252FCXS_001e.pdf|https://www.who.int/publications/i/item/B09028,Codex CXS 1-1985 — allergen declaration|WHO/FAO — Precautionary allergen labelling (PAL),"Thịt gà ta is not itself the tree_nut allergen category based on the catalog food identity. This does NOT establish absence of unintended allergen presence or cross-contact, so app status remains unknown.",do_not_treat_as_safe; require supplier/SKU evidence for allergy filtering
ga_ta,Thịt gà ta,dairy,unknown,not_intrinsic_but_cross_contact_unverified,no intrinsic presence identified for the generic food identity,unverified; supplier/facility/product-specific cross-contact can differ,high_for_intrinsic_identity__not_a_cross_contact_clearance,https://www.fao.org/fao-who-codexalimentarius/sh-proxy/pl/?lnk=1&url=https%253A%252F%252Fworkspace.fao.org%252Fsites%252Fcodex%252FStandards%252FCXS%2B1-1985%252FCXS_001e.pdf|https://www.who.int/publications/i/item/B09028,Codex CXS 1-1985 — allergen declaration|WHO/FAO — Precautionary allergen labelling (PAL),"Thịt gà ta is not itself the dairy allergen category based on the catalog food identity. This does NOT establish absence of unintended allergen presence or cross-contact, so app status remains unknown.",do_not_treat_as_safe; require supplier/SKU evidence for allergy filtering
ga_ta,Thịt gà ta,egg,unknown,not_intrinsic_but_cross_contact_unverified,no intrinsic presence identified for the generic food identity,unverified; supplier/facility/product-specific cross-contact can differ,high_for_intrinsic_identity__not_a_cross_contact_clearance,https://www.fao.org/fao-who-codexalimentarius/sh-proxy/pl/?lnk=1&url=https%253A%252F%252Fworkspace.fao.org%252Fsites%252Fcodex%252FStandards%252FCXS%2B1-1985%252FCXS_001e.pdf|https://www.who.int/publications/i/item/B09028,Codex CXS 1-1985 — allergen declaration|WHO/FAO — Precautionary allergen labelling (PAL),"Thịt gà ta is not itself the egg allergen category based on the catalog food identity. This does NOT establish absence of unintended allergen presence or cross-contact, so app status remains unknown.",do_not_treat_as_safe; require supplier/SKU evidence for allergy filtering
ga_ta,Thịt gà ta,soy,unknown,not_intrinsic_but_cross_contact_unverified,no intrinsic presence identified for the generic food identity,unverified; supplier/facility/product-specific cross-contact can differ,high_for_intrinsic_identity__not_a_cross_contact_clearance,https://www.fao.org/fao-who-codexalimentarius/sh-proxy/pl/?lnk=1&url=https%253A%252F%252Fworkspace.fao.org%252Fsites%252Fcodex%252FStandards%252FCXS%2B1-1985%252FCXS_001e.pdf|https://www.who.int/publications/i/item/B09028,Codex CXS 1-1985 — allergen declaration|WHO/FAO — Precautionary allergen labelling (PAL),"Thịt gà ta is not itself the soy allergen category based on the catalog food identity. This does NOT establish absence of unintended allergen presence or cross-contact, so app status remains unknown.",do_not_treat_as_safe; require supplier/SKU evidence for allergy filtering
ga_ta,Thịt gà ta,wheat,unknown,not_intrinsic_but_cross_contact_unverified,no intrinsic presence identified for the generic food identity,unverified; supplier/facility/product-specific cross-contact can differ,high_for_intrinsic_identity__not_a_cross_contact_clearance,https://www.fao.org/fao-who-codexalimentarius/sh-proxy/pl/?lnk=1&url=https%253A%252F%252Fworkspace.fao.org%252Fsites%252Fcodex%252FStandards%252FCXS%2B1-1985%252FCXS_001e.pdf|https://www.who.int/publications/i/item/B09028,Codex CXS 1-1985 — allergen declaration|WHO/FAO — Precautionary allergen labelling (PAL),"Thịt gà ta is not itself the wheat allergen category based on the catalog food identity. This does NOT establish absence of unintended allergen presence or cross-contact, so app status remains unknown.",do_not_treat_as_safe; require supplier/SKU evidence for allergy filtering
ga_ta,Thịt gà ta,fish,unknown,not_intrinsic_but_cross_contact_unverified,no intrinsic presence identified for the generic food identity,unverified; supplier/facility/product-specific cross-contact can differ,high_for_intrinsic_identity__not_a_cross_contact_clearance,https://www.fao.org/fao-who-codexalimentarius/sh-proxy/pl/?lnk=1&url=https%253A%252F%252Fworkspace.fao.org%252Fsites%252Fcodex%252FStandards%252FCXS%2B1-1985%252FCXS_001e.pdf|https://www.who.int/publications/i/item/B09028,Codex CXS 1-1985 — allergen declaration|WHO/FAO — Precautionary allergen labelling (PAL),"Thịt gà ta is not itself the fish allergen category based on the catalog food identity. This does NOT establish absence of unintended allergen presence or cross-contact, so app status remains unknown.",do_not_treat_as_safe; require supplier/SKU evidence for allergy filtering
ga_ta,Thịt gà ta,crustacean,unknown,not_intrinsic_but_cross_contact_unverified,no intrinsic presence identified for the generic food identity,unverified; supplier/facility/product-specific cross-contact can differ,high_for_intrinsic_identity__not_a_cross_contact_clearance,https://www.fao.org/fao-who-codexalimentarius/sh-proxy/pl/?lnk=1&url=https%253A%252F%252Fworkspace.fao.org%252Fsites%252Fcodex%252FStandards%252FCXS%2B1-1985%252FCXS_001e.pdf|https://www.who.int/publications/i/item/B09028,Codex CXS 1-1985 — allergen declaration|WHO/FAO — Precautionary allergen labelling (PAL),"Thịt gà ta is not itself the crustacean allergen category based on the catalog food identity. This does NOT establish absence of unintended allergen presence or cross-contact, so app status remains unknown.",do_not_treat_as_safe; require supplier/SKU evidence for allergy filtering
ga_ta,Thịt gà ta,mollusc,unknown,not_intrinsic_but_cross_contact_unverified,no intrinsic presence identified for the generic food identity,unverified; supplier/facility/product-specific cross-contact can differ,high_for_intrinsic_identity__not_a_cross_contact_clearance,https://www.fao.org/fao-who-codexalimentarius/sh-proxy/pl/?lnk=1&url=https%253A%252F%252Fworkspace.fao.org%252Fsites%252Fcodex%252FStandards%252FCXS%2B1-1985%252FCXS_001e.pdf|https://www.who.int/publications/i/item/B09028,Codex CXS 1-1985 — allergen declaration|WHO/FAO — Precautionary allergen labelling (PAL),"Thịt gà ta is not itself the mollusc allergen category based on the catalog food identity. This does NOT establish absence of unintended allergen presence or cross-contact, so app status remains unknown.",do_not_treat_as_safe; require supplier/SKU evidence for allergy filtering
ga_ta,Thịt gà ta,sesame,unknown,not_intrinsic_but_cross_contact_unverified,no intrinsic presence identified for the generic food identity,unverified; supplier/facility/product-specific cross-contact can differ,high_for_intrinsic_identity__not_a_cross_contact_clearance,https://www.fao.org/fao-who-codexalimentarius/sh-proxy/pl/?lnk=1&url=https%253A%252F%252Fworkspace.fao.org%252Fsites%252Fcodex%252FStandards%252FCXS%2B1-1985%252FCXS_001e.pdf|https://www.who.int/publications/i/item/B09028,Codex CXS 1-1985 — allergen declaration|WHO/FAO — Precautionary allergen labelling (PAL),"Thịt gà ta is not itself the sesame allergen category based on the catalog food identity. This does NOT establish absence of unintended allergen presence or cross-contact, so app status remains unknown.",do_not_treat_as_safe; require supplier/SKU evidence for allergy filtering
thit_ba_chi,Thịt ba chỉ,peanut,unknown,not_intrinsic_but_cross_contact_unverified,no intrinsic presence identified for the generic food identity,unverified; supplier/facility/product-specific cross-contact can differ,high_for_intrinsic_identity__not_a_cross_contact_clearance,https://www.fao.org/fao-who-codexalimentarius/sh-proxy/pl/?lnk=1&url=https%253A%252F%252Fworkspace.fao.org%252Fsites%252Fcodex%252FStandards%252FCXS%2B1-1985%252FCXS_001e.pdf|https://www.who.int/publications/i/item/B09028,Codex CXS 1-1985 — allergen declaration|WHO/FAO — Precautionary allergen labelling (PAL),"Thịt ba chỉ is not itself the peanut allergen category based on the catalog food identity. This does NOT establish absence of unintended allergen presence or cross-contact, so app status remains unknown.",do_not_treat_as_safe; require supplier/SKU evidence for allergy filtering
thit_ba_chi,Thịt ba chỉ,tree_nut,unknown,not_intrinsic_but_cross_contact_unverified,no intrinsic presence identified for the generic food identity,unverified; supplier/facility/product-specific cross-contact can differ,high_for_intrinsic_identity__not_a_cross_contact_clearance,https://www.fao.org/fao-who-codexalimentarius/sh-proxy/pl/?lnk=1&url=https%253A%252F%252Fworkspace.fao.org%252Fsites%252Fcodex%252FStandards%252FCXS%2B1-1985%252FCXS_001e.pdf|https://www.who.int/publications/i/item/B09028,Codex CXS 1-1985 — allergen declaration|WHO/FAO — Precautionary allergen labelling (PAL),"Thịt ba chỉ is not itself the tree_nut allergen category based on the catalog food identity. This does NOT establish absence of unintended allergen presence or cross-contact, so app status remains unknown.",do_not_treat_as_safe; require supplier/SKU evidence for allergy filtering
thit_ba_chi,Thịt ba chỉ,dairy,unknown,not_intrinsic_but_cross_contact_unverified,no intrinsic presence identified for the generic food identity,unverified; supplier/facility/product-specific cross-contact can differ,high_for_intrinsic_identity__not_a_cross_contact_clearance,https://www.fao.org/fao-who-codexalimentarius/sh-proxy/pl/?lnk=1&url=https%253A%252F%252Fworkspace.fao.org%252Fsites%252Fcodex%252FStandards%252FCXS%2B1-1985%252FCXS_001e.pdf|https://www.who.int/publications/i/item/B09028,Codex CXS 1-1985 — allergen declaration|WHO/FAO — Precautionary allergen labelling (PAL),"Thịt ba chỉ is not itself the dairy allergen category based on the catalog food identity. This does NOT establish absence of unintended allergen presence or cross-contact, so app status remains unknown.",do_not_treat_as_safe; require supplier/SKU evidence for allergy filtering
thit_ba_chi,Thịt ba chỉ,egg,unknown,not_intrinsic_but_cross_contact_unverified,no intrinsic presence identified for the generic food identity,unverified; supplier/facility/product-specific cross-contact can differ,high_for_intrinsic_identity__not_a_cross_contact_clearance,https://www.fao.org/fao-who-codexalimentarius/sh-proxy/pl/?lnk=1&url=https%253A%252F%252Fworkspace.fao.org%252Fsites%252Fcodex%252FStandards%252FCXS%2B1-1985%252FCXS_001e.pdf|https://www.who.int/publications/i/item/B09028,Codex CXS 1-1985 — allergen declaration|WHO/FAO — Precautionary allergen labelling (PAL),"Thịt ba chỉ is not itself the egg allergen category based on the catalog food identity. This does NOT establish absence of unintended allergen presence or cross-contact, so app status remains unknown.",do_not_treat_as_safe; require supplier/SKU evidence for allergy filtering
thit_ba_chi,Thịt ba chỉ,soy,unknown,not_intrinsic_but_cross_contact_unverified,no intrinsic presence identified for the generic food identity,unverified; supplier/facility/product-specific cross-contact can differ,high_for_intrinsic_identity__not_a_cross_contact_clearance,https://www.fao.org/fao-who-codexalimentarius/sh-proxy/pl/?lnk=1&url=https%253A%252F%252Fworkspace.fao.org%252Fsites%252Fcodex%252FStandards%252FCXS%2B1-1985%252FCXS_001e.pdf|https://www.who.int/publications/i/item/B09028,Codex CXS 1-1985 — allergen declaration|WHO/FAO — Precautionary allergen labelling (PAL),"Thịt ba chỉ is not itself the soy allergen category based on the catalog food identity. This does NOT establish absence of unintended allergen presence or cross-contact, so app status remains unknown.",do_not_treat_as_safe; require supplier/SKU evidence for allergy filtering
thit_ba_chi,Thịt ba chỉ,wheat,unknown,not_intrinsic_but_cross_contact_unverified,no intrinsic presence identified for the generic food identity,unverified; supplier/facility/product-specific cross-contact can differ,high_for_intrinsic_identity__not_a_cross_contact_clearance,https://www.fao.org/fao-who-codexalimentarius/sh-proxy/pl/?lnk=1&url=https%253A%252F%252Fworkspace.fao.org%252Fsites%252Fcodex%252FStandards%252FCXS%2B1-1985%252FCXS_001e.pdf|https://www.who.int/publications/i/item/B09028,Codex CXS 1-1985 — allergen declaration|WHO/FAO — Precautionary allergen labelling (PAL),"Thịt ba chỉ is not itself the wheat allergen category based on the catalog food identity. This does NOT establish absence of unintended allergen presence or cross-contact, so app status remains unknown.",do_not_treat_as_safe; require supplier/SKU evidence for allergy filtering
thit_ba_chi,Thịt ba chỉ,fish,unknown,not_intrinsic_but_cross_contact_unverified,no intrinsic presence identified for the generic food identity,unverified; supplier/facility/product-specific cross-contact can differ,high_for_intrinsic_identity__not_a_cross_contact_clearance,https://www.fao.org/fao-who-codexalimentarius/sh-proxy/pl/?lnk=1&url=https%253A%252F%252Fworkspace.fao.org%252Fsites%252Fcodex%252FStandards%252FCXS%2B1-1985%252FCXS_001e.pdf|https://www.who.int/publications/i/item/B09028,Codex CXS 1-1985 — allergen declaration|WHO/FAO — Precautionary allergen labelling (PAL),"Thịt ba chỉ is not itself the fish allergen category based on the catalog food identity. This does NOT establish absence of unintended allergen presence or cross-contact, so app status remains unknown.",do_not_treat_as_safe; require supplier/SKU evidence for allergy filtering
thit_ba_chi,Thịt ba chỉ,crustacean,unknown,not_intrinsic_but_cross_contact_unverified,no intrinsic presence identified for the generic food identity,unverified; supplier/facility/product-specific cross-contact can differ,high_for_intrinsic_identity__not_a_cross_contact_clearance,https://www.fao.org/fao-who-codexalimentarius/sh-proxy/pl/?lnk=1&url=https%253A%252F%252Fworkspace.fao.org%252Fsites%252Fcodex%252FStandards%252FCXS%2B1-1985%252FCXS_001e.pdf|https://www.who.int/publications/i/item/B09028,Codex CXS 1-1985 — allergen declaration|WHO/FAO — Precautionary allergen labelling (PAL),"Thịt ba chỉ is not itself the crustacean allergen category based on the catalog food identity. This does NOT establish absence of unintended allergen presence or cross-contact, so app status remains unknown.",do_not_treat_as_safe; require supplier/SKU evidence for allergy filtering
thit_ba_chi,Thịt ba chỉ,mollusc,unknown,not_intrinsic_but_cross_contact_unverified,no intrinsic presence identified for the generic food identity,unverified; supplier/facility/product-specific cross-contact can differ,high_for_intrinsic_identity__not_a_cross_contact_clearance,https://www.fao.org/fao-who-codexalimentarius/sh-proxy/pl/?lnk=1&url=https%253A%252F%252Fworkspace.fao.org%252Fsites%252Fcodex%252FStandards%252FCXS%2B1-1985%252FCXS_001e.pdf|https://www.who.int/publications/i/item/B09028,Codex CXS 1-1985 — allergen declaration|WHO/FAO — Precautionary allergen labelling (PAL),"Thịt ba chỉ is not itself the mollusc allergen category based on the catalog food identity. This does NOT establish absence of unintended allergen presence or cross-contact, so app status remains unknown.",do_not_treat_as_safe; require supplier/SKU evidence for allergy filtering
thit_ba_chi,Thịt ba chỉ,sesame,unknown,not_intrinsic_but_cross_contact_unverified,no intrinsic presence identified for the generic food identity,unverified; supplier/facility/product-specific cross-contact can differ,high_for_intrinsic_identity__not_a_cross_contact_clearance,https://www.fao.org/fao-who-codexalimentarius/sh-proxy/pl/?lnk=1&url=https%253A%252F%252Fworkspace.fao.org%252Fsites%252Fcodex%252FStandards%252FCXS%2B1-1985%252FCXS_001e.pdf|https://www.who.int/publications/i/item/B09028,Codex CXS 1-1985 — allergen declaration|WHO/FAO — Precautionary allergen labelling (PAL),"Thịt ba chỉ is not itself the sesame allergen category based on the catalog food identity. This does NOT establish absence of unintended allergen presence or cross-contact, so app status remains unknown.",do_not_treat_as_safe; require supplier/SKU evidence for allergy filtering
thit_nac_vai,Thịt nạc vai heo,peanut,unknown,not_intrinsic_but_cross_contact_unverified,no intrinsic presence identified for the generic food identity,unverified; supplier/facility/product-specific cross-contact can differ,high_for_intrinsic_identity__not_a_cross_contact_clearance,https://www.fao.org/fao-who-codexalimentarius/sh-proxy/pl/?lnk=1&url=https%253A%252F%252Fworkspace.fao.org%252Fsites%252Fcodex%252FStandards%252FCXS%2B1-1985%252FCXS_001e.pdf|https://www.who.int/publications/i/item/B09028,Codex CXS 1-1985 — allergen declaration|WHO/FAO — Precautionary allergen labelling (PAL),"Thịt nạc vai heo is not itself the peanut allergen category based on the catalog food identity. This does NOT establish absence of unintended allergen presence or cross-contact, so app status remains unknown.",do_not_treat_as_safe; require supplier/SKU evidence for allergy filtering
thit_nac_vai,Thịt nạc vai heo,tree_nut,unknown,not_intrinsic_but_cross_contact_unverified,no intrinsic presence identified for the generic food identity,unverified; supplier/facility/product-specific cross-contact can differ,high_for_intrinsic_identity__not_a_cross_contact_clearance,https://www.fao.org/fao-who-codexalimentarius/sh-proxy/pl/?lnk=1&url=https%253A%252F%252Fworkspace.fao.org%252Fsites%252Fcodex%252FStandards%252FCXS%2B1-1985%252FCXS_001e.pdf|https://www.who.int/publications/i/item/B09028,Codex CXS 1-1985 — allergen declaration|WHO/FAO — Precautionary allergen labelling (PAL),"Thịt nạc vai heo is not itself the tree_nut allergen category based on the catalog food identity. This does NOT establish absence of unintended allergen presence or cross-contact, so app status remains unknown.",do_not_treat_as_safe; require supplier/SKU evidence for allergy filtering
thit_nac_vai,Thịt nạc vai heo,dairy,unknown,not_intrinsic_but_cross_contact_unverified,no intrinsic presence identified for the generic food identity,unverified; supplier/facility/product-specific cross-contact can differ,high_for_intrinsic_identity__not_a_cross_contact_clearance,https://www.fao.org/fao-who-codexalimentarius/sh-proxy/pl/?lnk=1&url=https%253A%252F%252Fworkspace.fao.org%252Fsites%252Fcodex%252FStandards%252FCXS%2B1-1985%252FCXS_001e.pdf|https://www.who.int/publications/i/item/B09028,Codex CXS 1-1985 — allergen declaration|WHO/FAO — Precautionary allergen labelling (PAL),"Thịt nạc vai heo is not itself the dairy allergen category based on the catalog food identity. This does NOT establish absence of unintended allergen presence or cross-contact, so app status remains unknown.",do_not_treat_as_safe; require supplier/SKU evidence for allergy filtering
thit_nac_vai,Thịt nạc vai heo,egg,unknown,not_intrinsic_but_cross_contact_unverified,no intrinsic presence identified for the generic food identity,unverified; supplier/facility/product-specific cross-contact can differ,high_for_intrinsic_identity__not_a_cross_contact_clearance,https://www.fao.org/fao-who-codexalimentarius/sh-proxy/pl/?lnk=1&url=https%253A%252F%252Fworkspace.fao.org%252Fsites%252Fcodex%252FStandards%252FCXS%2B1-1985%252FCXS_001e.pdf|https://www.who.int/publications/i/item/B09028,Codex CXS 1-1985 — allergen declaration|WHO/FAO — Precautionary allergen labelling (PAL),"Thịt nạc vai heo is not itself the egg allergen category based on the catalog food identity. This does NOT establish absence of unintended allergen presence or cross-contact, so app status remains unknown.",do_not_treat_as_safe; require supplier/SKU evidence for allergy filtering
thit_nac_vai,Thịt nạc vai heo,soy,unknown,not_intrinsic_but_cross_contact_unverified,no intrinsic presence identified for the generic food identity,unverified; supplier/facility/product-specific cross-contact can differ,high_for_intrinsic_identity__not_a_cross_contact_clearance,https://www.fao.org/fao-who-codexalimentarius/sh-proxy/pl/?lnk=1&url=https%253A%252F%252Fworkspace.fao.org%252Fsites%252Fcodex%252FStandards%252FCXS%2B1-1985%252FCXS_001e.pdf|https://www.who.int/publications/i/item/B09028,Codex CXS 1-1985 — allergen declaration|WHO/FAO — Precautionary allergen labelling (PAL),"Thịt nạc vai heo is not itself the soy allergen category based on the catalog food identity. This does NOT establish absence of unintended allergen presence or cross-contact, so app status remains unknown.",do_not_treat_as_safe; require supplier/SKU evidence for allergy filtering
thit_nac_vai,Thịt nạc vai heo,wheat,unknown,not_intrinsic_but_cross_contact_unverified,no intrinsic presence identified for the generic food identity,unverified; supplier/facility/product-specific cross-contact can differ,high_for_intrinsic_identity__not_a_cross_contact_clearance,https://www.fao.org/fao-who-codexalimentarius/sh-proxy/pl/?lnk=1&url=https%253A%252F%252Fworkspace.fao.org%252Fsites%252Fcodex%252FStandards%252FCXS%2B1-1985%252FCXS_001e.pdf|https://www.who.int/publications/i/item/B09028,Codex CXS 1-1985 — allergen declaration|WHO/FAO — Precautionary allergen labelling (PAL),"Thịt nạc vai heo is not itself the wheat allergen category based on the catalog food identity. This does NOT establish absence of unintended allergen presence or cross-contact, so app status remains unknown.",do_not_treat_as_safe; require supplier/SKU evidence for allergy filtering
thit_nac_vai,Thịt nạc vai heo,fish,unknown,not_intrinsic_but_cross_contact_unverified,no intrinsic presence identified for the generic food identity,unverified; supplier/facility/product-specific cross-contact can differ,high_for_intrinsic_identity__not_a_cross_contact_clearance,https://www.fao.org/fao-who-codexalimentarius/sh-proxy/pl/?lnk=1&url=https%253A%252F%252Fworkspace.fao.org%252Fsites%252Fcodex%252FStandards%252FCXS%2B1-1985%252FCXS_001e.pdf|https://www.who.int/publications/i/item/B09028,Codex CXS 1-1985 — allergen declaration|WHO/FAO — Precautionary allergen labelling (PAL),"Thịt nạc vai heo is not itself the fish allergen category based on the catalog food identity. This does NOT establish absence of unintended allergen presence or cross-contact, so app status remains unknown.",do_not_treat_as_safe; require supplier/SKU evidence for allergy filtering
thit_nac_vai,Thịt nạc vai heo,crustacean,unknown,not_intrinsic_but_cross_contact_unverified,no intrinsic presence identified for the generic food identity,unverified; supplier/facility/product-specific cross-contact can differ,high_for_intrinsic_identity__not_a_cross_contact_clearance,https://www.fao.org/fao-who-codexalimentarius/sh-proxy/pl/?lnk=1&url=https%253A%252F%252Fworkspace.fao.org%252Fsites%252Fcodex%252FStandards%252FCXS%2B1-1985%252FCXS_001e.pdf|https://www.who.int/publications/i/item/B09028,Codex CXS 1-1985 — allergen declaration|WHO/FAO — Precautionary allergen labelling (PAL),"Thịt nạc vai heo is not itself the crustacean allergen category based on the catalog food identity. This does NOT establish absence of unintended allergen presence or cross-contact, so app status remains unknown.",do_not_treat_as_safe; require supplier/SKU evidence for allergy filtering
thit_nac_vai,Thịt nạc vai heo,mollusc,unknown,not_intrinsic_but_cross_contact_unverified,no intrinsic presence identified for the generic food identity,unverified; supplier/facility/product-specific cross-contact can differ,high_for_intrinsic_identity__not_a_cross_contact_clearance,https://www.fao.org/fao-who-codexalimentarius/sh-proxy/pl/?lnk=1&url=https%253A%252F%252Fworkspace.fao.org%252Fsites%252Fcodex%252FStandards%252FCXS%2B1-1985%252FCXS_001e.pdf|https://www.who.int/publications/i/item/B09028,Codex CXS 1-1985 — allergen declaration|WHO/FAO — Precautionary allergen labelling (PAL),"Thịt nạc vai heo is not itself the mollusc allergen category based on the catalog food identity. This does NOT establish absence of unintended allergen presence or cross-contact, so app status remains unknown.",do_not_treat_as_safe; require supplier/SKU evidence for allergy filtering
thit_nac_vai,Thịt nạc vai heo,sesame,unknown,not_intrinsic_but_cross_contact_unverified,no intrinsic presence identified for the generic food identity,unverified; supplier/facility/product-specific cross-contact can differ,high_for_intrinsic_identity__not_a_cross_contact_clearance,https://www.fao.org/fao-who-codexalimentarius/sh-proxy/pl/?lnk=1&url=https%253A%252F%252Fworkspace.fao.org%252Fsites%252Fcodex%252FStandards%252FCXS%2B1-1985%252FCXS_001e.pdf|https://www.who.int/publications/i/item/B09028,Codex CXS 1-1985 — allergen declaration|WHO/FAO — Precautionary allergen labelling (PAL),"Thịt nạc vai heo is not itself the sesame allergen category based on the catalog food identity. This does NOT establish absence of unintended allergen presence or cross-contact, so app status remains unknown.",do_not_treat_as_safe; require supplier/SKU evidence for allergy filtering
suon_heo,Sườn heo,peanut,unknown,not_intrinsic_but_cross_contact_unverified,no intrinsic presence identified for the generic food identity,unverified; supplier/facility/product-specific cross-contact can differ,high_for_intrinsic_identity__not_a_cross_contact_clearance,https://www.fao.org/fao-who-codexalimentarius/sh-proxy/pl/?lnk=1&url=https%253A%252F%252Fworkspace.fao.org%252Fsites%252Fcodex%252FStandards%252FCXS%2B1-1985%252FCXS_001e.pdf|https://www.who.int/publications/i/item/B09028,Codex CXS 1-1985 — allergen declaration|WHO/FAO — Precautionary allergen labelling (PAL),"Sườn heo is not itself the peanut allergen category based on the catalog food identity. This does NOT establish absence of unintended allergen presence or cross-contact, so app status remains unknown.",do_not_treat_as_safe; require supplier/SKU evidence for allergy filtering
suon_heo,Sườn heo,tree_nut,unknown,not_intrinsic_but_cross_contact_unverified,no intrinsic presence identified for the generic food identity,unverified; supplier/facility/product-specific cross-contact can differ,high_for_intrinsic_identity__not_a_cross_contact_clearance,https://www.fao.org/fao-who-codexalimentarius/sh-proxy/pl/?lnk=1&url=https%253A%252F%252Fworkspace.fao.org%252Fsites%252Fcodex%252FStandards%252FCXS%2B1-1985%252FCXS_001e.pdf|https://www.who.int/publications/i/item/B09028,Codex CXS 1-1985 — allergen declaration|WHO/FAO — Precautionary allergen labelling (PAL),"Sườn heo is not itself the tree_nut allergen category based on the catalog food identity. This does NOT establish absence of unintended allergen presence or cross-contact, so app status remains unknown.",do_not_treat_as_safe; require supplier/SKU evidence for allergy filtering
suon_heo,Sườn heo,dairy,unknown,not_intrinsic_but_cross_contact_unverified,no intrinsic presence identified for the generic food identity,unverified; supplier/facility/product-specific cross-contact can differ,high_for_intrinsic_identity__not_a_cross_contact_clearance,https://www.fao.org/fao-who-codexalimentarius/sh-proxy/pl/?lnk=1&url=https%253A%252F%252Fworkspace.fao.org%252Fsites%252Fcodex%252FStandards%252FCXS%2B1-1985%252FCXS_001e.pdf|https://www.who.int/publications/i/item/B09028,Codex CXS 1-1985 — allergen declaration|WHO/FAO — Precautionary allergen labelling (PAL),"Sườn heo is not itself the dairy allergen category based on the catalog food identity. This does NOT establish absence of unintended allergen presence or cross-contact, so app status remains unknown.",do_not_treat_as_safe; require supplier/SKU evidence for allergy filtering
suon_heo,Sườn heo,egg,unknown,not_intrinsic_but_cross_contact_unverified,no intrinsic presence identified for the generic food identity,unverified; supplier/facility/product-specific cross-contact can differ,high_for_intrinsic_identity__not_a_cross_contact_clearance,https://www.fao.org/fao-who-codexalimentarius/sh-proxy/pl/?lnk=1&url=https%253A%252F%252Fworkspace.fao.org%252Fsites%252Fcodex%252FStandards%252FCXS%2B1-1985%252FCXS_001e.pdf|https://www.who.int/publications/i/item/B09028,Codex CXS 1-1985 — allergen declaration|WHO/FAO — Precautionary allergen labelling (PAL),"Sườn heo is not itself the egg allergen category based on the catalog food identity. This does NOT establish absence of unintended allergen presence or cross-contact, so app status remains unknown.",do_not_treat_as_safe; require supplier/SKU evidence for allergy filtering
suon_heo,Sườn heo,soy,unknown,not_intrinsic_but_cross_contact_unverified,no intrinsic presence identified for the generic food identity,unverified; supplier/facility/product-specific cross-contact can differ,high_for_intrinsic_identity__not_a_cross_contact_clearance,https://www.fao.org/fao-who-codexalimentarius/sh-proxy/pl/?lnk=1&url=https%253A%252F%252Fworkspace.fao.org%252Fsites%252Fcodex%252FStandards%252FCXS%2B1-1985%252FCXS_001e.pdf|https://www.who.int/publications/i/item/B09028,Codex CXS 1-1985 — allergen declaration|WHO/FAO — Precautionary allergen labelling (PAL),"Sườn heo is not itself the soy allergen category based on the catalog food identity. This does NOT establish absence of unintended allergen presence or cross-contact, so app status remains unknown.",do_not_treat_as_safe; require supplier/SKU evidence for allergy filtering
suon_heo,Sườn heo,wheat,unknown,not_intrinsic_but_cross_contact_unverified,no intrinsic presence identified for the generic food identity,unverified; supplier/facility/product-specific cross-contact can differ,high_for_intrinsic_identity__not_a_cross_contact_clearance,https://www.fao.org/fao-who-codexalimentarius/sh-proxy/pl/?lnk=1&url=https%253A%252F%252Fworkspace.fao.org%252Fsites%252Fcodex%252FStandards%252FCXS%2B1-1985%252FCXS_001e.pdf|https://www.who.int/publications/i/item/B09028,Codex CXS 1-1985 — allergen declaration|WHO/FAO — Precautionary allergen labelling (PAL),"Sườn heo is not itself the wheat allergen category based on the catalog food identity. This does NOT establish absence of unintended allergen presence or cross-contact, so app status remains unknown.",do_not_treat_as_safe; require supplier/SKU evidence for allergy filtering
suon_heo,Sườn heo,fish,unknown,not_intrinsic_but_cross_contact_unverified,no intrinsic presence identified for the generic food identity,unverified; supplier/facility/product-specific cross-contact can differ,high_for_intrinsic_identity__not_a_cross_contact_clearance,https://www.fao.org/fao-who-codexalimentarius/sh-proxy/pl/?lnk=1&url=https%253A%252F%252Fworkspace.fao.org%252Fsites%252Fcodex%252FStandards%252FCXS%2B1-1985%252FCXS_001e.pdf|https://www.who.int/publications/i/item/B09028,Codex CXS 1-1985 — allergen declaration|WHO/FAO — Precautionary allergen labelling (PAL),"Sườn heo is not itself the fish allergen category based on the catalog food identity. This does NOT establish absence of unintended allergen presence or cross-contact, so app status remains unknown.",do_not_treat_as_safe; require supplier/SKU evidence for allergy filtering
suon_heo,Sườn heo,crustacean,unknown,not_intrinsic_but_cross_contact_unverified,no intrinsic presence identified for the generic food identity,unverified; supplier/facility/product-specific cross-contact can differ,high_for_intrinsic_identity__not_a_cross_contact_clearance,https://www.fao.org/fao-who-codexalimentarius/sh-proxy/pl/?lnk=1&url=https%253A%252F%252Fworkspace.fao.org%252Fsites%252Fcodex%252FStandards%252FCXS%2B1-1985%252FCXS_001e.pdf|https://www.who.int/publications/i/item/B09028,Codex CXS 1-1985 — allergen declaration|WHO/FAO — Precautionary allergen labelling (PAL),"Sườn heo is not itself the crustacean allergen category based on the catalog food identity. This does NOT establish absence of unintended allergen presence or cross-contact, so app status remains unknown.",do_not_treat_as_safe; require supplier/SKU evidence for allergy filtering
suon_heo,Sườn heo,mollusc,unknown,not_intrinsic_but_cross_contact_unverified,no intrinsic presence identified for the generic food identity,unverified; supplier/facility/product-specific cross-contact can differ,high_for_intrinsic_identity__not_a_cross_contact_clearance,https://www.fao.org/fao-who-codexalimentarius/sh-proxy/pl/?lnk=1&url=https%253A%252F%252Fworkspace.fao.org%252Fsites%252Fcodex%252FStandards%252FCXS%2B1-1985%252FCXS_001e.pdf|https://www.who.int/publications/i/item/B09028,Codex CXS 1-1985 — allergen declaration|WHO/FAO — Precautionary allergen labelling (PAL),"Sườn heo is not itself the mollusc allergen category based on the catalog food identity. This does NOT establish absence of unintended allergen presence or cross-contact, so app status remains unknown.",do_not_treat_as_safe; require supplier/SKU evidence for allergy filtering
suon_heo,Sườn heo,sesame,unknown,not_intrinsic_but_cross_contact_unverified,no intrinsic presence identified for the generic food identity,unverified; supplier/facility/product-specific cross-contact can differ,high_for_intrinsic_identity__not_a_cross_contact_clearance,https://www.fao.org/fao-who-codexalimentarius/sh-proxy/pl/?lnk=1&url=https%253A%252F%252Fworkspace.fao.org%252Fsites%252Fcodex%252FStandards%252FCXS%2B1-1985%252FCXS_001e.pdf|https://www.who.int/publications/i/item/B09028,Codex CXS 1-1985 — allergen declaration|WHO/FAO — Precautionary allergen labelling (PAL),"Sườn heo is not itself the sesame allergen category based on the catalog food identity. This does NOT establish absence of unintended allergen presence or cross-contact, so app status remains unknown.",do_not_treat_as_safe; require supplier/SKU evidence for allergy filtering
thit_bo_bap,Thịt bò bắp,peanut,unknown,not_intrinsic_but_cross_contact_unverified,no intrinsic presence identified for the generic food identity,unverified; supplier/facility/product-specific cross-contact can differ,high_for_intrinsic_identity__not_a_cross_contact_clearance,https://www.fao.org/fao-who-codexalimentarius/sh-proxy/pl/?lnk=1&url=https%253A%252F%252Fworkspace.fao.org%252Fsites%252Fcodex%252FStandards%252FCXS%2B1-1985%252FCXS_001e.pdf|https://www.who.int/publications/i/item/B09028,Codex CXS 1-1985 — allergen declaration|WHO/FAO — Precautionary allergen labelling (PAL),"Thịt bò bắp is not itself the peanut allergen category based on the catalog food identity. This does NOT establish absence of unintended allergen presence or cross-contact, so app status remains unknown.",do_not_treat_as_safe; require supplier/SKU evidence for allergy filtering
thit_bo_bap,Thịt bò bắp,tree_nut,unknown,not_intrinsic_but_cross_contact_unverified,no intrinsic presence identified for the generic food identity,unverified; supplier/facility/product-specific cross-contact can differ,high_for_intrinsic_identity__not_a_cross_contact_clearance,https://www.fao.org/fao-who-codexalimentarius/sh-proxy/pl/?lnk=1&url=https%253A%252F%252Fworkspace.fao.org%252Fsites%252Fcodex%252FStandards%252FCXS%2B1-1985%252FCXS_001e.pdf|https://www.who.int/publications/i/item/B09028,Codex CXS 1-1985 — allergen declaration|WHO/FAO — Precautionary allergen labelling (PAL),"Thịt bò bắp is not itself the tree_nut allergen category based on the catalog food identity. This does NOT establish absence of unintended allergen presence or cross-contact, so app status remains unknown.",do_not_treat_as_safe; require supplier/SKU evidence for allergy filtering
thit_bo_bap,Thịt bò bắp,dairy,unknown,not_intrinsic_but_cross_contact_unverified,no intrinsic presence identified for the generic food identity,unverified; supplier/facility/product-specific cross-contact can differ,high_for_intrinsic_identity__not_a_cross_contact_clearance,https://www.fao.org/fao-who-codexalimentarius/sh-proxy/pl/?lnk=1&url=https%253A%252F%252Fworkspace.fao.org%252Fsites%252Fcodex%252FStandards%252FCXS%2B1-1985%252FCXS_001e.pdf|https://www.who.int/publications/i/item/B09028,Codex CXS 1-1985 — allergen declaration|WHO/FAO — Precautionary allergen labelling (PAL),"Thịt bò bắp is not itself the dairy allergen category based on the catalog food identity. This does NOT establish absence of unintended allergen presence or cross-contact, so app status remains unknown.",do_not_treat_as_safe; require supplier/SKU evidence for allergy filtering
thit_bo_bap,Thịt bò bắp,egg,unknown,not_intrinsic_but_cross_contact_unverified,no intrinsic presence identified for the generic food identity,unverified; supplier/facility/product-specific cross-contact can differ,high_for_intrinsic_identity__not_a_cross_contact_clearance,https://www.fao.org/fao-who-codexalimentarius/sh-proxy/pl/?lnk=1&url=https%253A%252F%252Fworkspace.fao.org%252Fsites%252Fcodex%252FStandards%252FCXS%2B1-1985%252FCXS_001e.pdf|https://www.who.int/publications/i/item/B09028,Codex CXS 1-1985 — allergen declaration|WHO/FAO — Precautionary allergen labelling (PAL),"Thịt bò bắp is not itself the egg allergen category based on the catalog food identity. This does NOT establish absence of unintended allergen presence or cross-contact, so app status remains unknown.",do_not_treat_as_safe; require supplier/SKU evidence for allergy filtering
thit_bo_bap,Thịt bò bắp,soy,unknown,not_intrinsic_but_cross_contact_unverified,no intrinsic presence identified for the generic food identity,unverified; supplier/facility/product-specific cross-contact can differ,high_for_intrinsic_identity__not_a_cross_contact_clearance,https://www.fao.org/fao-who-codexalimentarius/sh-proxy/pl/?lnk=1&url=https%253A%252F%252Fworkspace.fao.org%252Fsites%252Fcodex%252FStandards%252FCXS%2B1-1985%252FCXS_001e.pdf|https://www.who.int/publications/i/item/B09028,Codex CXS 1-1985 — allergen declaration|WHO/FAO — Precautionary allergen labelling (PAL),"Thịt bò bắp is not itself the soy allergen category based on the catalog food identity. This does NOT establish absence of unintended allergen presence or cross-contact, so app status remains unknown.",do_not_treat_as_safe; require supplier/SKU evidence for allergy filtering
thit_bo_bap,Thịt bò bắp,wheat,unknown,not_intrinsic_but_cross_contact_unverified,no intrinsic presence identified for the generic food identity,unverified; supplier/facility/product-specific cross-contact can differ,high_for_intrinsic_identity__not_a_cross_contact_clearance,https://www.fao.org/fao-who-codexalimentarius/sh-proxy/pl/?lnk=1&url=https%253A%252F%252Fworkspace.fao.org%252Fsites%252Fcodex%252FStandards%252FCXS%2B1-1985%252FCXS_001e.pdf|https://www.who.int/publications/i/item/B09028,Codex CXS 1-1985 — allergen declaration|WHO/FAO — Precautionary allergen labelling (PAL),"Thịt bò bắp is not itself the wheat allergen category based on the catalog food identity. This does NOT establish absence of unintended allergen presence or cross-contact, so app status remains unknown.",do_not_treat_as_safe; require supplier/SKU evidence for allergy filtering
thit_bo_bap,Thịt bò bắp,fish,unknown,not_intrinsic_but_cross_contact_unverified,no intrinsic presence identified for the generic food identity,unverified; supplier/facility/product-specific cross-contact can differ,high_for_intrinsic_identity__not_a_cross_contact_clearance,https://www.fao.org/fao-who-codexalimentarius/sh-proxy/pl/?lnk=1&url=https%253A%252F%252Fworkspace.fao.org%252Fsites%252Fcodex%252FStandards%252FCXS%2B1-1985%252FCXS_001e.pdf|https://www.who.int/publications/i/item/B09028,Codex CXS 1-1985 — allergen declaration|WHO/FAO — Precautionary allergen labelling (PAL),"Thịt bò bắp is not itself the fish allergen category based on the catalog food identity. This does NOT establish absence of unintended allergen presence or cross-contact, so app status remains unknown.",do_not_treat_as_safe; require supplier/SKU evidence for allergy filtering
thit_bo_bap,Thịt bò bắp,crustacean,unknown,not_intrinsic_but_cross_contact_unverified,no intrinsic presence identified for the generic food identity,unverified; supplier/facility/product-specific cross-contact can differ,high_for_intrinsic_identity__not_a_cross_contact_clearance,https://www.fao.org/fao-who-codexalimentarius/sh-proxy/pl/?lnk=1&url=https%253A%252F%252Fworkspace.fao.org%252Fsites%252Fcodex%252FStandards%252FCXS%2B1-1985%252FCXS_001e.pdf|https://www.who.int/publications/i/item/B09028,Codex CXS 1-1985 — allergen declaration|WHO/FAO — Precautionary allergen labelling (PAL),"Thịt bò bắp is not itself the crustacean allergen category based on the catalog food identity. This does NOT establish absence of unintended allergen presence or cross-contact, so app status remains unknown.",do_not_treat_as_safe; require supplier/SKU evidence for allergy filtering
thit_bo_bap,Thịt bò bắp,mollusc,unknown,not_intrinsic_but_cross_contact_unverified,no intrinsic presence identified for the generic food identity,unverified; supplier/facility/product-specific cross-contact can differ,high_for_intrinsic_identity__not_a_cross_contact_clearance,https://www.fao.org/fao-who-codexalimentarius/sh-proxy/pl/?lnk=1&url=https%253A%252F%252Fworkspace.fao.org%252Fsites%252Fcodex%252FStandards%252FCXS%2B1-1985%252FCXS_001e.pdf|https://www.who.int/publications/i/item/B09028,Codex CXS 1-1985 — allergen declaration|WHO/FAO — Precautionary allergen labelling (PAL),"Thịt bò bắp is not itself the mollusc allergen category based on the catalog food identity. This does NOT establish absence of unintended allergen presence or cross-contact, so app status remains unknown.",do_not_treat_as_safe; require supplier/SKU evidence for allergy filtering
thit_bo_bap,Thịt bò bắp,sesame,unknown,not_intrinsic_but_cross_contact_unverified,no intrinsic presence identified for the generic food identity,unverified; supplier/facility/product-specific cross-contact can differ,high_for_intrinsic_identity__not_a_cross_contact_clearance,https://www.fao.org/fao-who-codexalimentarius/sh-proxy/pl/?lnk=1&url=https%253A%252F%252Fworkspace.fao.org%252Fsites%252Fcodex%252FStandards%252FCXS%2B1-1985%252FCXS_001e.pdf|https://www.who.int/publications/i/item/B09028,Codex CXS 1-1985 — allergen declaration|WHO/FAO — Precautionary allergen labelling (PAL),"Thịt bò bắp is not itself the sesame allergen category based on the catalog food identity. This does NOT establish absence of unintended allergen presence or cross-contact, so app status remains unknown.",do_not_treat_as_safe; require supplier/SKU evidence for allergy filtering
thit_bo_xay,Thịt bò xay,peanut,unknown,not_intrinsic_but_cross_contact_unverified,no intrinsic presence identified for the generic food identity,unverified; supplier/facility/product-specific cross-contact can differ,high_for_intrinsic_identity__not_a_cross_contact_clearance,https://www.fao.org/fao-who-codexalimentarius/sh-proxy/pl/?lnk=1&url=https%253A%252F%252Fworkspace.fao.org%252Fsites%252Fcodex%252FStandards%252FCXS%2B1-1985%252FCXS_001e.pdf|https://www.who.int/publications/i/item/B09028,Codex CXS 1-1985 — allergen declaration|WHO/FAO — Precautionary allergen labelling (PAL),"Thịt bò xay is not itself the peanut allergen category based on the catalog food identity. This does NOT establish absence of unintended allergen presence or cross-contact, so app status remains unknown.",do_not_treat_as_safe; require supplier/SKU evidence for allergy filtering
thit_bo_xay,Thịt bò xay,tree_nut,unknown,not_intrinsic_but_cross_contact_unverified,no intrinsic presence identified for the generic food identity,unverified; supplier/facility/product-specific cross-contact can differ,high_for_intrinsic_identity__not_a_cross_contact_clearance,https://www.fao.org/fao-who-codexalimentarius/sh-proxy/pl/?lnk=1&url=https%253A%252F%252Fworkspace.fao.org%252Fsites%252Fcodex%252FStandards%252FCXS%2B1-1985%252FCXS_001e.pdf|https://www.who.int/publications/i/item/B09028,Codex CXS 1-1985 — allergen declaration|WHO/FAO — Precautionary allergen labelling (PAL),"Thịt bò xay is not itself the tree_nut allergen category based on the catalog food identity. This does NOT establish absence of unintended allergen presence or cross-contact, so app status remains unknown.",do_not_treat_as_safe; require supplier/SKU evidence for allergy filtering
thit_bo_xay,Thịt bò xay,dairy,unknown,not_intrinsic_but_cross_contact_unverified,no intrinsic presence identified for the generic food identity,unverified; supplier/facility/product-specific cross-contact can differ,high_for_intrinsic_identity__not_a_cross_contact_clearance,https://www.fao.org/fao-who-codexalimentarius/sh-proxy/pl/?lnk=1&url=https%253A%252F%252Fworkspace.fao.org%252Fsites%252Fcodex%252FStandards%252FCXS%2B1-1985%252FCXS_001e.pdf|https://www.who.int/publications/i/item/B09028,Codex CXS 1-1985 — allergen declaration|WHO/FAO — Precautionary allergen labelling (PAL),"Thịt bò xay is not itself the dairy allergen category based on the catalog food identity. This does NOT establish absence of unintended allergen presence or cross-contact, so app status remains unknown.",do_not_treat_as_safe; require supplier/SKU evidence for allergy filtering
thit_bo_xay,Thịt bò xay,egg,unknown,not_intrinsic_but_cross_contact_unverified,no intrinsic presence identified for the generic food identity,unverified; supplier/facility/product-specific cross-contact can differ,high_for_intrinsic_identity__not_a_cross_contact_clearance,https://www.fao.org/fao-who-codexalimentarius/sh-proxy/pl/?lnk=1&url=https%253A%252F%252Fworkspace.fao.org%252Fsites%252Fcodex%252FStandards%252FCXS%2B1-1985%252FCXS_001e.pdf|https://www.who.int/publications/i/item/B09028,Codex CXS 1-1985 — allergen declaration|WHO/FAO — Precautionary allergen labelling (PAL),"Thịt bò xay is not itself the egg allergen category based on the catalog food identity. This does NOT establish absence of unintended allergen presence or cross-contact, so app status remains unknown.",do_not_treat_as_safe; require supplier/SKU evidence for allergy filtering
thit_bo_xay,Thịt bò xay,soy,unknown,not_intrinsic_but_cross_contact_unverified,no intrinsic presence identified for the generic food identity,unverified; supplier/facility/product-specific cross-contact can differ,high_for_intrinsic_identity__not_a_cross_contact_clearance,https://www.fao.org/fao-who-codexalimentarius/sh-proxy/pl/?lnk=1&url=https%253A%252F%252Fworkspace.fao.org%252Fsites%252Fcodex%252FStandards%252FCXS%2B1-1985%252FCXS_001e.pdf|https://www.who.int/publications/i/item/B09028,Codex CXS 1-1985 — allergen declaration|WHO/FAO — Precautionary allergen labelling (PAL),"Thịt bò xay is not itself the soy allergen category based on the catalog food identity. This does NOT establish absence of unintended allergen presence or cross-contact, so app status remains unknown.",do_not_treat_as_safe; require supplier/SKU evidence for allergy filtering
thit_bo_xay,Thịt bò xay,wheat,unknown,not_intrinsic_but_cross_contact_unverified,no intrinsic presence identified for the generic food identity,unverified; supplier/facility/product-specific cross-contact can differ,high_for_intrinsic_identity__not_a_cross_contact_clearance,https://www.fao.org/fao-who-codexalimentarius/sh-proxy/pl/?lnk=1&url=https%253A%252F%252Fworkspace.fao.org%252Fsites%252Fcodex%252FStandards%252FCXS%2B1-1985%252FCXS_001e.pdf|https://www.who.int/publications/i/item/B09028,Codex CXS 1-1985 — allergen declaration|WHO/FAO — Precautionary allergen labelling (PAL),"Thịt bò xay is not itself the wheat allergen category based on the catalog food identity. This does NOT establish absence of unintended allergen presence or cross-contact, so app status remains unknown.",do_not_treat_as_safe; require supplier/SKU evidence for allergy filtering
thit_bo_xay,Thịt bò xay,fish,unknown,not_intrinsic_but_cross_contact_unverified,no intrinsic presence identified for the generic food identity,unverified; supplier/facility/product-specific cross-contact can differ,high_for_intrinsic_identity__not_a_cross_contact_clearance,https://www.fao.org/fao-who-codexalimentarius/sh-proxy/pl/?lnk=1&url=https%253A%252F%252Fworkspace.fao.org%252Fsites%252Fcodex%252FStandards%252FCXS%2B1-1985%252FCXS_001e.pdf|https://www.who.int/publications/i/item/B09028,Codex CXS 1-1985 — allergen declaration|WHO/FAO — Precautionary allergen labelling (PAL),"Thịt bò xay is not itself the fish allergen category based on the catalog food identity. This does NOT establish absence of unintended allergen presence or cross-contact, so app status remains unknown.",do_not_treat_as_safe; require supplier/SKU evidence for allergy filtering
thit_bo_xay,Thịt bò xay,crustacean,unknown,not_intrinsic_but_cross_contact_unverified,no intrinsic presence identified for the generic food identity,unverified; supplier/facility/product-specific cross-contact can differ,high_for_intrinsic_identity__not_a_cross_contact_clearance,https://www.fao.org/fao-who-codexalimentarius/sh-proxy/pl/?lnk=1&url=https%253A%252F%252Fworkspace.fao.org%252Fsites%252Fcodex%252FStandards%252FCXS%2B1-1985%252FCXS_001e.pdf|https://www.who.int/publications/i/item/B09028,Codex CXS 1-1985 — allergen declaration|WHO/FAO — Precautionary allergen labelling (PAL),"Thịt bò xay is not itself the crustacean allergen category based on the catalog food identity. This does NOT establish absence of unintended allergen presence or cross-contact, so app status remains unknown.",do_not_treat_as_safe; require supplier/SKU evidence for allergy filtering
thit_bo_xay,Thịt bò xay,mollusc,unknown,not_intrinsic_but_cross_contact_unverified,no intrinsic presence identified for the generic food identity,unverified; supplier/facility/product-specific cross-contact can differ,high_for_intrinsic_identity__not_a_cross_contact_clearance,https://www.fao.org/fao-who-codexalimentarius/sh-proxy/pl/?lnk=1&url=https%253A%252F%252Fworkspace.fao.org%252Fsites%252Fcodex%252FStandards%252FCXS%2B1-1985%252FCXS_001e.pdf|https://www.who.int/publications/i/item/B09028,Codex CXS 1-1985 — allergen declaration|WHO/FAO — Precautionary allergen labelling (PAL),"Thịt bò xay is not itself the mollusc allergen category based on the catalog food identity. This does NOT establish absence of unintended allergen presence or cross-contact, so app status remains unknown.",do_not_treat_as_safe; require supplier/SKU evidence for allergy filtering
thit_bo_xay,Thịt bò xay,sesame,unknown,not_intrinsic_but_cross_contact_unverified,no intrinsic presence identified for the generic food identity,unverified; supplier/facility/product-specific cross-contact can differ,high_for_intrinsic_identity__not_a_cross_contact_clearance,https://www.fao.org/fao-who-codexalimentarius/sh-proxy/pl/?lnk=1&url=https%253A%252F%252Fworkspace.fao.org%252Fsites%252Fcodex%252FStandards%252FCXS%2B1-1985%252FCXS_001e.pdf|https://www.who.int/publications/i/item/B09028,Codex CXS 1-1985 — allergen declaration|WHO/FAO — Precautionary allergen labelling (PAL),"Thịt bò xay is not itself the sesame allergen category based on the catalog food identity. This does NOT establish absence of unintended allergen presence or cross-contact, so app status remains unknown.",do_not_treat_as_safe; require supplier/SKU evidence for allergy filtering
ca_loc,Cá lóc,peanut,unknown,not_intrinsic_but_cross_contact_unverified,no intrinsic presence identified for the generic food identity,unverified; supplier/facility/product-specific cross-contact can differ,high_for_intrinsic_identity__not_a_cross_contact_clearance,https://www.fao.org/fao-who-codexalimentarius/sh-proxy/pl/?lnk=1&url=https%253A%252F%252Fworkspace.fao.org%252Fsites%252Fcodex%252FStandards%252FCXS%2B1-1985%252FCXS_001e.pdf|https://www.who.int/publications/i/item/B09028,Codex CXS 1-1985 — allergen declaration|WHO/FAO — Precautionary allergen labelling (PAL),"Cá lóc is not itself the peanut allergen category based on the catalog food identity. This does NOT establish absence of unintended allergen presence or cross-contact, so app status remains unknown.",do_not_treat_as_safe; require supplier/SKU evidence for allergy filtering
ca_loc,Cá lóc,tree_nut,unknown,not_intrinsic_but_cross_contact_unverified,no intrinsic presence identified for the generic food identity,unverified; supplier/facility/product-specific cross-contact can differ,high_for_intrinsic_identity__not_a_cross_contact_clearance,https://www.fao.org/fao-who-codexalimentarius/sh-proxy/pl/?lnk=1&url=https%253A%252F%252Fworkspace.fao.org%252Fsites%252Fcodex%252FStandards%252FCXS%2B1-1985%252FCXS_001e.pdf|https://www.who.int/publications/i/item/B09028,Codex CXS 1-1985 — allergen declaration|WHO/FAO — Precautionary allergen labelling (PAL),"Cá lóc is not itself the tree_nut allergen category based on the catalog food identity. This does NOT establish absence of unintended allergen presence or cross-contact, so app status remains unknown.",do_not_treat_as_safe; require supplier/SKU evidence for allergy filtering
ca_loc,Cá lóc,dairy,unknown,not_intrinsic_but_cross_contact_unverified,no intrinsic presence identified for the generic food identity,unverified; supplier/facility/product-specific cross-contact can differ,high_for_intrinsic_identity__not_a_cross_contact_clearance,https://www.fao.org/fao-who-codexalimentarius/sh-proxy/pl/?lnk=1&url=https%253A%252F%252Fworkspace.fao.org%252Fsites%252Fcodex%252FStandards%252FCXS%2B1-1985%252FCXS_001e.pdf|https://www.who.int/publications/i/item/B09028,Codex CXS 1-1985 — allergen declaration|WHO/FAO — Precautionary allergen labelling (PAL),"Cá lóc is not itself the dairy allergen category based on the catalog food identity. This does NOT establish absence of unintended allergen presence or cross-contact, so app status remains unknown.",do_not_treat_as_safe; require supplier/SKU evidence for allergy filtering
ca_loc,Cá lóc,egg,unknown,not_intrinsic_but_cross_contact_unverified,no intrinsic presence identified for the generic food identity,unverified; supplier/facility/product-specific cross-contact can differ,high_for_intrinsic_identity__not_a_cross_contact_clearance,https://www.fao.org/fao-who-codexalimentarius/sh-proxy/pl/?lnk=1&url=https%253A%252F%252Fworkspace.fao.org%252Fsites%252Fcodex%252FStandards%252FCXS%2B1-1985%252FCXS_001e.pdf|https://www.who.int/publications/i/item/B09028,Codex CXS 1-1985 — allergen declaration|WHO/FAO — Precautionary allergen labelling (PAL),"Cá lóc is not itself the egg allergen category based on the catalog food identity. This does NOT establish absence of unintended allergen presence or cross-contact, so app status remains unknown.",do_not_treat_as_safe; require supplier/SKU evidence for allergy filtering
ca_loc,Cá lóc,soy,unknown,not_intrinsic_but_cross_contact_unverified,no intrinsic presence identified for the generic food identity,unverified; supplier/facility/product-specific cross-contact can differ,high_for_intrinsic_identity__not_a_cross_contact_clearance,https://www.fao.org/fao-who-codexalimentarius/sh-proxy/pl/?lnk=1&url=https%253A%252F%252Fworkspace.fao.org%252Fsites%252Fcodex%252FStandards%252FCXS%2B1-1985%252FCXS_001e.pdf|https://www.who.int/publications/i/item/B09028,Codex CXS 1-1985 — allergen declaration|WHO/FAO — Precautionary allergen labelling (PAL),"Cá lóc is not itself the soy allergen category based on the catalog food identity. This does NOT establish absence of unintended allergen presence or cross-contact, so app status remains unknown.",do_not_treat_as_safe; require supplier/SKU evidence for allergy filtering
ca_loc,Cá lóc,wheat,unknown,not_intrinsic_but_cross_contact_unverified,no intrinsic presence identified for the generic food identity,unverified; supplier/facility/product-specific cross-contact can differ,high_for_intrinsic_identity__not_a_cross_contact_clearance,https://www.fao.org/fao-who-codexalimentarius/sh-proxy/pl/?lnk=1&url=https%253A%252F%252Fworkspace.fao.org%252Fsites%252Fcodex%252FStandards%252FCXS%2B1-1985%252FCXS_001e.pdf|https://www.who.int/publications/i/item/B09028,Codex CXS 1-1985 — allergen declaration|WHO/FAO — Precautionary allergen labelling (PAL),"Cá lóc is not itself the wheat allergen category based on the catalog food identity. This does NOT establish absence of unintended allergen presence or cross-contact, so app status remains unknown.",do_not_treat_as_safe; require supplier/SKU evidence for allergy filtering
ca_loc,Cá lóc,fish,contains,confirmed_contains,confirmed allergen is inherent/intentional for this food identity,not needed to establish contains; cross-contact with other allergens remains separate,high,https://www.fda.gov/food/buy-store-serve-safe-food/food-allergies-what-you-need-know,FDA — Food Allergies: What You Need to Know,Cá lóc intrinsically/intentionally contains the fish allergen category; existing app status contains is retained.,exclude
ca_loc,Cá lóc,crustacean,unknown,not_intrinsic_but_cross_contact_unverified,no intrinsic presence identified for the generic food identity,unverified; supplier/facility/product-specific cross-contact can differ,high_for_intrinsic_identity__not_a_cross_contact_clearance,https://www.fao.org/fao-who-codexalimentarius/sh-proxy/pl/?lnk=1&url=https%253A%252F%252Fworkspace.fao.org%252Fsites%252Fcodex%252FStandards%252FCXS%2B1-1985%252FCXS_001e.pdf|https://www.who.int/publications/i/item/B09028,Codex CXS 1-1985 — allergen declaration|WHO/FAO — Precautionary allergen labelling (PAL),"Cá lóc is not itself the crustacean allergen category based on the catalog food identity. This does NOT establish absence of unintended allergen presence or cross-contact, so app status remains unknown.",do_not_treat_as_safe; require supplier/SKU evidence for allergy filtering
ca_loc,Cá lóc,mollusc,unknown,not_intrinsic_but_cross_contact_unverified,no intrinsic presence identified for the generic food identity,unverified; supplier/facility/product-specific cross-contact can differ,high_for_intrinsic_identity__not_a_cross_contact_clearance,https://www.fao.org/fao-who-codexalimentarius/sh-proxy/pl/?lnk=1&url=https%253A%252F%252Fworkspace.fao.org%252Fsites%252Fcodex%252FStandards%252FCXS%2B1-1985%252FCXS_001e.pdf|https://www.who.int/publications/i/item/B09028,Codex CXS 1-1985 — allergen declaration|WHO/FAO — Precautionary allergen labelling (PAL),"Cá lóc is not itself the mollusc allergen category based on the catalog food identity. This does NOT establish absence of unintended allergen presence or cross-contact, so app status remains unknown.",do_not_treat_as_safe; require supplier/SKU evidence for allergy filtering
ca_loc,Cá lóc,sesame,unknown,not_intrinsic_but_cross_contact_unverified,no intrinsic presence identified for the generic food identity,unverified; supplier/facility/product-specific cross-contact can differ,high_for_intrinsic_identity__not_a_cross_contact_clearance,https://www.fao.org/fao-who-codexalimentarius/sh-proxy/pl/?lnk=1&url=https%253A%252F%252Fworkspace.fao.org%252Fsites%252Fcodex%252FStandards%252FCXS%2B1-1985%252FCXS_001e.pdf|https://www.who.int/publications/i/item/B09028,Codex CXS 1-1985 — allergen declaration|WHO/FAO — Precautionary allergen labelling (PAL),"Cá lóc is not itself the sesame allergen category based on the catalog food identity. This does NOT establish absence of unintended allergen presence or cross-contact, so app status remains unknown.",do_not_treat_as_safe; require supplier/SKU evidence for allergy filtering
ca_basa,Cá basa,peanut,unknown,not_intrinsic_but_cross_contact_unverified,no intrinsic presence identified for the generic food identity,unverified; supplier/facility/product-specific cross-contact can differ,high_for_intrinsic_identity__not_a_cross_contact_clearance,https://www.fao.org/fao-who-codexalimentarius/sh-proxy/pl/?lnk=1&url=https%253A%252F%252Fworkspace.fao.org%252Fsites%252Fcodex%252FStandards%252FCXS%2B1-1985%252FCXS_001e.pdf|https://www.who.int/publications/i/item/B09028,Codex CXS 1-1985 — allergen declaration|WHO/FAO — Precautionary allergen labelling (PAL),"Cá basa is not itself the peanut allergen category based on the catalog food identity. This does NOT establish absence of unintended allergen presence or cross-contact, so app status remains unknown.",do_not_treat_as_safe; require supplier/SKU evidence for allergy filtering
ca_basa,Cá basa,tree_nut,unknown,not_intrinsic_but_cross_contact_unverified,no intrinsic presence identified for the generic food identity,unverified; supplier/facility/product-specific cross-contact can differ,high_for_intrinsic_identity__not_a_cross_contact_clearance,https://www.fao.org/fao-who-codexalimentarius/sh-proxy/pl/?lnk=1&url=https%253A%252F%252Fworkspace.fao.org%252Fsites%252Fcodex%252FStandards%252FCXS%2B1-1985%252FCXS_001e.pdf|https://www.who.int/publications/i/item/B09028,Codex CXS 1-1985 — allergen declaration|WHO/FAO — Precautionary allergen labelling (PAL),"Cá basa is not itself the tree_nut allergen category based on the catalog food identity. This does NOT establish absence of unintended allergen presence or cross-contact, so app status remains unknown.",do_not_treat_as_safe; require supplier/SKU evidence for allergy filtering
ca_basa,Cá basa,dairy,unknown,not_intrinsic_but_cross_contact_unverified,no intrinsic presence identified for the generic food identity,unverified; supplier/facility/product-specific cross-contact can differ,high_for_intrinsic_identity__not_a_cross_contact_clearance,https://www.fao.org/fao-who-codexalimentarius/sh-proxy/pl/?lnk=1&url=https%253A%252F%252Fworkspace.fao.org%252Fsites%252Fcodex%252FStandards%252FCXS%2B1-1985%252FCXS_001e.pdf|https://www.who.int/publications/i/item/B09028,Codex CXS 1-1985 — allergen declaration|WHO/FAO — Precautionary allergen labelling (PAL),"Cá basa is not itself the dairy allergen category based on the catalog food identity. This does NOT establish absence of unintended allergen presence or cross-contact, so app status remains unknown.",do_not_treat_as_safe; require supplier/SKU evidence for allergy filtering
ca_basa,Cá basa,egg,unknown,not_intrinsic_but_cross_contact_unverified,no intrinsic presence identified for the generic food identity,unverified; supplier/facility/product-specific cross-contact can differ,high_for_intrinsic_identity__not_a_cross_contact_clearance,https://www.fao.org/fao-who-codexalimentarius/sh-proxy/pl/?lnk=1&url=https%253A%252F%252Fworkspace.fao.org%252Fsites%252Fcodex%252FStandards%252FCXS%2B1-1985%252FCXS_001e.pdf|https://www.who.int/publications/i/item/B09028,Codex CXS 1-1985 — allergen declaration|WHO/FAO — Precautionary allergen labelling (PAL),"Cá basa is not itself the egg allergen category based on the catalog food identity. This does NOT establish absence of unintended allergen presence or cross-contact, so app status remains unknown.",do_not_treat_as_safe; require supplier/SKU evidence for allergy filtering
ca_basa,Cá basa,soy,unknown,not_intrinsic_but_cross_contact_unverified,no intrinsic presence identified for the generic food identity,unverified; supplier/facility/product-specific cross-contact can differ,high_for_intrinsic_identity__not_a_cross_contact_clearance,https://www.fao.org/fao-who-codexalimentarius/sh-proxy/pl/?lnk=1&url=https%253A%252F%252Fworkspace.fao.org%252Fsites%252Fcodex%252FStandards%252FCXS%2B1-1985%252FCXS_001e.pdf|https://www.who.int/publications/i/item/B09028,Codex CXS 1-1985 — allergen declaration|WHO/FAO — Precautionary allergen labelling (PAL),"Cá basa is not itself the soy allergen category based on the catalog food identity. This does NOT establish absence of unintended allergen presence or cross-contact, so app status remains unknown.",do_not_treat_as_safe; require supplier/SKU evidence for allergy filtering
ca_basa,Cá basa,wheat,unknown,not_intrinsic_but_cross_contact_unverified,no intrinsic presence identified for the generic food identity,unverified; supplier/facility/product-specific cross-contact can differ,high_for_intrinsic_identity__not_a_cross_contact_clearance,https://www.fao.org/fao-who-codexalimentarius/sh-proxy/pl/?lnk=1&url=https%253A%252F%252Fworkspace.fao.org%252Fsites%252Fcodex%252FStandards%252FCXS%2B1-1985%252FCXS_001e.pdf|https://www.who.int/publications/i/item/B09028,Codex CXS 1-1985 — allergen declaration|WHO/FAO — Precautionary allergen labelling (PAL),"Cá basa is not itself the wheat allergen category based on the catalog food identity. This does NOT establish absence of unintended allergen presence or cross-contact, so app status remains unknown.",do_not_treat_as_safe; require supplier/SKU evidence for allergy filtering
ca_basa,Cá basa,fish,contains,confirmed_contains,confirmed allergen is inherent/intentional for this food identity,not needed to establish contains; cross-contact with other allergens remains separate,high,https://www.fda.gov/food/buy-store-serve-safe-food/food-allergies-what-you-need-know,FDA — Food Allergies: What You Need to Know,Cá basa intrinsically/intentionally contains the fish allergen category; existing app status contains is retained.,exclude
ca_basa,Cá basa,crustacean,unknown,not_intrinsic_but_cross_contact_unverified,no intrinsic presence identified for the generic food identity,unverified; supplier/facility/product-specific cross-contact can differ,high_for_intrinsic_identity__not_a_cross_contact_clearance,https://www.fao.org/fao-who-codexalimentarius/sh-proxy/pl/?lnk=1&url=https%253A%252F%252Fworkspace.fao.org%252Fsites%252Fcodex%252FStandards%252FCXS%2B1-1985%252FCXS_001e.pdf|https://www.who.int/publications/i/item/B09028,Codex CXS 1-1985 — allergen declaration|WHO/FAO — Precautionary allergen labelling (PAL),"Cá basa is not itself the crustacean allergen category based on the catalog food identity. This does NOT establish absence of unintended allergen presence or cross-contact, so app status remains unknown.",do_not_treat_as_safe; require supplier/SKU evidence for allergy filtering
ca_basa,Cá basa,mollusc,unknown,not_intrinsic_but_cross_contact_unverified,no intrinsic presence identified for the generic food identity,unverified; supplier/facility/product-specific cross-contact can differ,high_for_intrinsic_identity__not_a_cross_contact_clearance,https://www.fao.org/fao-who-codexalimentarius/sh-proxy/pl/?lnk=1&url=https%253A%252F%252Fworkspace.fao.org%252Fsites%252Fcodex%252FStandards%252FCXS%2B1-1985%252FCXS_001e.pdf|https://www.who.int/publications/i/item/B09028,Codex CXS 1-1985 — allergen declaration|WHO/FAO — Precautionary allergen labelling (PAL),"Cá basa is not itself the mollusc allergen category based on the catalog food identity. This does NOT establish absence of unintended allergen presence or cross-contact, so app status remains unknown.",do_not_treat_as_safe; require supplier/SKU evidence for allergy filtering
ca_basa,Cá basa,sesame,unknown,not_intrinsic_but_cross_contact_unverified,no intrinsic presence identified for the generic food identity,unverified; supplier/facility/product-specific cross-contact can differ,high_for_intrinsic_identity__not_a_cross_contact_clearance,https://www.fao.org/fao-who-codexalimentarius/sh-proxy/pl/?lnk=1&url=https%253A%252F%252Fworkspace.fao.org%252Fsites%252Fcodex%252FStandards%252FCXS%2B1-1985%252FCXS_001e.pdf|https://www.who.int/publications/i/item/B09028,Codex CXS 1-1985 — allergen declaration|WHO/FAO — Precautionary allergen labelling (PAL),"Cá basa is not itself the sesame allergen category based on the catalog food identity. This does NOT establish absence of unintended allergen presence or cross-contact, so app status remains unknown.",do_not_treat_as_safe; require supplier/SKU evidence for allergy filtering
ca_nuc,Cá nục,peanut,unknown,not_intrinsic_but_cross_contact_unverified,no intrinsic presence identified for the generic food identity,unverified; supplier/facility/product-specific cross-contact can differ,high_for_intrinsic_identity__not_a_cross_contact_clearance,https://www.fao.org/fao-who-codexalimentarius/sh-proxy/pl/?lnk=1&url=https%253A%252F%252Fworkspace.fao.org%252Fsites%252Fcodex%252FStandards%252FCXS%2B1-1985%252FCXS_001e.pdf|https://www.who.int/publications/i/item/B09028,Codex CXS 1-1985 — allergen declaration|WHO/FAO — Precautionary allergen labelling (PAL),"Cá nục is not itself the peanut allergen category based on the catalog food identity. This does NOT establish absence of unintended allergen presence or cross-contact, so app status remains unknown.",do_not_treat_as_safe; require supplier/SKU evidence for allergy filtering
ca_nuc,Cá nục,tree_nut,unknown,not_intrinsic_but_cross_contact_unverified,no intrinsic presence identified for the generic food identity,unverified; supplier/facility/product-specific cross-contact can differ,high_for_intrinsic_identity__not_a_cross_contact_clearance,https://www.fao.org/fao-who-codexalimentarius/sh-proxy/pl/?lnk=1&url=https%253A%252F%252Fworkspace.fao.org%252Fsites%252Fcodex%252FStandards%252FCXS%2B1-1985%252FCXS_001e.pdf|https://www.who.int/publications/i/item/B09028,Codex CXS 1-1985 — allergen declaration|WHO/FAO — Precautionary allergen labelling (PAL),"Cá nục is not itself the tree_nut allergen category based on the catalog food identity. This does NOT establish absence of unintended allergen presence or cross-contact, so app status remains unknown.",do_not_treat_as_safe; require supplier/SKU evidence for allergy filtering
ca_nuc,Cá nục,dairy,unknown,not_intrinsic_but_cross_contact_unverified,no intrinsic presence identified for the generic food identity,unverified; supplier/facility/product-specific cross-contact can differ,high_for_intrinsic_identity__not_a_cross_contact_clearance,https://www.fao.org/fao-who-codexalimentarius/sh-proxy/pl/?lnk=1&url=https%253A%252F%252Fworkspace.fao.org%252Fsites%252Fcodex%252FStandards%252FCXS%2B1-1985%252FCXS_001e.pdf|https://www.who.int/publications/i/item/B09028,Codex CXS 1-1985 — allergen declaration|WHO/FAO — Precautionary allergen labelling (PAL),"Cá nục is not itself the dairy allergen category based on the catalog food identity. This does NOT establish absence of unintended allergen presence or cross-contact, so app status remains unknown.",do_not_treat_as_safe; require supplier/SKU evidence for allergy filtering
ca_nuc,Cá nục,egg,unknown,not_intrinsic_but_cross_contact_unverified,no intrinsic presence identified for the generic food identity,unverified; supplier/facility/product-specific cross-contact can differ,high_for_intrinsic_identity__not_a_cross_contact_clearance,https://www.fao.org/fao-who-codexalimentarius/sh-proxy/pl/?lnk=1&url=https%253A%252F%252Fworkspace.fao.org%252Fsites%252Fcodex%252FStandards%252FCXS%2B1-1985%252FCXS_001e.pdf|https://www.who.int/publications/i/item/B09028,Codex CXS 1-1985 — allergen declaration|WHO/FAO — Precautionary allergen labelling (PAL),"Cá nục is not itself the egg allergen category based on the catalog food identity. This does NOT establish absence of unintended allergen presence or cross-contact, so app status remains unknown.",do_not_treat_as_safe; require supplier/SKU evidence for allergy filtering
ca_nuc,Cá nục,soy,unknown,not_intrinsic_but_cross_contact_unverified,no intrinsic presence identified for the generic food identity,unverified; supplier/facility/product-specific cross-contact can differ,high_for_intrinsic_identity__not_a_cross_contact_clearance,https://www.fao.org/fao-who-codexalimentarius/sh-proxy/pl/?lnk=1&url=https%253A%252F%252Fworkspace.fao.org%252Fsites%252Fcodex%252FStandards%252FCXS%2B1-1985%252FCXS_001e.pdf|https://www.who.int/publications/i/item/B09028,Codex CXS 1-1985 — allergen declaration|WHO/FAO — Precautionary allergen labelling (PAL),"Cá nục is not itself the soy allergen category based on the catalog food identity. This does NOT establish absence of unintended allergen presence or cross-contact, so app status remains unknown.",do_not_treat_as_safe; require supplier/SKU evidence for allergy filtering
ca_nuc,Cá nục,wheat,unknown,not_intrinsic_but_cross_contact_unverified,no intrinsic presence identified for the generic food identity,unverified; supplier/facility/product-specific cross-contact can differ,high_for_intrinsic_identity__not_a_cross_contact_clearance,https://www.fao.org/fao-who-codexalimentarius/sh-proxy/pl/?lnk=1&url=https%253A%252F%252Fworkspace.fao.org%252Fsites%252Fcodex%252FStandards%252FCXS%2B1-1985%252FCXS_001e.pdf|https://www.who.int/publications/i/item/B09028,Codex CXS 1-1985 — allergen declaration|WHO/FAO — Precautionary allergen labelling (PAL),"Cá nục is not itself the wheat allergen category based on the catalog food identity. This does NOT establish absence of unintended allergen presence or cross-contact, so app status remains unknown.",do_not_treat_as_safe; require supplier/SKU evidence for allergy filtering
ca_nuc,Cá nục,fish,contains,confirmed_contains,confirmed allergen is inherent/intentional for this food identity,not needed to establish contains; cross-contact with other allergens remains separate,high,https://www.fda.gov/food/buy-store-serve-safe-food/food-allergies-what-you-need-know,FDA — Food Allergies: What You Need to Know,Cá nục intrinsically/intentionally contains the fish allergen category; existing app status contains is retained.,exclude
ca_nuc,Cá nục,crustacean,unknown,not_intrinsic_but_cross_contact_unverified,no intrinsic presence identified for the generic food identity,unverified; supplier/facility/product-specific cross-contact can differ,high_for_intrinsic_identity__not_a_cross_contact_clearance,https://www.fao.org/fao-who-codexalimentarius/sh-proxy/pl/?lnk=1&url=https%253A%252F%252Fworkspace.fao.org%252Fsites%252Fcodex%252FStandards%252FCXS%2B1-1985%252FCXS_001e.pdf|https://www.who.int/publications/i/item/B09028,Codex CXS 1-1985 — allergen declaration|WHO/FAO — Precautionary allergen labelling (PAL),"Cá nục is not itself the crustacean allergen category based on the catalog food identity. This does NOT establish absence of unintended allergen presence or cross-contact, so app status remains unknown.",do_not_treat_as_safe; require supplier/SKU evidence for allergy filtering
ca_nuc,Cá nục,mollusc,unknown,not_intrinsic_but_cross_contact_unverified,no intrinsic presence identified for the generic food identity,unverified; supplier/facility/product-specific cross-contact can differ,high_for_intrinsic_identity__not_a_cross_contact_clearance,https://www.fao.org/fao-who-codexalimentarius/sh-proxy/pl/?lnk=1&url=https%253A%252F%252Fworkspace.fao.org%252Fsites%252Fcodex%252FStandards%252FCXS%2B1-1985%252FCXS_001e.pdf|https://www.who.int/publications/i/item/B09028,Codex CXS 1-1985 — allergen declaration|WHO/FAO — Precautionary allergen labelling (PAL),"Cá nục is not itself the mollusc allergen category based on the catalog food identity. This does NOT establish absence of unintended allergen presence or cross-contact, so app status remains unknown.",do_not_treat_as_safe; require supplier/SKU evidence for allergy filtering
ca_nuc,Cá nục,sesame,unknown,not_intrinsic_but_cross_contact_unverified,no intrinsic presence identified for the generic food identity,unverified; supplier/facility/product-specific cross-contact can differ,high_for_intrinsic_identity__not_a_cross_contact_clearance,https://www.fao.org/fao-who-codexalimentarius/sh-proxy/pl/?lnk=1&url=https%253A%252F%252Fworkspace.fao.org%252Fsites%252Fcodex%252FStandards%252FCXS%2B1-1985%252FCXS_001e.pdf|https://www.who.int/publications/i/item/B09028,Codex CXS 1-1985 — allergen declaration|WHO/FAO — Precautionary allergen labelling (PAL),"Cá nục is not itself the sesame allergen category based on the catalog food identity. This does NOT establish absence of unintended allergen presence or cross-contact, so app status remains unknown.",do_not_treat_as_safe; require supplier/SKU evidence for allergy filtering
tom_the,Tôm thẻ,peanut,unknown,not_intrinsic_but_cross_contact_unverified,no intrinsic presence identified for the generic food identity,unverified; supplier/facility/product-specific cross-contact can differ,high_for_intrinsic_identity__not_a_cross_contact_clearance,https://www.fao.org/fao-who-codexalimentarius/sh-proxy/pl/?lnk=1&url=https%253A%252F%252Fworkspace.fao.org%252Fsites%252Fcodex%252FStandards%252FCXS%2B1-1985%252FCXS_001e.pdf|https://www.who.int/publications/i/item/B09028,Codex CXS 1-1985 — allergen declaration|WHO/FAO — Precautionary allergen labelling (PAL),"Tôm thẻ is not itself the peanut allergen category based on the catalog food identity. This does NOT establish absence of unintended allergen presence or cross-contact, so app status remains unknown.",do_not_treat_as_safe; require supplier/SKU evidence for allergy filtering
tom_the,Tôm thẻ,tree_nut,unknown,not_intrinsic_but_cross_contact_unverified,no intrinsic presence identified for the generic food identity,unverified; supplier/facility/product-specific cross-contact can differ,high_for_intrinsic_identity__not_a_cross_contact_clearance,https://www.fao.org/fao-who-codexalimentarius/sh-proxy/pl/?lnk=1&url=https%253A%252F%252Fworkspace.fao.org%252Fsites%252Fcodex%252FStandards%252FCXS%2B1-1985%252FCXS_001e.pdf|https://www.who.int/publications/i/item/B09028,Codex CXS 1-1985 — allergen declaration|WHO/FAO — Precautionary allergen labelling (PAL),"Tôm thẻ is not itself the tree_nut allergen category based on the catalog food identity. This does NOT establish absence of unintended allergen presence or cross-contact, so app status remains unknown.",do_not_treat_as_safe; require supplier/SKU evidence for allergy filtering
tom_the,Tôm thẻ,dairy,unknown,not_intrinsic_but_cross_contact_unverified,no intrinsic presence identified for the generic food identity,unverified; supplier/facility/product-specific cross-contact can differ,high_for_intrinsic_identity__not_a_cross_contact_clearance,https://www.fao.org/fao-who-codexalimentarius/sh-proxy/pl/?lnk=1&url=https%253A%252F%252Fworkspace.fao.org%252Fsites%252Fcodex%252FStandards%252FCXS%2B1-1985%252FCXS_001e.pdf|https://www.who.int/publications/i/item/B09028,Codex CXS 1-1985 — allergen declaration|WHO/FAO — Precautionary allergen labelling (PAL),"Tôm thẻ is not itself the dairy allergen category based on the catalog food identity. This does NOT establish absence of unintended allergen presence or cross-contact, so app status remains unknown.",do_not_treat_as_safe; require supplier/SKU evidence for allergy filtering
tom_the,Tôm thẻ,egg,unknown,not_intrinsic_but_cross_contact_unverified,no intrinsic presence identified for the generic food identity,unverified; supplier/facility/product-specific cross-contact can differ,high_for_intrinsic_identity__not_a_cross_contact_clearance,https://www.fao.org/fao-who-codexalimentarius/sh-proxy/pl/?lnk=1&url=https%253A%252F%252Fworkspace.fao.org%252Fsites%252Fcodex%252FStandards%252FCXS%2B1-1985%252FCXS_001e.pdf|https://www.who.int/publications/i/item/B09028,Codex CXS 1-1985 — allergen declaration|WHO/FAO — Precautionary allergen labelling (PAL),"Tôm thẻ is not itself the egg allergen category based on the catalog food identity. This does NOT establish absence of unintended allergen presence or cross-contact, so app status remains unknown.",do_not_treat_as_safe; require supplier/SKU evidence for allergy filtering
tom_the,Tôm thẻ,soy,unknown,not_intrinsic_but_cross_contact_unverified,no intrinsic presence identified for the generic food identity,unverified; supplier/facility/product-specific cross-contact can differ,high_for_intrinsic_identity__not_a_cross_contact_clearance,https://www.fao.org/fao-who-codexalimentarius/sh-proxy/pl/?lnk=1&url=https%253A%252F%252Fworkspace.fao.org%252Fsites%252Fcodex%252FStandards%252FCXS%2B1-1985%252FCXS_001e.pdf|https://www.who.int/publications/i/item/B09028,Codex CXS 1-1985 — allergen declaration|WHO/FAO — Precautionary allergen labelling (PAL),"Tôm thẻ is not itself the soy allergen category based on the catalog food identity. This does NOT establish absence of unintended allergen presence or cross-contact, so app status remains unknown.",do_not_treat_as_safe; require supplier/SKU evidence for allergy filtering
tom_the,Tôm thẻ,wheat,unknown,not_intrinsic_but_cross_contact_unverified,no intrinsic presence identified for the generic food identity,unverified; supplier/facility/product-specific cross-contact can differ,high_for_intrinsic_identity__not_a_cross_contact_clearance,https://www.fao.org/fao-who-codexalimentarius/sh-proxy/pl/?lnk=1&url=https%253A%252F%252Fworkspace.fao.org%252Fsites%252Fcodex%252FStandards%252FCXS%2B1-1985%252FCXS_001e.pdf|https://www.who.int/publications/i/item/B09028,Codex CXS 1-1985 — allergen declaration|WHO/FAO — Precautionary allergen labelling (PAL),"Tôm thẻ is not itself the wheat allergen category based on the catalog food identity. This does NOT establish absence of unintended allergen presence or cross-contact, so app status remains unknown.",do_not_treat_as_safe; require supplier/SKU evidence for allergy filtering
tom_the,Tôm thẻ,fish,unknown,not_intrinsic_but_cross_contact_unverified,no intrinsic presence identified for the generic food identity,unverified; supplier/facility/product-specific cross-contact can differ,high_for_intrinsic_identity__not_a_cross_contact_clearance,https://www.fao.org/fao-who-codexalimentarius/sh-proxy/pl/?lnk=1&url=https%253A%252F%252Fworkspace.fao.org%252Fsites%252Fcodex%252FStandards%252FCXS%2B1-1985%252FCXS_001e.pdf|https://www.who.int/publications/i/item/B09028,Codex CXS 1-1985 — allergen declaration|WHO/FAO — Precautionary allergen labelling (PAL),"Tôm thẻ is not itself the fish allergen category based on the catalog food identity. This does NOT establish absence of unintended allergen presence or cross-contact, so app status remains unknown.",do_not_treat_as_safe; require supplier/SKU evidence for allergy filtering
tom_the,Tôm thẻ,crustacean,contains,confirmed_contains,confirmed allergen is inherent/intentional for this food identity,not needed to establish contains; cross-contact with other allergens remains separate,high,https://www.fda.gov/food/buy-store-serve-safe-food/food-allergies-what-you-need-know,FDA — Food Allergies: What You Need to Know,Tôm thẻ intrinsically/intentionally contains the crustacean allergen category; existing app status contains is retained.,exclude
tom_the,Tôm thẻ,mollusc,unknown,not_intrinsic_but_cross_contact_unverified,no intrinsic presence identified for the generic food identity,unverified; supplier/facility/product-specific cross-contact can differ,high_for_intrinsic_identity__not_a_cross_contact_clearance,https://www.fao.org/fao-who-codexalimentarius/sh-proxy/pl/?lnk=1&url=https%253A%252F%252Fworkspace.fao.org%252Fsites%252Fcodex%252FStandards%252FCXS%2B1-1985%252FCXS_001e.pdf|https://www.who.int/publications/i/item/B09028,Codex CXS 1-1985 — allergen declaration|WHO/FAO — Precautionary allergen labelling (PAL),"Tôm thẻ is not itself the mollusc allergen category based on the catalog food identity. This does NOT establish absence of unintended allergen presence or cross-contact, so app status remains unknown.",do_not_treat_as_safe; require supplier/SKU evidence for allergy filtering
tom_the,Tôm thẻ,sesame,unknown,not_intrinsic_but_cross_contact_unverified,no intrinsic presence identified for the generic food identity,unverified; supplier/facility/product-specific cross-contact can differ,high_for_intrinsic_identity__not_a_cross_contact_clearance,https://www.fao.org/fao-who-codexalimentarius/sh-proxy/pl/?lnk=1&url=https%253A%252F%252Fworkspace.fao.org%252Fsites%252Fcodex%252FStandards%252FCXS%2B1-1985%252FCXS_001e.pdf|https://www.who.int/publications/i/item/B09028,Codex CXS 1-1985 — allergen declaration|WHO/FAO — Precautionary allergen labelling (PAL),"Tôm thẻ is not itself the sesame allergen category based on the catalog food identity. This does NOT establish absence of unintended allergen presence or cross-contact, so app status remains unknown.",do_not_treat_as_safe; require supplier/SKU evidence for allergy filtering
muc_ong,Mực ống,peanut,unknown,not_intrinsic_but_cross_contact_unverified,no intrinsic presence identified for the generic food identity,unverified; supplier/facility/product-specific cross-contact can differ,high_for_intrinsic_identity__not_a_cross_contact_clearance,https://www.fao.org/fao-who-codexalimentarius/sh-proxy/pl/?lnk=1&url=https%253A%252F%252Fworkspace.fao.org%252Fsites%252Fcodex%252FStandards%252FCXS%2B1-1985%252FCXS_001e.pdf|https://www.who.int/publications/i/item/B09028,Codex CXS 1-1985 — allergen declaration|WHO/FAO — Precautionary allergen labelling (PAL),"Mực ống is not itself the peanut allergen category based on the catalog food identity. This does NOT establish absence of unintended allergen presence or cross-contact, so app status remains unknown.",do_not_treat_as_safe; require supplier/SKU evidence for allergy filtering
muc_ong,Mực ống,tree_nut,unknown,not_intrinsic_but_cross_contact_unverified,no intrinsic presence identified for the generic food identity,unverified; supplier/facility/product-specific cross-contact can differ,high_for_intrinsic_identity__not_a_cross_contact_clearance,https://www.fao.org/fao-who-codexalimentarius/sh-proxy/pl/?lnk=1&url=https%253A%252F%252Fworkspace.fao.org%252Fsites%252Fcodex%252FStandards%252FCXS%2B1-1985%252FCXS_001e.pdf|https://www.who.int/publications/i/item/B09028,Codex CXS 1-1985 — allergen declaration|WHO/FAO — Precautionary allergen labelling (PAL),"Mực ống is not itself the tree_nut allergen category based on the catalog food identity. This does NOT establish absence of unintended allergen presence or cross-contact, so app status remains unknown.",do_not_treat_as_safe; require supplier/SKU evidence for allergy filtering
muc_ong,Mực ống,dairy,unknown,not_intrinsic_but_cross_contact_unverified,no intrinsic presence identified for the generic food identity,unverified; supplier/facility/product-specific cross-contact can differ,high_for_intrinsic_identity__not_a_cross_contact_clearance,https://www.fao.org/fao-who-codexalimentarius/sh-proxy/pl/?lnk=1&url=https%253A%252F%252Fworkspace.fao.org%252Fsites%252Fcodex%252FStandards%252FCXS%2B1-1985%252FCXS_001e.pdf|https://www.who.int/publications/i/item/B09028,Codex CXS 1-1985 — allergen declaration|WHO/FAO — Precautionary allergen labelling (PAL),"Mực ống is not itself the dairy allergen category based on the catalog food identity. This does NOT establish absence of unintended allergen presence or cross-contact, so app status remains unknown.",do_not_treat_as_safe; require supplier/SKU evidence for allergy filtering
muc_ong,Mực ống,egg,unknown,not_intrinsic_but_cross_contact_unverified,no intrinsic presence identified for the generic food identity,unverified; supplier/facility/product-specific cross-contact can differ,high_for_intrinsic_identity__not_a_cross_contact_clearance,https://www.fao.org/fao-who-codexalimentarius/sh-proxy/pl/?lnk=1&url=https%253A%252F%252Fworkspace.fao.org%252Fsites%252Fcodex%252FStandards%252FCXS%2B1-1985%252FCXS_001e.pdf|https://www.who.int/publications/i/item/B09028,Codex CXS 1-1985 — allergen declaration|WHO/FAO — Precautionary allergen labelling (PAL),"Mực ống is not itself the egg allergen category based on the catalog food identity. This does NOT establish absence of unintended allergen presence or cross-contact, so app status remains unknown.",do_not_treat_as_safe; require supplier/SKU evidence for allergy filtering
muc_ong,Mực ống,soy,unknown,not_intrinsic_but_cross_contact_unverified,no intrinsic presence identified for the generic food identity,unverified; supplier/facility/product-specific cross-contact can differ,high_for_intrinsic_identity__not_a_cross_contact_clearance,https://www.fao.org/fao-who-codexalimentarius/sh-proxy/pl/?lnk=1&url=https%253A%252F%252Fworkspace.fao.org%252Fsites%252Fcodex%252FStandards%252FCXS%2B1-1985%252FCXS_001e.pdf|https://www.who.int/publications/i/item/B09028,Codex CXS 1-1985 — allergen declaration|WHO/FAO — Precautionary allergen labelling (PAL),"Mực ống is not itself the soy allergen category based on the catalog food identity. This does NOT establish absence of unintended allergen presence or cross-contact, so app status remains unknown.",do_not_treat_as_safe; require supplier/SKU evidence for allergy filtering
muc_ong,Mực ống,wheat,unknown,not_intrinsic_but_cross_contact_unverified,no intrinsic presence identified for the generic food identity,unverified; supplier/facility/product-specific cross-contact can differ,high_for_intrinsic_identity__not_a_cross_contact_clearance,https://www.fao.org/fao-who-codexalimentarius/sh-proxy/pl/?lnk=1&url=https%253A%252F%252Fworkspace.fao.org%252Fsites%252Fcodex%252FStandards%252FCXS%2B1-1985%252FCXS_001e.pdf|https://www.who.int/publications/i/item/B09028,Codex CXS 1-1985 — allergen declaration|WHO/FAO — Precautionary allergen labelling (PAL),"Mực ống is not itself the wheat allergen category based on the catalog food identity. This does NOT establish absence of unintended allergen presence or cross-contact, so app status remains unknown.",do_not_treat_as_safe; require supplier/SKU evidence for allergy filtering
muc_ong,Mực ống,fish,unknown,not_intrinsic_but_cross_contact_unverified,no intrinsic presence identified for the generic food identity,unverified; supplier/facility/product-specific cross-contact can differ,high_for_intrinsic_identity__not_a_cross_contact_clearance,https://www.fao.org/fao-who-codexalimentarius/sh-proxy/pl/?lnk=1&url=https%253A%252F%252Fworkspace.fao.org%252Fsites%252Fcodex%252FStandards%252FCXS%2B1-1985%252FCXS_001e.pdf|https://www.who.int/publications/i/item/B09028,Codex CXS 1-1985 — allergen declaration|WHO/FAO — Precautionary allergen labelling (PAL),"Mực ống is not itself the fish allergen category based on the catalog food identity. This does NOT establish absence of unintended allergen presence or cross-contact, so app status remains unknown.",do_not_treat_as_safe; require supplier/SKU evidence for allergy filtering
muc_ong,Mực ống,crustacean,unknown,not_intrinsic_but_cross_contact_unverified,no intrinsic presence identified for the generic food identity,unverified; supplier/facility/product-specific cross-contact can differ,high_for_intrinsic_identity__not_a_cross_contact_clearance,https://www.fao.org/fao-who-codexalimentarius/sh-proxy/pl/?lnk=1&url=https%253A%252F%252Fworkspace.fao.org%252Fsites%252Fcodex%252FStandards%252FCXS%2B1-1985%252FCXS_001e.pdf|https://www.who.int/publications/i/item/B09028,Codex CXS 1-1985 — allergen declaration|WHO/FAO — Precautionary allergen labelling (PAL),"Mực ống is not itself the crustacean allergen category based on the catalog food identity. This does NOT establish absence of unintended allergen presence or cross-contact, so app status remains unknown.",do_not_treat_as_safe; require supplier/SKU evidence for allergy filtering
muc_ong,Mực ống,mollusc,contains,confirmed_contains,confirmed allergen is inherent/intentional for this food identity,not needed to establish contains; cross-contact with other allergens remains separate,high,https://food.ec.europa.eu/food-safety/campaign-2026/allergies_en,European Commission — Allergies / 14 allergens,Mực ống intrinsically/intentionally contains the mollusc allergen category; existing app status contains is retained.,exclude
muc_ong,Mực ống,sesame,unknown,not_intrinsic_but_cross_contact_unverified,no intrinsic presence identified for the generic food identity,unverified; supplier/facility/product-specific cross-contact can differ,high_for_intrinsic_identity__not_a_cross_contact_clearance,https://www.fao.org/fao-who-codexalimentarius/sh-proxy/pl/?lnk=1&url=https%253A%252F%252Fworkspace.fao.org%252Fsites%252Fcodex%252FStandards%252FCXS%2B1-1985%252FCXS_001e.pdf|https://www.who.int/publications/i/item/B09028,Codex CXS 1-1985 — allergen declaration|WHO/FAO — Precautionary allergen labelling (PAL),"Mực ống is not itself the sesame allergen category based on the catalog food identity. This does NOT establish absence of unintended allergen presence or cross-contact, so app status remains unknown.",do_not_treat_as_safe; require supplier/SKU evidence for allergy filtering
trung_ga,Trứng gà,peanut,unknown,not_intrinsic_but_cross_contact_unverified,no intrinsic presence identified for the generic food identity,unverified; supplier/facility/product-specific cross-contact can differ,high_for_intrinsic_identity__not_a_cross_contact_clearance,https://www.fao.org/fao-who-codexalimentarius/sh-proxy/pl/?lnk=1&url=https%253A%252F%252Fworkspace.fao.org%252Fsites%252Fcodex%252FStandards%252FCXS%2B1-1985%252FCXS_001e.pdf|https://www.who.int/publications/i/item/B09028,Codex CXS 1-1985 — allergen declaration|WHO/FAO — Precautionary allergen labelling (PAL),"Trứng gà is not itself the peanut allergen category based on the catalog food identity. This does NOT establish absence of unintended allergen presence or cross-contact, so app status remains unknown.",do_not_treat_as_safe; require supplier/SKU evidence for allergy filtering
trung_ga,Trứng gà,tree_nut,unknown,not_intrinsic_but_cross_contact_unverified,no intrinsic presence identified for the generic food identity,unverified; supplier/facility/product-specific cross-contact can differ,high_for_intrinsic_identity__not_a_cross_contact_clearance,https://www.fao.org/fao-who-codexalimentarius/sh-proxy/pl/?lnk=1&url=https%253A%252F%252Fworkspace.fao.org%252Fsites%252Fcodex%252FStandards%252FCXS%2B1-1985%252FCXS_001e.pdf|https://www.who.int/publications/i/item/B09028,Codex CXS 1-1985 — allergen declaration|WHO/FAO — Precautionary allergen labelling (PAL),"Trứng gà is not itself the tree_nut allergen category based on the catalog food identity. This does NOT establish absence of unintended allergen presence or cross-contact, so app status remains unknown.",do_not_treat_as_safe; require supplier/SKU evidence for allergy filtering
trung_ga,Trứng gà,dairy,unknown,not_intrinsic_but_cross_contact_unverified,no intrinsic presence identified for the generic food identity,unverified; supplier/facility/product-specific cross-contact can differ,high_for_intrinsic_identity__not_a_cross_contact_clearance,https://www.fao.org/fao-who-codexalimentarius/sh-proxy/pl/?lnk=1&url=https%253A%252F%252Fworkspace.fao.org%252Fsites%252Fcodex%252FStandards%252FCXS%2B1-1985%252FCXS_001e.pdf|https://www.who.int/publications/i/item/B09028,Codex CXS 1-1985 — allergen declaration|WHO/FAO — Precautionary allergen labelling (PAL),"Trứng gà is not itself the dairy allergen category based on the catalog food identity. This does NOT establish absence of unintended allergen presence or cross-contact, so app status remains unknown.",do_not_treat_as_safe; require supplier/SKU evidence for allergy filtering
trung_ga,Trứng gà,egg,contains,confirmed_contains,confirmed allergen is inherent/intentional for this food identity,not needed to establish contains; cross-contact with other allergens remains separate,high,https://www.fda.gov/food/buy-store-serve-safe-food/food-allergies-what-you-need-know,FDA — Food Allergies: What You Need to Know,Trứng gà intrinsically/intentionally contains the egg allergen category; existing app status contains is retained.,exclude
trung_ga,Trứng gà,soy,unknown,not_intrinsic_but_cross_contact_unverified,no intrinsic presence identified for the generic food identity,unverified; supplier/facility/product-specific cross-contact can differ,high_for_intrinsic_identity__not_a_cross_contact_clearance,https://www.fao.org/fao-who-codexalimentarius/sh-proxy/pl/?lnk=1&url=https%253A%252F%252Fworkspace.fao.org%252Fsites%252Fcodex%252FStandards%252FCXS%2B1-1985%252FCXS_001e.pdf|https://www.who.int/publications/i/item/B09028,Codex CXS 1-1985 — allergen declaration|WHO/FAO — Precautionary allergen labelling (PAL),"Trứng gà is not itself the soy allergen category based on the catalog food identity. This does NOT establish absence of unintended allergen presence or cross-contact, so app status remains unknown.",do_not_treat_as_safe; require supplier/SKU evidence for allergy filtering
trung_ga,Trứng gà,wheat,unknown,not_intrinsic_but_cross_contact_unverified,no intrinsic presence identified for the generic food identity,unverified; supplier/facility/product-specific cross-contact can differ,high_for_intrinsic_identity__not_a_cross_contact_clearance,https://www.fao.org/fao-who-codexalimentarius/sh-proxy/pl/?lnk=1&url=https%253A%252F%252Fworkspace.fao.org%252Fsites%252Fcodex%252FStandards%252FCXS%2B1-1985%252FCXS_001e.pdf|https://www.who.int/publications/i/item/B09028,Codex CXS 1-1985 — allergen declaration|WHO/FAO — Precautionary allergen labelling (PAL),"Trứng gà is not itself the wheat allergen category based on the catalog food identity. This does NOT establish absence of unintended allergen presence or cross-contact, so app status remains unknown.",do_not_treat_as_safe; require supplier/SKU evidence for allergy filtering
trung_ga,Trứng gà,fish,unknown,not_intrinsic_but_cross_contact_unverified,no intrinsic presence identified for the generic food identity,unverified; supplier/facility/product-specific cross-contact can differ,high_for_intrinsic_identity__not_a_cross_contact_clearance,https://www.fao.org/fao-who-codexalimentarius/sh-proxy/pl/?lnk=1&url=https%253A%252F%252Fworkspace.fao.org%252Fsites%252Fcodex%252FStandards%252FCXS%2B1-1985%252FCXS_001e.pdf|https://www.who.int/publications/i/item/B09028,Codex CXS 1-1985 — allergen declaration|WHO/FAO — Precautionary allergen labelling (PAL),"Trứng gà is not itself the fish allergen category based on the catalog food identity. This does NOT establish absence of unintended allergen presence or cross-contact, so app status remains unknown.",do_not_treat_as_safe; require supplier/SKU evidence for allergy filtering
trung_ga,Trứng gà,crustacean,unknown,not_intrinsic_but_cross_contact_unverified,no intrinsic presence identified for the generic food identity,unverified; supplier/facility/product-specific cross-contact can differ,high_for_intrinsic_identity__not_a_cross_contact_clearance,https://www.fao.org/fao-who-codexalimentarius/sh-proxy/pl/?lnk=1&url=https%253A%252F%252Fworkspace.fao.org%252Fsites%252Fcodex%252FStandards%252FCXS%2B1-1985%252FCXS_001e.pdf|https://www.who.int/publications/i/item/B09028,Codex CXS 1-1985 — allergen declaration|WHO/FAO — Precautionary allergen labelling (PAL),"Trứng gà is not itself the crustacean allergen category based on the catalog food identity. This does NOT establish absence of unintended allergen presence or cross-contact, so app status remains unknown.",do_not_treat_as_safe; require supplier/SKU evidence for allergy filtering
trung_ga,Trứng gà,mollusc,unknown,not_intrinsic_but_cross_contact_unverified,no intrinsic presence identified for the generic food identity,unverified; supplier/facility/product-specific cross-contact can differ,high_for_intrinsic_identity__not_a_cross_contact_clearance,https://www.fao.org/fao-who-codexalimentarius/sh-proxy/pl/?lnk=1&url=https%253A%252F%252Fworkspace.fao.org%252Fsites%252Fcodex%252FStandards%252FCXS%2B1-1985%252FCXS_001e.pdf|https://www.who.int/publications/i/item/B09028,Codex CXS 1-1985 — allergen declaration|WHO/FAO — Precautionary allergen labelling (PAL),"Trứng gà is not itself the mollusc allergen category based on the catalog food identity. This does NOT establish absence of unintended allergen presence or cross-contact, so app status remains unknown.",do_not_treat_as_safe; require supplier/SKU evidence for allergy filtering
trung_ga,Trứng gà,sesame,unknown,not_intrinsic_but_cross_contact_unverified,no intrinsic presence identified for the generic food identity,unverified; supplier/facility/product-specific cross-contact can differ,high_for_intrinsic_identity__not_a_cross_contact_clearance,https://www.fao.org/fao-who-codexalimentarius/sh-proxy/pl/?lnk=1&url=https%253A%252F%252Fworkspace.fao.org%252Fsites%252Fcodex%252FStandards%252FCXS%2B1-1985%252FCXS_001e.pdf|https://www.who.int/publications/i/item/B09028,Codex CXS 1-1985 — allergen declaration|WHO/FAO — Precautionary allergen labelling (PAL),"Trứng gà is not itself the sesame allergen category based on the catalog food identity. This does NOT establish absence of unintended allergen presence or cross-contact, so app status remains unknown.",do_not_treat_as_safe; require supplier/SKU evidence for allergy filtering
dau_hu_trang,Đậu hũ trắng,peanut,unknown,not_intrinsic_but_cross_contact_unverified,no intrinsic presence identified for the generic food identity,unverified; supplier/facility/product-specific cross-contact can differ,high_for_intrinsic_identity__not_a_cross_contact_clearance,https://www.kikkoman.com/en/cookbook/glossary/soybeans.html|https://www.who.int/publications/i/item/B09028,Kikkoman — Soybeans and soy-based foods|WHO/FAO — Precautionary allergen labelling (PAL),"Tofu is a soy-based food, confirming soy. The generic tofu identity does not establish absence of other allergens/cross-contact at a specific facility.",do_not_treat_as_safe; require supplier/SKU evidence for allergy filtering
dau_hu_trang,Đậu hũ trắng,tree_nut,unknown,not_intrinsic_but_cross_contact_unverified,no intrinsic presence identified for the generic food identity,unverified; supplier/facility/product-specific cross-contact can differ,high_for_intrinsic_identity__not_a_cross_contact_clearance,https://www.kikkoman.com/en/cookbook/glossary/soybeans.html|https://www.who.int/publications/i/item/B09028,Kikkoman — Soybeans and soy-based foods|WHO/FAO — Precautionary allergen labelling (PAL),"Tofu is a soy-based food, confirming soy. The generic tofu identity does not establish absence of other allergens/cross-contact at a specific facility.",do_not_treat_as_safe; require supplier/SKU evidence for allergy filtering
dau_hu_trang,Đậu hũ trắng,dairy,unknown,not_intrinsic_but_cross_contact_unverified,no intrinsic presence identified for the generic food identity,unverified; supplier/facility/product-specific cross-contact can differ,high_for_intrinsic_identity__not_a_cross_contact_clearance,https://www.kikkoman.com/en/cookbook/glossary/soybeans.html|https://www.who.int/publications/i/item/B09028,Kikkoman — Soybeans and soy-based foods|WHO/FAO — Precautionary allergen labelling (PAL),"Tofu is a soy-based food, confirming soy. The generic tofu identity does not establish absence of other allergens/cross-contact at a specific facility.",do_not_treat_as_safe; require supplier/SKU evidence for allergy filtering
dau_hu_trang,Đậu hũ trắng,egg,unknown,not_intrinsic_but_cross_contact_unverified,no intrinsic presence identified for the generic food identity,unverified; supplier/facility/product-specific cross-contact can differ,high_for_intrinsic_identity__not_a_cross_contact_clearance,https://www.kikkoman.com/en/cookbook/glossary/soybeans.html|https://www.who.int/publications/i/item/B09028,Kikkoman — Soybeans and soy-based foods|WHO/FAO — Precautionary allergen labelling (PAL),"Tofu is a soy-based food, confirming soy. The generic tofu identity does not establish absence of other allergens/cross-contact at a specific facility.",do_not_treat_as_safe; require supplier/SKU evidence for allergy filtering
dau_hu_trang,Đậu hũ trắng,soy,contains,confirmed_contains,confirmed allergen is inherent/intentional for this food identity,not needed to establish contains; cross-contact with other allergens remains separate,high,https://www.kikkoman.com/en/cookbook/glossary/soybeans.html|https://www.fda.gov/food/buy-store-serve-safe-food/food-allergies-what-you-need-know,Kikkoman — Soybeans and soy-based foods|FDA — Food Allergies: What You Need to Know,Đậu hũ trắng intrinsically/intentionally contains the soy allergen category; existing app status contains is retained.,exclude
dau_hu_trang,Đậu hũ trắng,wheat,unknown,not_intrinsic_but_cross_contact_unverified,no intrinsic presence identified for the generic food identity,unverified; supplier/facility/product-specific cross-contact can differ,high_for_intrinsic_identity__not_a_cross_contact_clearance,https://www.kikkoman.com/en/cookbook/glossary/soybeans.html|https://www.who.int/publications/i/item/B09028,Kikkoman — Soybeans and soy-based foods|WHO/FAO — Precautionary allergen labelling (PAL),"Tofu is a soy-based food, confirming soy. The generic tofu identity does not establish absence of other allergens/cross-contact at a specific facility.",do_not_treat_as_safe; require supplier/SKU evidence for allergy filtering
dau_hu_trang,Đậu hũ trắng,fish,unknown,not_intrinsic_but_cross_contact_unverified,no intrinsic presence identified for the generic food identity,unverified; supplier/facility/product-specific cross-contact can differ,high_for_intrinsic_identity__not_a_cross_contact_clearance,https://www.kikkoman.com/en/cookbook/glossary/soybeans.html|https://www.who.int/publications/i/item/B09028,Kikkoman — Soybeans and soy-based foods|WHO/FAO — Precautionary allergen labelling (PAL),"Tofu is a soy-based food, confirming soy. The generic tofu identity does not establish absence of other allergens/cross-contact at a specific facility.",do_not_treat_as_safe; require supplier/SKU evidence for allergy filtering
dau_hu_trang,Đậu hũ trắng,crustacean,unknown,not_intrinsic_but_cross_contact_unverified,no intrinsic presence identified for the generic food identity,unverified; supplier/facility/product-specific cross-contact can differ,high_for_intrinsic_identity__not_a_cross_contact_clearance,https://www.kikkoman.com/en/cookbook/glossary/soybeans.html|https://www.who.int/publications/i/item/B09028,Kikkoman — Soybeans and soy-based foods|WHO/FAO — Precautionary allergen labelling (PAL),"Tofu is a soy-based food, confirming soy. The generic tofu identity does not establish absence of other allergens/cross-contact at a specific facility.",do_not_treat_as_safe; require supplier/SKU evidence for allergy filtering
dau_hu_trang,Đậu hũ trắng,mollusc,unknown,not_intrinsic_but_cross_contact_unverified,no intrinsic presence identified for the generic food identity,unverified; supplier/facility/product-specific cross-contact can differ,high_for_intrinsic_identity__not_a_cross_contact_clearance,https://www.kikkoman.com/en/cookbook/glossary/soybeans.html|https://www.who.int/publications/i/item/B09028,Kikkoman — Soybeans and soy-based foods|WHO/FAO — Precautionary allergen labelling (PAL),"Tofu is a soy-based food, confirming soy. The generic tofu identity does not establish absence of other allergens/cross-contact at a specific facility.",do_not_treat_as_safe; require supplier/SKU evidence for allergy filtering
dau_hu_trang,Đậu hũ trắng,sesame,unknown,not_intrinsic_but_cross_contact_unverified,no intrinsic presence identified for the generic food identity,unverified; supplier/facility/product-specific cross-contact can differ,high_for_intrinsic_identity__not_a_cross_contact_clearance,https://www.kikkoman.com/en/cookbook/glossary/soybeans.html|https://www.who.int/publications/i/item/B09028,Kikkoman — Soybeans and soy-based foods|WHO/FAO — Precautionary allergen labelling (PAL),"Tofu is a soy-based food, confirming soy. The generic tofu identity does not establish absence of other allergens/cross-contact at a specific facility.",do_not_treat_as_safe; require supplier/SKU evidence for allergy filtering
gao_te,Gạo tẻ,peanut,unknown,not_intrinsic_but_cross_contact_unverified,no intrinsic presence identified for the generic food identity,unverified; supplier/facility/product-specific cross-contact can differ,high_for_intrinsic_identity__not_a_cross_contact_clearance,https://www.fao.org/fao-who-codexalimentarius/sh-proxy/pl/?lnk=1&url=https%253A%252F%252Fworkspace.fao.org%252Fsites%252Fcodex%252FStandards%252FCXS%2B1-1985%252FCXS_001e.pdf|https://www.who.int/publications/i/item/B09028,Codex CXS 1-1985 — allergen declaration|WHO/FAO — Precautionary allergen labelling (PAL),"Gạo tẻ is not itself the peanut allergen category based on the catalog food identity. This does NOT establish absence of unintended allergen presence or cross-contact, so app status remains unknown.",do_not_treat_as_safe; require supplier/SKU evidence for allergy filtering
gao_te,Gạo tẻ,tree_nut,unknown,not_intrinsic_but_cross_contact_unverified,no intrinsic presence identified for the generic food identity,unverified; supplier/facility/product-specific cross-contact can differ,high_for_intrinsic_identity__not_a_cross_contact_clearance,https://www.fao.org/fao-who-codexalimentarius/sh-proxy/pl/?lnk=1&url=https%253A%252F%252Fworkspace.fao.org%252Fsites%252Fcodex%252FStandards%252FCXS%2B1-1985%252FCXS_001e.pdf|https://www.who.int/publications/i/item/B09028,Codex CXS 1-1985 — allergen declaration|WHO/FAO — Precautionary allergen labelling (PAL),"Gạo tẻ is not itself the tree_nut allergen category based on the catalog food identity. This does NOT establish absence of unintended allergen presence or cross-contact, so app status remains unknown.",do_not_treat_as_safe; require supplier/SKU evidence for allergy filtering
gao_te,Gạo tẻ,dairy,unknown,not_intrinsic_but_cross_contact_unverified,no intrinsic presence identified for the generic food identity,unverified; supplier/facility/product-specific cross-contact can differ,high_for_intrinsic_identity__not_a_cross_contact_clearance,https://www.fao.org/fao-who-codexalimentarius/sh-proxy/pl/?lnk=1&url=https%253A%252F%252Fworkspace.fao.org%252Fsites%252Fcodex%252FStandards%252FCXS%2B1-1985%252FCXS_001e.pdf|https://www.who.int/publications/i/item/B09028,Codex CXS 1-1985 — allergen declaration|WHO/FAO — Precautionary allergen labelling (PAL),"Gạo tẻ is not itself the dairy allergen category based on the catalog food identity. This does NOT establish absence of unintended allergen presence or cross-contact, so app status remains unknown.",do_not_treat_as_safe; require supplier/SKU evidence for allergy filtering
gao_te,Gạo tẻ,egg,unknown,not_intrinsic_but_cross_contact_unverified,no intrinsic presence identified for the generic food identity,unverified; supplier/facility/product-specific cross-contact can differ,high_for_intrinsic_identity__not_a_cross_contact_clearance,https://www.fao.org/fao-who-codexalimentarius/sh-proxy/pl/?lnk=1&url=https%253A%252F%252Fworkspace.fao.org%252Fsites%252Fcodex%252FStandards%252FCXS%2B1-1985%252FCXS_001e.pdf|https://www.who.int/publications/i/item/B09028,Codex CXS 1-1985 — allergen declaration|WHO/FAO — Precautionary allergen labelling (PAL),"Gạo tẻ is not itself the egg allergen category based on the catalog food identity. This does NOT establish absence of unintended allergen presence or cross-contact, so app status remains unknown.",do_not_treat_as_safe; require supplier/SKU evidence for allergy filtering
gao_te,Gạo tẻ,soy,unknown,not_intrinsic_but_cross_contact_unverified,no intrinsic presence identified for the generic food identity,unverified; supplier/facility/product-specific cross-contact can differ,high_for_intrinsic_identity__not_a_cross_contact_clearance,https://www.fao.org/fao-who-codexalimentarius/sh-proxy/pl/?lnk=1&url=https%253A%252F%252Fworkspace.fao.org%252Fsites%252Fcodex%252FStandards%252FCXS%2B1-1985%252FCXS_001e.pdf|https://www.who.int/publications/i/item/B09028,Codex CXS 1-1985 — allergen declaration|WHO/FAO — Precautionary allergen labelling (PAL),"Gạo tẻ is not itself the soy allergen category based on the catalog food identity. This does NOT establish absence of unintended allergen presence or cross-contact, so app status remains unknown.",do_not_treat_as_safe; require supplier/SKU evidence for allergy filtering
gao_te,Gạo tẻ,wheat,unknown,not_intrinsic_but_cross_contact_unverified,no intrinsic presence identified for the generic food identity,unverified; supplier/facility/product-specific cross-contact can differ,high_for_intrinsic_identity__not_a_cross_contact_clearance,https://www.fao.org/fao-who-codexalimentarius/sh-proxy/pl/?lnk=1&url=https%253A%252F%252Fworkspace.fao.org%252Fsites%252Fcodex%252FStandards%252FCXS%2B1-1985%252FCXS_001e.pdf|https://www.who.int/publications/i/item/B09028,Codex CXS 1-1985 — allergen declaration|WHO/FAO — Precautionary allergen labelling (PAL),"Gạo tẻ is not itself the wheat allergen category based on the catalog food identity. This does NOT establish absence of unintended allergen presence or cross-contact, so app status remains unknown.",do_not_treat_as_safe; require supplier/SKU evidence for allergy filtering
gao_te,Gạo tẻ,fish,unknown,not_intrinsic_but_cross_contact_unverified,no intrinsic presence identified for the generic food identity,unverified; supplier/facility/product-specific cross-contact can differ,high_for_intrinsic_identity__not_a_cross_contact_clearance,https://www.fao.org/fao-who-codexalimentarius/sh-proxy/pl/?lnk=1&url=https%253A%252F%252Fworkspace.fao.org%252Fsites%252Fcodex%252FStandards%252FCXS%2B1-1985%252FCXS_001e.pdf|https://www.who.int/publications/i/item/B09028,Codex CXS 1-1985 — allergen declaration|WHO/FAO — Precautionary allergen labelling (PAL),"Gạo tẻ is not itself the fish allergen category based on the catalog food identity. This does NOT establish absence of unintended allergen presence or cross-contact, so app status remains unknown.",do_not_treat_as_safe; require supplier/SKU evidence for allergy filtering
gao_te,Gạo tẻ,crustacean,unknown,not_intrinsic_but_cross_contact_unverified,no intrinsic presence identified for the generic food identity,unverified; supplier/facility/product-specific cross-contact can differ,high_for_intrinsic_identity__not_a_cross_contact_clearance,https://www.fao.org/fao-who-codexalimentarius/sh-proxy/pl/?lnk=1&url=https%253A%252F%252Fworkspace.fao.org%252Fsites%252Fcodex%252FStandards%252FCXS%2B1-1985%252FCXS_001e.pdf|https://www.who.int/publications/i/item/B09028,Codex CXS 1-1985 — allergen declaration|WHO/FAO — Precautionary allergen labelling (PAL),"Gạo tẻ is not itself the crustacean allergen category based on the catalog food identity. This does NOT establish absence of unintended allergen presence or cross-contact, so app status remains unknown.",do_not_treat_as_safe; require supplier/SKU evidence for allergy filtering
gao_te,Gạo tẻ,mollusc,unknown,not_intrinsic_but_cross_contact_unverified,no intrinsic presence identified for the generic food identity,unverified; supplier/facility/product-specific cross-contact can differ,high_for_intrinsic_identity__not_a_cross_contact_clearance,https://www.fao.org/fao-who-codexalimentarius/sh-proxy/pl/?lnk=1&url=https%253A%252F%252Fworkspace.fao.org%252Fsites%252Fcodex%252FStandards%252FCXS%2B1-1985%252FCXS_001e.pdf|https://www.who.int/publications/i/item/B09028,Codex CXS 1-1985 — allergen declaration|WHO/FAO — Precautionary allergen labelling (PAL),"Gạo tẻ is not itself the mollusc allergen category based on the catalog food identity. This does NOT establish absence of unintended allergen presence or cross-contact, so app status remains unknown.",do_not_treat_as_safe; require supplier/SKU evidence for allergy filtering
gao_te,Gạo tẻ,sesame,unknown,not_intrinsic_but_cross_contact_unverified,no intrinsic presence identified for the generic food identity,unverified; supplier/facility/product-specific cross-contact can differ,high_for_intrinsic_identity__not_a_cross_contact_clearance,https://www.fao.org/fao-who-codexalimentarius/sh-proxy/pl/?lnk=1&url=https%253A%252F%252Fworkspace.fao.org%252Fsites%252Fcodex%252FStandards%252FCXS%2B1-1985%252FCXS_001e.pdf|https://www.who.int/publications/i/item/B09028,Codex CXS 1-1985 — allergen declaration|WHO/FAO — Precautionary allergen labelling (PAL),"Gạo tẻ is not itself the sesame allergen category based on the catalog food identity. This does NOT establish absence of unintended allergen presence or cross-contact, so app status remains unknown.",do_not_treat_as_safe; require supplier/SKU evidence for allergy filtering
rau_muong,Rau muống,peanut,unknown,not_intrinsic_but_cross_contact_unverified,no intrinsic presence identified for the generic food identity,unverified; supplier/facility/product-specific cross-contact can differ,high_for_intrinsic_identity__not_a_cross_contact_clearance,https://www.fao.org/fao-who-codexalimentarius/sh-proxy/pl/?lnk=1&url=https%253A%252F%252Fworkspace.fao.org%252Fsites%252Fcodex%252FStandards%252FCXS%2B1-1985%252FCXS_001e.pdf|https://www.who.int/publications/i/item/B09028,Codex CXS 1-1985 — allergen declaration|WHO/FAO — Precautionary allergen labelling (PAL),"Rau muống is not itself the peanut allergen category based on the catalog food identity. This does NOT establish absence of unintended allergen presence or cross-contact, so app status remains unknown.",do_not_treat_as_safe; require supplier/SKU evidence for allergy filtering
rau_muong,Rau muống,tree_nut,unknown,not_intrinsic_but_cross_contact_unverified,no intrinsic presence identified for the generic food identity,unverified; supplier/facility/product-specific cross-contact can differ,high_for_intrinsic_identity__not_a_cross_contact_clearance,https://www.fao.org/fao-who-codexalimentarius/sh-proxy/pl/?lnk=1&url=https%253A%252F%252Fworkspace.fao.org%252Fsites%252Fcodex%252FStandards%252FCXS%2B1-1985%252FCXS_001e.pdf|https://www.who.int/publications/i/item/B09028,Codex CXS 1-1985 — allergen declaration|WHO/FAO — Precautionary allergen labelling (PAL),"Rau muống is not itself the tree_nut allergen category based on the catalog food identity. This does NOT establish absence of unintended allergen presence or cross-contact, so app status remains unknown.",do_not_treat_as_safe; require supplier/SKU evidence for allergy filtering
rau_muong,Rau muống,dairy,unknown,not_intrinsic_but_cross_contact_unverified,no intrinsic presence identified for the generic food identity,unverified; supplier/facility/product-specific cross-contact can differ,high_for_intrinsic_identity__not_a_cross_contact_clearance,https://www.fao.org/fao-who-codexalimentarius/sh-proxy/pl/?lnk=1&url=https%253A%252F%252Fworkspace.fao.org%252Fsites%252Fcodex%252FStandards%252FCXS%2B1-1985%252FCXS_001e.pdf|https://www.who.int/publications/i/item/B09028,Codex CXS 1-1985 — allergen declaration|WHO/FAO — Precautionary allergen labelling (PAL),"Rau muống is not itself the dairy allergen category based on the catalog food identity. This does NOT establish absence of unintended allergen presence or cross-contact, so app status remains unknown.",do_not_treat_as_safe; require supplier/SKU evidence for allergy filtering
rau_muong,Rau muống,egg,unknown,not_intrinsic_but_cross_contact_unverified,no intrinsic presence identified for the generic food identity,unverified; supplier/facility/product-specific cross-contact can differ,high_for_intrinsic_identity__not_a_cross_contact_clearance,https://www.fao.org/fao-who-codexalimentarius/sh-proxy/pl/?lnk=1&url=https%253A%252F%252Fworkspace.fao.org%252Fsites%252Fcodex%252FStandards%252FCXS%2B1-1985%252FCXS_001e.pdf|https://www.who.int/publications/i/item/B09028,Codex CXS 1-1985 — allergen declaration|WHO/FAO — Precautionary allergen labelling (PAL),"Rau muống is not itself the egg allergen category based on the catalog food identity. This does NOT establish absence of unintended allergen presence or cross-contact, so app status remains unknown.",do_not_treat_as_safe; require supplier/SKU evidence for allergy filtering
rau_muong,Rau muống,soy,unknown,not_intrinsic_but_cross_contact_unverified,no intrinsic presence identified for the generic food identity,unverified; supplier/facility/product-specific cross-contact can differ,high_for_intrinsic_identity__not_a_cross_contact_clearance,https://www.fao.org/fao-who-codexalimentarius/sh-proxy/pl/?lnk=1&url=https%253A%252F%252Fworkspace.fao.org%252Fsites%252Fcodex%252FStandards%252FCXS%2B1-1985%252FCXS_001e.pdf|https://www.who.int/publications/i/item/B09028,Codex CXS 1-1985 — allergen declaration|WHO/FAO — Precautionary allergen labelling (PAL),"Rau muống is not itself the soy allergen category based on the catalog food identity. This does NOT establish absence of unintended allergen presence or cross-contact, so app status remains unknown.",do_not_treat_as_safe; require supplier/SKU evidence for allergy filtering
rau_muong,Rau muống,wheat,unknown,not_intrinsic_but_cross_contact_unverified,no intrinsic presence identified for the generic food identity,unverified; supplier/facility/product-specific cross-contact can differ,high_for_intrinsic_identity__not_a_cross_contact_clearance,https://www.fao.org/fao-who-codexalimentarius/sh-proxy/pl/?lnk=1&url=https%253A%252F%252Fworkspace.fao.org%252Fsites%252Fcodex%252FStandards%252FCXS%2B1-1985%252FCXS_001e.pdf|https://www.who.int/publications/i/item/B09028,Codex CXS 1-1985 — allergen declaration|WHO/FAO — Precautionary allergen labelling (PAL),"Rau muống is not itself the wheat allergen category based on the catalog food identity. This does NOT establish absence of unintended allergen presence or cross-contact, so app status remains unknown.",do_not_treat_as_safe; require supplier/SKU evidence for allergy filtering
rau_muong,Rau muống,fish,unknown,not_intrinsic_but_cross_contact_unverified,no intrinsic presence identified for the generic food identity,unverified; supplier/facility/product-specific cross-contact can differ,high_for_intrinsic_identity__not_a_cross_contact_clearance,https://www.fao.org/fao-who-codexalimentarius/sh-proxy/pl/?lnk=1&url=https%253A%252F%252Fworkspace.fao.org%252Fsites%252Fcodex%252FStandards%252FCXS%2B1-1985%252FCXS_001e.pdf|https://www.who.int/publications/i/item/B09028,Codex CXS 1-1985 — allergen declaration|WHO/FAO — Precautionary allergen labelling (PAL),"Rau muống is not itself the fish allergen category based on the catalog food identity. This does NOT establish absence of unintended allergen presence or cross-contact, so app status remains unknown.",do_not_treat_as_safe; require supplier/SKU evidence for allergy filtering
rau_muong,Rau muống,crustacean,unknown,not_intrinsic_but_cross_contact_unverified,no intrinsic presence identified for the generic food identity,unverified; supplier/facility/product-specific cross-contact can differ,high_for_intrinsic_identity__not_a_cross_contact_clearance,https://www.fao.org/fao-who-codexalimentarius/sh-proxy/pl/?lnk=1&url=https%253A%252F%252Fworkspace.fao.org%252Fsites%252Fcodex%252FStandards%252FCXS%2B1-1985%252FCXS_001e.pdf|https://www.who.int/publications/i/item/B09028,Codex CXS 1-1985 — allergen declaration|WHO/FAO — Precautionary allergen labelling (PAL),"Rau muống is not itself the crustacean allergen category based on the catalog food identity. This does NOT establish absence of unintended allergen presence or cross-contact, so app status remains unknown.",do_not_treat_as_safe; require supplier/SKU evidence for allergy filtering
rau_muong,Rau muống,mollusc,unknown,not_intrinsic_but_cross_contact_unverified,no intrinsic presence identified for the generic food identity,unverified; supplier/facility/product-specific cross-contact can differ,high_for_intrinsic_identity__not_a_cross_contact_clearance,https://www.fao.org/fao-who-codexalimentarius/sh-proxy/pl/?lnk=1&url=https%253A%252F%252Fworkspace.fao.org%252Fsites%252Fcodex%252FStandards%252FCXS%2B1-1985%252FCXS_001e.pdf|https://www.who.int/publications/i/item/B09028,Codex CXS 1-1985 — allergen declaration|WHO/FAO — Precautionary allergen labelling (PAL),"Rau muống is not itself the mollusc allergen category based on the catalog food identity. This does NOT establish absence of unintended allergen presence or cross-contact, so app status remains unknown.",do_not_treat_as_safe; require supplier/SKU evidence for allergy filtering
rau_muong,Rau muống,sesame,unknown,not_intrinsic_but_cross_contact_unverified,no intrinsic presence identified for the generic food identity,unverified; supplier/facility/product-specific cross-contact can differ,high_for_intrinsic_identity__not_a_cross_contact_clearance,https://www.fao.org/fao-who-codexalimentarius/sh-proxy/pl/?lnk=1&url=https%253A%252F%252Fworkspace.fao.org%252Fsites%252Fcodex%252FStandards%252FCXS%2B1-1985%252FCXS_001e.pdf|https://www.who.int/publications/i/item/B09028,Codex CXS 1-1985 — allergen declaration|WHO/FAO — Precautionary allergen labelling (PAL),"Rau muống is not itself the sesame allergen category based on the catalog food identity. This does NOT establish absence of unintended allergen presence or cross-contact, so app status remains unknown.",do_not_treat_as_safe; require supplier/SKU evidence for allergy filtering
cai_ngot,Cải ngọt,peanut,unknown,not_intrinsic_but_cross_contact_unverified,no intrinsic presence identified for the generic food identity,unverified; supplier/facility/product-specific cross-contact can differ,high_for_intrinsic_identity__not_a_cross_contact_clearance,https://www.fao.org/fao-who-codexalimentarius/sh-proxy/pl/?lnk=1&url=https%253A%252F%252Fworkspace.fao.org%252Fsites%252Fcodex%252FStandards%252FCXS%2B1-1985%252FCXS_001e.pdf|https://www.who.int/publications/i/item/B09028,Codex CXS 1-1985 — allergen declaration|WHO/FAO — Precautionary allergen labelling (PAL),"Cải ngọt is not itself the peanut allergen category based on the catalog food identity. This does NOT establish absence of unintended allergen presence or cross-contact, so app status remains unknown.",do_not_treat_as_safe; require supplier/SKU evidence for allergy filtering
cai_ngot,Cải ngọt,tree_nut,unknown,not_intrinsic_but_cross_contact_unverified,no intrinsic presence identified for the generic food identity,unverified; supplier/facility/product-specific cross-contact can differ,high_for_intrinsic_identity__not_a_cross_contact_clearance,https://www.fao.org/fao-who-codexalimentarius/sh-proxy/pl/?lnk=1&url=https%253A%252F%252Fworkspace.fao.org%252Fsites%252Fcodex%252FStandards%252FCXS%2B1-1985%252FCXS_001e.pdf|https://www.who.int/publications/i/item/B09028,Codex CXS 1-1985 — allergen declaration|WHO/FAO — Precautionary allergen labelling (PAL),"Cải ngọt is not itself the tree_nut allergen category based on the catalog food identity. This does NOT establish absence of unintended allergen presence or cross-contact, so app status remains unknown.",do_not_treat_as_safe; require supplier/SKU evidence for allergy filtering
cai_ngot,Cải ngọt,dairy,unknown,not_intrinsic_but_cross_contact_unverified,no intrinsic presence identified for the generic food identity,unverified; supplier/facility/product-specific cross-contact can differ,high_for_intrinsic_identity__not_a_cross_contact_clearance,https://www.fao.org/fao-who-codexalimentarius/sh-proxy/pl/?lnk=1&url=https%253A%252F%252Fworkspace.fao.org%252Fsites%252Fcodex%252FStandards%252FCXS%2B1-1985%252FCXS_001e.pdf|https://www.who.int/publications/i/item/B09028,Codex CXS 1-1985 — allergen declaration|WHO/FAO — Precautionary allergen labelling (PAL),"Cải ngọt is not itself the dairy allergen category based on the catalog food identity. This does NOT establish absence of unintended allergen presence or cross-contact, so app status remains unknown.",do_not_treat_as_safe; require supplier/SKU evidence for allergy filtering
cai_ngot,Cải ngọt,egg,unknown,not_intrinsic_but_cross_contact_unverified,no intrinsic presence identified for the generic food identity,unverified; supplier/facility/product-specific cross-contact can differ,high_for_intrinsic_identity__not_a_cross_contact_clearance,https://www.fao.org/fao-who-codexalimentarius/sh-proxy/pl/?lnk=1&url=https%253A%252F%252Fworkspace.fao.org%252Fsites%252Fcodex%252FStandards%252FCXS%2B1-1985%252FCXS_001e.pdf|https://www.who.int/publications/i/item/B09028,Codex CXS 1-1985 — allergen declaration|WHO/FAO — Precautionary allergen labelling (PAL),"Cải ngọt is not itself the egg allergen category based on the catalog food identity. This does NOT establish absence of unintended allergen presence or cross-contact, so app status remains unknown.",do_not_treat_as_safe; require supplier/SKU evidence for allergy filtering
cai_ngot,Cải ngọt,soy,unknown,not_intrinsic_but_cross_contact_unverified,no intrinsic presence identified for the generic food identity,unverified; supplier/facility/product-specific cross-contact can differ,high_for_intrinsic_identity__not_a_cross_contact_clearance,https://www.fao.org/fao-who-codexalimentarius/sh-proxy/pl/?lnk=1&url=https%253A%252F%252Fworkspace.fao.org%252Fsites%252Fcodex%252FStandards%252FCXS%2B1-1985%252FCXS_001e.pdf|https://www.who.int/publications/i/item/B09028,Codex CXS 1-1985 — allergen declaration|WHO/FAO — Precautionary allergen labelling (PAL),"Cải ngọt is not itself the soy allergen category based on the catalog food identity. This does NOT establish absence of unintended allergen presence or cross-contact, so app status remains unknown.",do_not_treat_as_safe; require supplier/SKU evidence for allergy filtering
cai_ngot,Cải ngọt,wheat,unknown,not_intrinsic_but_cross_contact_unverified,no intrinsic presence identified for the generic food identity,unverified; supplier/facility/product-specific cross-contact can differ,high_for_intrinsic_identity__not_a_cross_contact_clearance,https://www.fao.org/fao-who-codexalimentarius/sh-proxy/pl/?lnk=1&url=https%253A%252F%252Fworkspace.fao.org%252Fsites%252Fcodex%252FStandards%252FCXS%2B1-1985%252FCXS_001e.pdf|https://www.who.int/publications/i/item/B09028,Codex CXS 1-1985 — allergen declaration|WHO/FAO — Precautionary allergen labelling (PAL),"Cải ngọt is not itself the wheat allergen category based on the catalog food identity. This does NOT establish absence of unintended allergen presence or cross-contact, so app status remains unknown.",do_not_treat_as_safe; require supplier/SKU evidence for allergy filtering
cai_ngot,Cải ngọt,fish,unknown,not_intrinsic_but_cross_contact_unverified,no intrinsic presence identified for the generic food identity,unverified; supplier/facility/product-specific cross-contact can differ,high_for_intrinsic_identity__not_a_cross_contact_clearance,https://www.fao.org/fao-who-codexalimentarius/sh-proxy/pl/?lnk=1&url=https%253A%252F%252Fworkspace.fao.org%252Fsites%252Fcodex%252FStandards%252FCXS%2B1-1985%252FCXS_001e.pdf|https://www.who.int/publications/i/item/B09028,Codex CXS 1-1985 — allergen declaration|WHO/FAO — Precautionary allergen labelling (PAL),"Cải ngọt is not itself the fish allergen category based on the catalog food identity. This does NOT establish absence of unintended allergen presence or cross-contact, so app status remains unknown.",do_not_treat_as_safe; require supplier/SKU evidence for allergy filtering
cai_ngot,Cải ngọt,crustacean,unknown,not_intrinsic_but_cross_contact_unverified,no intrinsic presence identified for the generic food identity,unverified; supplier/facility/product-specific cross-contact can differ,high_for_intrinsic_identity__not_a_cross_contact_clearance,https://www.fao.org/fao-who-codexalimentarius/sh-proxy/pl/?lnk=1&url=https%253A%252F%252Fworkspace.fao.org%252Fsites%252Fcodex%252FStandards%252FCXS%2B1-1985%252FCXS_001e.pdf|https://www.who.int/publications/i/item/B09028,Codex CXS 1-1985 — allergen declaration|WHO/FAO — Precautionary allergen labelling (PAL),"Cải ngọt is not itself the crustacean allergen category based on the catalog food identity. This does NOT establish absence of unintended allergen presence or cross-contact, so app status remains unknown.",do_not_treat_as_safe; require supplier/SKU evidence for allergy filtering
cai_ngot,Cải ngọt,mollusc,unknown,not_intrinsic_but_cross_contact_unverified,no intrinsic presence identified for the generic food identity,unverified; supplier/facility/product-specific cross-contact can differ,high_for_intrinsic_identity__not_a_cross_contact_clearance,https://www.fao.org/fao-who-codexalimentarius/sh-proxy/pl/?lnk=1&url=https%253A%252F%252Fworkspace.fao.org%252Fsites%252Fcodex%252FStandards%252FCXS%2B1-1985%252FCXS_001e.pdf|https://www.who.int/publications/i/item/B09028,Codex CXS 1-1985 — allergen declaration|WHO/FAO — Precautionary allergen labelling (PAL),"Cải ngọt is not itself the mollusc allergen category based on the catalog food identity. This does NOT establish absence of unintended allergen presence or cross-contact, so app status remains unknown.",do_not_treat_as_safe; require supplier/SKU evidence for allergy filtering
cai_ngot,Cải ngọt,sesame,unknown,not_intrinsic_but_cross_contact_unverified,no intrinsic presence identified for the generic food identity,unverified; supplier/facility/product-specific cross-contact can differ,high_for_intrinsic_identity__not_a_cross_contact_clearance,https://www.fao.org/fao-who-codexalimentarius/sh-proxy/pl/?lnk=1&url=https%253A%252F%252Fworkspace.fao.org%252Fsites%252Fcodex%252FStandards%252FCXS%2B1-1985%252FCXS_001e.pdf|https://www.who.int/publications/i/item/B09028,Codex CXS 1-1985 — allergen declaration|WHO/FAO — Precautionary allergen labelling (PAL),"Cải ngọt is not itself the sesame allergen category based on the catalog food identity. This does NOT establish absence of unintended allergen presence or cross-contact, so app status remains unknown.",do_not_treat_as_safe; require supplier/SKU evidence for allergy filtering
cai_thao,Cải thảo,peanut,unknown,not_intrinsic_but_cross_contact_unverified,no intrinsic presence identified for the generic food identity,unverified; supplier/facility/product-specific cross-contact can differ,high_for_intrinsic_identity__not_a_cross_contact_clearance,https://www.fao.org/fao-who-codexalimentarius/sh-proxy/pl/?lnk=1&url=https%253A%252F%252Fworkspace.fao.org%252Fsites%252Fcodex%252FStandards%252FCXS%2B1-1985%252FCXS_001e.pdf|https://www.who.int/publications/i/item/B09028,Codex CXS 1-1985 — allergen declaration|WHO/FAO — Precautionary allergen labelling (PAL),"Cải thảo is not itself the peanut allergen category based on the catalog food identity. This does NOT establish absence of unintended allergen presence or cross-contact, so app status remains unknown.",do_not_treat_as_safe; require supplier/SKU evidence for allergy filtering
cai_thao,Cải thảo,tree_nut,unknown,not_intrinsic_but_cross_contact_unverified,no intrinsic presence identified for the generic food identity,unverified; supplier/facility/product-specific cross-contact can differ,high_for_intrinsic_identity__not_a_cross_contact_clearance,https://www.fao.org/fao-who-codexalimentarius/sh-proxy/pl/?lnk=1&url=https%253A%252F%252Fworkspace.fao.org%252Fsites%252Fcodex%252FStandards%252FCXS%2B1-1985%252FCXS_001e.pdf|https://www.who.int/publications/i/item/B09028,Codex CXS 1-1985 — allergen declaration|WHO/FAO — Precautionary allergen labelling (PAL),"Cải thảo is not itself the tree_nut allergen category based on the catalog food identity. This does NOT establish absence of unintended allergen presence or cross-contact, so app status remains unknown.",do_not_treat_as_safe; require supplier/SKU evidence for allergy filtering
cai_thao,Cải thảo,dairy,unknown,not_intrinsic_but_cross_contact_unverified,no intrinsic presence identified for the generic food identity,unverified; supplier/facility/product-specific cross-contact can differ,high_for_intrinsic_identity__not_a_cross_contact_clearance,https://www.fao.org/fao-who-codexalimentarius/sh-proxy/pl/?lnk=1&url=https%253A%252F%252Fworkspace.fao.org%252Fsites%252Fcodex%252FStandards%252FCXS%2B1-1985%252FCXS_001e.pdf|https://www.who.int/publications/i/item/B09028,Codex CXS 1-1985 — allergen declaration|WHO/FAO — Precautionary allergen labelling (PAL),"Cải thảo is not itself the dairy allergen category based on the catalog food identity. This does NOT establish absence of unintended allergen presence or cross-contact, so app status remains unknown.",do_not_treat_as_safe; require supplier/SKU evidence for allergy filtering
cai_thao,Cải thảo,egg,unknown,not_intrinsic_but_cross_contact_unverified,no intrinsic presence identified for the generic food identity,unverified; supplier/facility/product-specific cross-contact can differ,high_for_intrinsic_identity__not_a_cross_contact_clearance,https://www.fao.org/fao-who-codexalimentarius/sh-proxy/pl/?lnk=1&url=https%253A%252F%252Fworkspace.fao.org%252Fsites%252Fcodex%252FStandards%252FCXS%2B1-1985%252FCXS_001e.pdf|https://www.who.int/publications/i/item/B09028,Codex CXS 1-1985 — allergen declaration|WHO/FAO — Precautionary allergen labelling (PAL),"Cải thảo is not itself the egg allergen category based on the catalog food identity. This does NOT establish absence of unintended allergen presence or cross-contact, so app status remains unknown.",do_not_treat_as_safe; require supplier/SKU evidence for allergy filtering
cai_thao,Cải thảo,soy,unknown,not_intrinsic_but_cross_contact_unverified,no intrinsic presence identified for the generic food identity,unverified; supplier/facility/product-specific cross-contact can differ,high_for_intrinsic_identity__not_a_cross_contact_clearance,https://www.fao.org/fao-who-codexalimentarius/sh-proxy/pl/?lnk=1&url=https%253A%252F%252Fworkspace.fao.org%252Fsites%252Fcodex%252FStandards%252FCXS%2B1-1985%252FCXS_001e.pdf|https://www.who.int/publications/i/item/B09028,Codex CXS 1-1985 — allergen declaration|WHO/FAO — Precautionary allergen labelling (PAL),"Cải thảo is not itself the soy allergen category based on the catalog food identity. This does NOT establish absence of unintended allergen presence or cross-contact, so app status remains unknown.",do_not_treat_as_safe; require supplier/SKU evidence for allergy filtering
cai_thao,Cải thảo,wheat,unknown,not_intrinsic_but_cross_contact_unverified,no intrinsic presence identified for the generic food identity,unverified; supplier/facility/product-specific cross-contact can differ,high_for_intrinsic_identity__not_a_cross_contact_clearance,https://www.fao.org/fao-who-codexalimentarius/sh-proxy/pl/?lnk=1&url=https%253A%252F%252Fworkspace.fao.org%252Fsites%252Fcodex%252FStandards%252FCXS%2B1-1985%252FCXS_001e.pdf|https://www.who.int/publications/i/item/B09028,Codex CXS 1-1985 — allergen declaration|WHO/FAO — Precautionary allergen labelling (PAL),"Cải thảo is not itself the wheat allergen category based on the catalog food identity. This does NOT establish absence of unintended allergen presence or cross-contact, so app status remains unknown.",do_not_treat_as_safe; require supplier/SKU evidence for allergy filtering
cai_thao,Cải thảo,fish,unknown,not_intrinsic_but_cross_contact_unverified,no intrinsic presence identified for the generic food identity,unverified; supplier/facility/product-specific cross-contact can differ,high_for_intrinsic_identity__not_a_cross_contact_clearance,https://www.fao.org/fao-who-codexalimentarius/sh-proxy/pl/?lnk=1&url=https%253A%252F%252Fworkspace.fao.org%252Fsites%252Fcodex%252FStandards%252FCXS%2B1-1985%252FCXS_001e.pdf|https://www.who.int/publications/i/item/B09028,Codex CXS 1-1985 — allergen declaration|WHO/FAO — Precautionary allergen labelling (PAL),"Cải thảo is not itself the fish allergen category based on the catalog food identity. This does NOT establish absence of unintended allergen presence or cross-contact, so app status remains unknown.",do_not_treat_as_safe; require supplier/SKU evidence for allergy filtering
cai_thao,Cải thảo,crustacean,unknown,not_intrinsic_but_cross_contact_unverified,no intrinsic presence identified for the generic food identity,unverified; supplier/facility/product-specific cross-contact can differ,high_for_intrinsic_identity__not_a_cross_contact_clearance,https://www.fao.org/fao-who-codexalimentarius/sh-proxy/pl/?lnk=1&url=https%253A%252F%252Fworkspace.fao.org%252Fsites%252Fcodex%252FStandards%252FCXS%2B1-1985%252FCXS_001e.pdf|https://www.who.int/publications/i/item/B09028,Codex CXS 1-1985 — allergen declaration|WHO/FAO — Precautionary allergen labelling (PAL),"Cải thảo is not itself the crustacean allergen category based on the catalog food identity. This does NOT establish absence of unintended allergen presence or cross-contact, so app status remains unknown.",do_not_treat_as_safe; require supplier/SKU evidence for allergy filtering
cai_thao,Cải thảo,mollusc,unknown,not_intrinsic_but_cross_contact_unverified,no intrinsic presence identified for the generic food identity,unverified; supplier/facility/product-specific cross-contact can differ,high_for_intrinsic_identity__not_a_cross_contact_clearance,https://www.fao.org/fao-who-codexalimentarius/sh-proxy/pl/?lnk=1&url=https%253A%252F%252Fworkspace.fao.org%252Fsites%252Fcodex%252FStandards%252FCXS%2B1-1985%252FCXS_001e.pdf|https://www.who.int/publications/i/item/B09028,Codex CXS 1-1985 — allergen declaration|WHO/FAO — Precautionary allergen labelling (PAL),"Cải thảo is not itself the mollusc allergen category based on the catalog food identity. This does NOT establish absence of unintended allergen presence or cross-contact, so app status remains unknown.",do_not_treat_as_safe; require supplier/SKU evidence for allergy filtering
cai_thao,Cải thảo,sesame,unknown,not_intrinsic_but_cross_contact_unverified,no intrinsic presence identified for the generic food identity,unverified; supplier/facility/product-specific cross-contact can differ,high_for_intrinsic_identity__not_a_cross_contact_clearance,https://www.fao.org/fao-who-codexalimentarius/sh-proxy/pl/?lnk=1&url=https%253A%252F%252Fworkspace.fao.org%252Fsites%252Fcodex%252FStandards%252FCXS%2B1-1985%252FCXS_001e.pdf|https://www.who.int/publications/i/item/B09028,Codex CXS 1-1985 — allergen declaration|WHO/FAO — Precautionary allergen labelling (PAL),"Cải thảo is not itself the sesame allergen category based on the catalog food identity. This does NOT establish absence of unintended allergen presence or cross-contact, so app status remains unknown.",do_not_treat_as_safe; require supplier/SKU evidence for allergy filtering
bap_cai,Bắp cải,peanut,unknown,not_intrinsic_but_cross_contact_unverified,no intrinsic presence identified for the generic food identity,unverified; supplier/facility/product-specific cross-contact can differ,high_for_intrinsic_identity__not_a_cross_contact_clearance,https://www.fao.org/fao-who-codexalimentarius/sh-proxy/pl/?lnk=1&url=https%253A%252F%252Fworkspace.fao.org%252Fsites%252Fcodex%252FStandards%252FCXS%2B1-1985%252FCXS_001e.pdf|https://www.who.int/publications/i/item/B09028,Codex CXS 1-1985 — allergen declaration|WHO/FAO — Precautionary allergen labelling (PAL),"Bắp cải is not itself the peanut allergen category based on the catalog food identity. This does NOT establish absence of unintended allergen presence or cross-contact, so app status remains unknown.",do_not_treat_as_safe; require supplier/SKU evidence for allergy filtering
bap_cai,Bắp cải,tree_nut,unknown,not_intrinsic_but_cross_contact_unverified,no intrinsic presence identified for the generic food identity,unverified; supplier/facility/product-specific cross-contact can differ,high_for_intrinsic_identity__not_a_cross_contact_clearance,https://www.fao.org/fao-who-codexalimentarius/sh-proxy/pl/?lnk=1&url=https%253A%252F%252Fworkspace.fao.org%252Fsites%252Fcodex%252FStandards%252FCXS%2B1-1985%252FCXS_001e.pdf|https://www.who.int/publications/i/item/B09028,Codex CXS 1-1985 — allergen declaration|WHO/FAO — Precautionary allergen labelling (PAL),"Bắp cải is not itself the tree_nut allergen category based on the catalog food identity. This does NOT establish absence of unintended allergen presence or cross-contact, so app status remains unknown.",do_not_treat_as_safe; require supplier/SKU evidence for allergy filtering
bap_cai,Bắp cải,dairy,unknown,not_intrinsic_but_cross_contact_unverified,no intrinsic presence identified for the generic food identity,unverified; supplier/facility/product-specific cross-contact can differ,high_for_intrinsic_identity__not_a_cross_contact_clearance,https://www.fao.org/fao-who-codexalimentarius/sh-proxy/pl/?lnk=1&url=https%253A%252F%252Fworkspace.fao.org%252Fsites%252Fcodex%252FStandards%252FCXS%2B1-1985%252FCXS_001e.pdf|https://www.who.int/publications/i/item/B09028,Codex CXS 1-1985 — allergen declaration|WHO/FAO — Precautionary allergen labelling (PAL),"Bắp cải is not itself the dairy allergen category based on the catalog food identity. This does NOT establish absence of unintended allergen presence or cross-contact, so app status remains unknown.",do_not_treat_as_safe; require supplier/SKU evidence for allergy filtering
bap_cai,Bắp cải,egg,unknown,not_intrinsic_but_cross_contact_unverified,no intrinsic presence identified for the generic food identity,unverified; supplier/facility/product-specific cross-contact can differ,high_for_intrinsic_identity__not_a_cross_contact_clearance,https://www.fao.org/fao-who-codexalimentarius/sh-proxy/pl/?lnk=1&url=https%253A%252F%252Fworkspace.fao.org%252Fsites%252Fcodex%252FStandards%252FCXS%2B1-1985%252FCXS_001e.pdf|https://www.who.int/publications/i/item/B09028,Codex CXS 1-1985 — allergen declaration|WHO/FAO — Precautionary allergen labelling (PAL),"Bắp cải is not itself the egg allergen category based on the catalog food identity. This does NOT establish absence of unintended allergen presence or cross-contact, so app status remains unknown.",do_not_treat_as_safe; require supplier/SKU evidence for allergy filtering
bap_cai,Bắp cải,soy,unknown,not_intrinsic_but_cross_contact_unverified,no intrinsic presence identified for the generic food identity,unverified; supplier/facility/product-specific cross-contact can differ,high_for_intrinsic_identity__not_a_cross_contact_clearance,https://www.fao.org/fao-who-codexalimentarius/sh-proxy/pl/?lnk=1&url=https%253A%252F%252Fworkspace.fao.org%252Fsites%252Fcodex%252FStandards%252FCXS%2B1-1985%252FCXS_001e.pdf|https://www.who.int/publications/i/item/B09028,Codex CXS 1-1985 — allergen declaration|WHO/FAO — Precautionary allergen labelling (PAL),"Bắp cải is not itself the soy allergen category based on the catalog food identity. This does NOT establish absence of unintended allergen presence or cross-contact, so app status remains unknown.",do_not_treat_as_safe; require supplier/SKU evidence for allergy filtering
bap_cai,Bắp cải,wheat,unknown,not_intrinsic_but_cross_contact_unverified,no intrinsic presence identified for the generic food identity,unverified; supplier/facility/product-specific cross-contact can differ,high_for_intrinsic_identity__not_a_cross_contact_clearance,https://www.fao.org/fao-who-codexalimentarius/sh-proxy/pl/?lnk=1&url=https%253A%252F%252Fworkspace.fao.org%252Fsites%252Fcodex%252FStandards%252FCXS%2B1-1985%252FCXS_001e.pdf|https://www.who.int/publications/i/item/B09028,Codex CXS 1-1985 — allergen declaration|WHO/FAO — Precautionary allergen labelling (PAL),"Bắp cải is not itself the wheat allergen category based on the catalog food identity. This does NOT establish absence of unintended allergen presence or cross-contact, so app status remains unknown.",do_not_treat_as_safe; require supplier/SKU evidence for allergy filtering
bap_cai,Bắp cải,fish,unknown,not_intrinsic_but_cross_contact_unverified,no intrinsic presence identified for the generic food identity,unverified; supplier/facility/product-specific cross-contact can differ,high_for_intrinsic_identity__not_a_cross_contact_clearance,https://www.fao.org/fao-who-codexalimentarius/sh-proxy/pl/?lnk=1&url=https%253A%252F%252Fworkspace.fao.org%252Fsites%252Fcodex%252FStandards%252FCXS%2B1-1985%252FCXS_001e.pdf|https://www.who.int/publications/i/item/B09028,Codex CXS 1-1985 — allergen declaration|WHO/FAO — Precautionary allergen labelling (PAL),"Bắp cải is not itself the fish allergen category based on the catalog food identity. This does NOT establish absence of unintended allergen presence or cross-contact, so app status remains unknown.",do_not_treat_as_safe; require supplier/SKU evidence for allergy filtering
bap_cai,Bắp cải,crustacean,unknown,not_intrinsic_but_cross_contact_unverified,no intrinsic presence identified for the generic food identity,unverified; supplier/facility/product-specific cross-contact can differ,high_for_intrinsic_identity__not_a_cross_contact_clearance,https://www.fao.org/fao-who-codexalimentarius/sh-proxy/pl/?lnk=1&url=https%253A%252F%252Fworkspace.fao.org%252Fsites%252Fcodex%252FStandards%252FCXS%2B1-1985%252FCXS_001e.pdf|https://www.who.int/publications/i/item/B09028,Codex CXS 1-1985 — allergen declaration|WHO/FAO — Precautionary allergen labelling (PAL),"Bắp cải is not itself the crustacean allergen category based on the catalog food identity. This does NOT establish absence of unintended allergen presence or cross-contact, so app status remains unknown.",do_not_treat_as_safe; require supplier/SKU evidence for allergy filtering
bap_cai,Bắp cải,mollusc,unknown,not_intrinsic_but_cross_contact_unverified,no intrinsic presence identified for the generic food identity,unverified; supplier/facility/product-specific cross-contact can differ,high_for_intrinsic_identity__not_a_cross_contact_clearance,https://www.fao.org/fao-who-codexalimentarius/sh-proxy/pl/?lnk=1&url=https%253A%252F%252Fworkspace.fao.org%252Fsites%252Fcodex%252FStandards%252FCXS%2B1-1985%252FCXS_001e.pdf|https://www.who.int/publications/i/item/B09028,Codex CXS 1-1985 — allergen declaration|WHO/FAO — Precautionary allergen labelling (PAL),"Bắp cải is not itself the mollusc allergen category based on the catalog food identity. This does NOT establish absence of unintended allergen presence or cross-contact, so app status remains unknown.",do_not_treat_as_safe; require supplier/SKU evidence for allergy filtering
bap_cai,Bắp cải,sesame,unknown,not_intrinsic_but_cross_contact_unverified,no intrinsic presence identified for the generic food identity,unverified; supplier/facility/product-specific cross-contact can differ,high_for_intrinsic_identity__not_a_cross_contact_clearance,https://www.fao.org/fao-who-codexalimentarius/sh-proxy/pl/?lnk=1&url=https%253A%252F%252Fworkspace.fao.org%252Fsites%252Fcodex%252FStandards%252FCXS%2B1-1985%252FCXS_001e.pdf|https://www.who.int/publications/i/item/B09028,Codex CXS 1-1985 — allergen declaration|WHO/FAO — Precautionary allergen labelling (PAL),"Bắp cải is not itself the sesame allergen category based on the catalog food identity. This does NOT establish absence of unintended allergen presence or cross-contact, so app status remains unknown.",do_not_treat_as_safe; require supplier/SKU evidence for allergy filtering
rau_den,Rau dền,peanut,unknown,not_intrinsic_but_cross_contact_unverified,no intrinsic presence identified for the generic food identity,unverified; supplier/facility/product-specific cross-contact can differ,high_for_intrinsic_identity__not_a_cross_contact_clearance,https://www.fao.org/fao-who-codexalimentarius/sh-proxy/pl/?lnk=1&url=https%253A%252F%252Fworkspace.fao.org%252Fsites%252Fcodex%252FStandards%252FCXS%2B1-1985%252FCXS_001e.pdf|https://www.who.int/publications/i/item/B09028,Codex CXS 1-1985 — allergen declaration|WHO/FAO — Precautionary allergen labelling (PAL),"Rau dền is not itself the peanut allergen category based on the catalog food identity. This does NOT establish absence of unintended allergen presence or cross-contact, so app status remains unknown.",do_not_treat_as_safe; require supplier/SKU evidence for allergy filtering
rau_den,Rau dền,tree_nut,unknown,not_intrinsic_but_cross_contact_unverified,no intrinsic presence identified for the generic food identity,unverified; supplier/facility/product-specific cross-contact can differ,high_for_intrinsic_identity__not_a_cross_contact_clearance,https://www.fao.org/fao-who-codexalimentarius/sh-proxy/pl/?lnk=1&url=https%253A%252F%252Fworkspace.fao.org%252Fsites%252Fcodex%252FStandards%252FCXS%2B1-1985%252FCXS_001e.pdf|https://www.who.int/publications/i/item/B09028,Codex CXS 1-1985 — allergen declaration|WHO/FAO — Precautionary allergen labelling (PAL),"Rau dền is not itself the tree_nut allergen category based on the catalog food identity. This does NOT establish absence of unintended allergen presence or cross-contact, so app status remains unknown.",do_not_treat_as_safe; require supplier/SKU evidence for allergy filtering
rau_den,Rau dền,dairy,unknown,not_intrinsic_but_cross_contact_unverified,no intrinsic presence identified for the generic food identity,unverified; supplier/facility/product-specific cross-contact can differ,high_for_intrinsic_identity__not_a_cross_contact_clearance,https://www.fao.org/fao-who-codexalimentarius/sh-proxy/pl/?lnk=1&url=https%253A%252F%252Fworkspace.fao.org%252Fsites%252Fcodex%252FStandards%252FCXS%2B1-1985%252FCXS_001e.pdf|https://www.who.int/publications/i/item/B09028,Codex CXS 1-1985 — allergen declaration|WHO/FAO — Precautionary allergen labelling (PAL),"Rau dền is not itself the dairy allergen category based on the catalog food identity. This does NOT establish absence of unintended allergen presence or cross-contact, so app status remains unknown.",do_not_treat_as_safe; require supplier/SKU evidence for allergy filtering
rau_den,Rau dền,egg,unknown,not_intrinsic_but_cross_contact_unverified,no intrinsic presence identified for the generic food identity,unverified; supplier/facility/product-specific cross-contact can differ,high_for_intrinsic_identity__not_a_cross_contact_clearance,https://www.fao.org/fao-who-codexalimentarius/sh-proxy/pl/?lnk=1&url=https%253A%252F%252Fworkspace.fao.org%252Fsites%252Fcodex%252FStandards%252FCXS%2B1-1985%252FCXS_001e.pdf|https://www.who.int/publications/i/item/B09028,Codex CXS 1-1985 — allergen declaration|WHO/FAO — Precautionary allergen labelling (PAL),"Rau dền is not itself the egg allergen category based on the catalog food identity. This does NOT establish absence of unintended allergen presence or cross-contact, so app status remains unknown.",do_not_treat_as_safe; require supplier/SKU evidence for allergy filtering
rau_den,Rau dền,soy,unknown,not_intrinsic_but_cross_contact_unverified,no intrinsic presence identified for the generic food identity,unverified; supplier/facility/product-specific cross-contact can differ,high_for_intrinsic_identity__not_a_cross_contact_clearance,https://www.fao.org/fao-who-codexalimentarius/sh-proxy/pl/?lnk=1&url=https%253A%252F%252Fworkspace.fao.org%252Fsites%252Fcodex%252FStandards%252FCXS%2B1-1985%252FCXS_001e.pdf|https://www.who.int/publications/i/item/B09028,Codex CXS 1-1985 — allergen declaration|WHO/FAO — Precautionary allergen labelling (PAL),"Rau dền is not itself the soy allergen category based on the catalog food identity. This does NOT establish absence of unintended allergen presence or cross-contact, so app status remains unknown.",do_not_treat_as_safe; require supplier/SKU evidence for allergy filtering
rau_den,Rau dền,wheat,unknown,not_intrinsic_but_cross_contact_unverified,no intrinsic presence identified for the generic food identity,unverified; supplier/facility/product-specific cross-contact can differ,high_for_intrinsic_identity__not_a_cross_contact_clearance,https://www.fao.org/fao-who-codexalimentarius/sh-proxy/pl/?lnk=1&url=https%253A%252F%252Fworkspace.fao.org%252Fsites%252Fcodex%252FStandards%252FCXS%2B1-1985%252FCXS_001e.pdf|https://www.who.int/publications/i/item/B09028,Codex CXS 1-1985 — allergen declaration|WHO/FAO — Precautionary allergen labelling (PAL),"Rau dền is not itself the wheat allergen category based on the catalog food identity. This does NOT establish absence of unintended allergen presence or cross-contact, so app status remains unknown.",do_not_treat_as_safe; require supplier/SKU evidence for allergy filtering
rau_den,Rau dền,fish,unknown,not_intrinsic_but_cross_contact_unverified,no intrinsic presence identified for the generic food identity,unverified; supplier/facility/product-specific cross-contact can differ,high_for_intrinsic_identity__not_a_cross_contact_clearance,https://www.fao.org/fao-who-codexalimentarius/sh-proxy/pl/?lnk=1&url=https%253A%252F%252Fworkspace.fao.org%252Fsites%252Fcodex%252FStandards%252FCXS%2B1-1985%252FCXS_001e.pdf|https://www.who.int/publications/i/item/B09028,Codex CXS 1-1985 — allergen declaration|WHO/FAO — Precautionary allergen labelling (PAL),"Rau dền is not itself the fish allergen category based on the catalog food identity. This does NOT establish absence of unintended allergen presence or cross-contact, so app status remains unknown.",do_not_treat_as_safe; require supplier/SKU evidence for allergy filtering
rau_den,Rau dền,crustacean,unknown,not_intrinsic_but_cross_contact_unverified,no intrinsic presence identified for the generic food identity,unverified; supplier/facility/product-specific cross-contact can differ,high_for_intrinsic_identity__not_a_cross_contact_clearance,https://www.fao.org/fao-who-codexalimentarius/sh-proxy/pl/?lnk=1&url=https%253A%252F%252Fworkspace.fao.org%252Fsites%252Fcodex%252FStandards%252FCXS%2B1-1985%252FCXS_001e.pdf|https://www.who.int/publications/i/item/B09028,Codex CXS 1-1985 — allergen declaration|WHO/FAO — Precautionary allergen labelling (PAL),"Rau dền is not itself the crustacean allergen category based on the catalog food identity. This does NOT establish absence of unintended allergen presence or cross-contact, so app status remains unknown.",do_not_treat_as_safe; require supplier/SKU evidence for allergy filtering
rau_den,Rau dền,mollusc,unknown,not_intrinsic_but_cross_contact_unverified,no intrinsic presence identified for the generic food identity,unverified; supplier/facility/product-specific cross-contact can differ,high_for_intrinsic_identity__not_a_cross_contact_clearance,https://www.fao.org/fao-who-codexalimentarius/sh-proxy/pl/?lnk=1&url=https%253A%252F%252Fworkspace.fao.org%252Fsites%252Fcodex%252FStandards%252FCXS%2B1-1985%252FCXS_001e.pdf|https://www.who.int/publications/i/item/B09028,Codex CXS 1-1985 — allergen declaration|WHO/FAO — Precautionary allergen labelling (PAL),"Rau dền is not itself the mollusc allergen category based on the catalog food identity. This does NOT establish absence of unintended allergen presence or cross-contact, so app status remains unknown.",do_not_treat_as_safe; require supplier/SKU evidence for allergy filtering
rau_den,Rau dền,sesame,unknown,not_intrinsic_but_cross_contact_unverified,no intrinsic presence identified for the generic food identity,unverified; supplier/facility/product-specific cross-contact can differ,high_for_intrinsic_identity__not_a_cross_contact_clearance,https://www.fao.org/fao-who-codexalimentarius/sh-proxy/pl/?lnk=1&url=https%253A%252F%252Fworkspace.fao.org%252Fsites%252Fcodex%252FStandards%252FCXS%2B1-1985%252FCXS_001e.pdf|https://www.who.int/publications/i/item/B09028,Codex CXS 1-1985 — allergen declaration|WHO/FAO — Precautionary allergen labelling (PAL),"Rau dền is not itself the sesame allergen category based on the catalog food identity. This does NOT establish absence of unintended allergen presence or cross-contact, so app status remains unknown.",do_not_treat_as_safe; require supplier/SKU evidence for allergy filtering
bi_dao,Bí đao,peanut,unknown,not_intrinsic_but_cross_contact_unverified,no intrinsic presence identified for the generic food identity,unverified; supplier/facility/product-specific cross-contact can differ,high_for_intrinsic_identity__not_a_cross_contact_clearance,https://www.fao.org/fao-who-codexalimentarius/sh-proxy/pl/?lnk=1&url=https%253A%252F%252Fworkspace.fao.org%252Fsites%252Fcodex%252FStandards%252FCXS%2B1-1985%252FCXS_001e.pdf|https://www.who.int/publications/i/item/B09028,Codex CXS 1-1985 — allergen declaration|WHO/FAO — Precautionary allergen labelling (PAL),"Bí đao is not itself the peanut allergen category based on the catalog food identity. This does NOT establish absence of unintended allergen presence or cross-contact, so app status remains unknown.",do_not_treat_as_safe; require supplier/SKU evidence for allergy filtering
bi_dao,Bí đao,tree_nut,unknown,not_intrinsic_but_cross_contact_unverified,no intrinsic presence identified for the generic food identity,unverified; supplier/facility/product-specific cross-contact can differ,high_for_intrinsic_identity__not_a_cross_contact_clearance,https://www.fao.org/fao-who-codexalimentarius/sh-proxy/pl/?lnk=1&url=https%253A%252F%252Fworkspace.fao.org%252Fsites%252Fcodex%252FStandards%252FCXS%2B1-1985%252FCXS_001e.pdf|https://www.who.int/publications/i/item/B09028,Codex CXS 1-1985 — allergen declaration|WHO/FAO — Precautionary allergen labelling (PAL),"Bí đao is not itself the tree_nut allergen category based on the catalog food identity. This does NOT establish absence of unintended allergen presence or cross-contact, so app status remains unknown.",do_not_treat_as_safe; require supplier/SKU evidence for allergy filtering
bi_dao,Bí đao,dairy,unknown,not_intrinsic_but_cross_contact_unverified,no intrinsic presence identified for the generic food identity,unverified; supplier/facility/product-specific cross-contact can differ,high_for_intrinsic_identity__not_a_cross_contact_clearance,https://www.fao.org/fao-who-codexalimentarius/sh-proxy/pl/?lnk=1&url=https%253A%252F%252Fworkspace.fao.org%252Fsites%252Fcodex%252FStandards%252FCXS%2B1-1985%252FCXS_001e.pdf|https://www.who.int/publications/i/item/B09028,Codex CXS 1-1985 — allergen declaration|WHO/FAO — Precautionary allergen labelling (PAL),"Bí đao is not itself the dairy allergen category based on the catalog food identity. This does NOT establish absence of unintended allergen presence or cross-contact, so app status remains unknown.",do_not_treat_as_safe; require supplier/SKU evidence for allergy filtering
bi_dao,Bí đao,egg,unknown,not_intrinsic_but_cross_contact_unverified,no intrinsic presence identified for the generic food identity,unverified; supplier/facility/product-specific cross-contact can differ,high_for_intrinsic_identity__not_a_cross_contact_clearance,https://www.fao.org/fao-who-codexalimentarius/sh-proxy/pl/?lnk=1&url=https%253A%252F%252Fworkspace.fao.org%252Fsites%252Fcodex%252FStandards%252FCXS%2B1-1985%252FCXS_001e.pdf|https://www.who.int/publications/i/item/B09028,Codex CXS 1-1985 — allergen declaration|WHO/FAO — Precautionary allergen labelling (PAL),"Bí đao is not itself the egg allergen category based on the catalog food identity. This does NOT establish absence of unintended allergen presence or cross-contact, so app status remains unknown.",do_not_treat_as_safe; require supplier/SKU evidence for allergy filtering
bi_dao,Bí đao,soy,unknown,not_intrinsic_but_cross_contact_unverified,no intrinsic presence identified for the generic food identity,unverified; supplier/facility/product-specific cross-contact can differ,high_for_intrinsic_identity__not_a_cross_contact_clearance,https://www.fao.org/fao-who-codexalimentarius/sh-proxy/pl/?lnk=1&url=https%253A%252F%252Fworkspace.fao.org%252Fsites%252Fcodex%252FStandards%252FCXS%2B1-1985%252FCXS_001e.pdf|https://www.who.int/publications/i/item/B09028,Codex CXS 1-1985 — allergen declaration|WHO/FAO — Precautionary allergen labelling (PAL),"Bí đao is not itself the soy allergen category based on the catalog food identity. This does NOT establish absence of unintended allergen presence or cross-contact, so app status remains unknown.",do_not_treat_as_safe; require supplier/SKU evidence for allergy filtering
bi_dao,Bí đao,wheat,unknown,not_intrinsic_but_cross_contact_unverified,no intrinsic presence identified for the generic food identity,unverified; supplier/facility/product-specific cross-contact can differ,high_for_intrinsic_identity__not_a_cross_contact_clearance,https://www.fao.org/fao-who-codexalimentarius/sh-proxy/pl/?lnk=1&url=https%253A%252F%252Fworkspace.fao.org%252Fsites%252Fcodex%252FStandards%252FCXS%2B1-1985%252FCXS_001e.pdf|https://www.who.int/publications/i/item/B09028,Codex CXS 1-1985 — allergen declaration|WHO/FAO — Precautionary allergen labelling (PAL),"Bí đao is not itself the wheat allergen category based on the catalog food identity. This does NOT establish absence of unintended allergen presence or cross-contact, so app status remains unknown.",do_not_treat_as_safe; require supplier/SKU evidence for allergy filtering
bi_dao,Bí đao,fish,unknown,not_intrinsic_but_cross_contact_unverified,no intrinsic presence identified for the generic food identity,unverified; supplier/facility/product-specific cross-contact can differ,high_for_intrinsic_identity__not_a_cross_contact_clearance,https://www.fao.org/fao-who-codexalimentarius/sh-proxy/pl/?lnk=1&url=https%253A%252F%252Fworkspace.fao.org%252Fsites%252Fcodex%252FStandards%252FCXS%2B1-1985%252FCXS_001e.pdf|https://www.who.int/publications/i/item/B09028,Codex CXS 1-1985 — allergen declaration|WHO/FAO — Precautionary allergen labelling (PAL),"Bí đao is not itself the fish allergen category based on the catalog food identity. This does NOT establish absence of unintended allergen presence or cross-contact, so app status remains unknown.",do_not_treat_as_safe; require supplier/SKU evidence for allergy filtering
bi_dao,Bí đao,crustacean,unknown,not_intrinsic_but_cross_contact_unverified,no intrinsic presence identified for the generic food identity,unverified; supplier/facility/product-specific cross-contact can differ,high_for_intrinsic_identity__not_a_cross_contact_clearance,https://www.fao.org/fao-who-codexalimentarius/sh-proxy/pl/?lnk=1&url=https%253A%252F%252Fworkspace.fao.org%252Fsites%252Fcodex%252FStandards%252FCXS%2B1-1985%252FCXS_001e.pdf|https://www.who.int/publications/i/item/B09028,Codex CXS 1-1985 — allergen declaration|WHO/FAO — Precautionary allergen labelling (PAL),"Bí đao is not itself the crustacean allergen category based on the catalog food identity. This does NOT establish absence of unintended allergen presence or cross-contact, so app status remains unknown.",do_not_treat_as_safe; require supplier/SKU evidence for allergy filtering
bi_dao,Bí đao,mollusc,unknown,not_intrinsic_but_cross_contact_unverified,no intrinsic presence identified for the generic food identity,unverified; supplier/facility/product-specific cross-contact can differ,high_for_intrinsic_identity__not_a_cross_contact_clearance,https://www.fao.org/fao-who-codexalimentarius/sh-proxy/pl/?lnk=1&url=https%253A%252F%252Fworkspace.fao.org%252Fsites%252Fcodex%252FStandards%252FCXS%2B1-1985%252FCXS_001e.pdf|https://www.who.int/publications/i/item/B09028,Codex CXS 1-1985 — allergen declaration|WHO/FAO — Precautionary allergen labelling (PAL),"Bí đao is not itself the mollusc allergen category based on the catalog food identity. This does NOT establish absence of unintended allergen presence or cross-contact, so app status remains unknown.",do_not_treat_as_safe; require supplier/SKU evidence for allergy filtering
bi_dao,Bí đao,sesame,unknown,not_intrinsic_but_cross_contact_unverified,no intrinsic presence identified for the generic food identity,unverified; supplier/facility/product-specific cross-contact can differ,high_for_intrinsic_identity__not_a_cross_contact_clearance,https://www.fao.org/fao-who-codexalimentarius/sh-proxy/pl/?lnk=1&url=https%253A%252F%252Fworkspace.fao.org%252Fsites%252Fcodex%252FStandards%252FCXS%2B1-1985%252FCXS_001e.pdf|https://www.who.int/publications/i/item/B09028,Codex CXS 1-1985 — allergen declaration|WHO/FAO — Precautionary allergen labelling (PAL),"Bí đao is not itself the sesame allergen category based on the catalog food identity. This does NOT establish absence of unintended allergen presence or cross-contact, so app status remains unknown.",do_not_treat_as_safe; require supplier/SKU evidence for allergy filtering
bi_do,Bí đỏ,peanut,unknown,not_intrinsic_but_cross_contact_unverified,no intrinsic presence identified for the generic food identity,unverified; supplier/facility/product-specific cross-contact can differ,high_for_intrinsic_identity__not_a_cross_contact_clearance,https://www.fao.org/fao-who-codexalimentarius/sh-proxy/pl/?lnk=1&url=https%253A%252F%252Fworkspace.fao.org%252Fsites%252Fcodex%252FStandards%252FCXS%2B1-1985%252FCXS_001e.pdf|https://www.who.int/publications/i/item/B09028,Codex CXS 1-1985 — allergen declaration|WHO/FAO — Precautionary allergen labelling (PAL),"Bí đỏ is not itself the peanut allergen category based on the catalog food identity. This does NOT establish absence of unintended allergen presence or cross-contact, so app status remains unknown.",do_not_treat_as_safe; require supplier/SKU evidence for allergy filtering
bi_do,Bí đỏ,tree_nut,unknown,not_intrinsic_but_cross_contact_unverified,no intrinsic presence identified for the generic food identity,unverified; supplier/facility/product-specific cross-contact can differ,high_for_intrinsic_identity__not_a_cross_contact_clearance,https://www.fao.org/fao-who-codexalimentarius/sh-proxy/pl/?lnk=1&url=https%253A%252F%252Fworkspace.fao.org%252Fsites%252Fcodex%252FStandards%252FCXS%2B1-1985%252FCXS_001e.pdf|https://www.who.int/publications/i/item/B09028,Codex CXS 1-1985 — allergen declaration|WHO/FAO — Precautionary allergen labelling (PAL),"Bí đỏ is not itself the tree_nut allergen category based on the catalog food identity. This does NOT establish absence of unintended allergen presence or cross-contact, so app status remains unknown.",do_not_treat_as_safe; require supplier/SKU evidence for allergy filtering
bi_do,Bí đỏ,dairy,unknown,not_intrinsic_but_cross_contact_unverified,no intrinsic presence identified for the generic food identity,unverified; supplier/facility/product-specific cross-contact can differ,high_for_intrinsic_identity__not_a_cross_contact_clearance,https://www.fao.org/fao-who-codexalimentarius/sh-proxy/pl/?lnk=1&url=https%253A%252F%252Fworkspace.fao.org%252Fsites%252Fcodex%252FStandards%252FCXS%2B1-1985%252FCXS_001e.pdf|https://www.who.int/publications/i/item/B09028,Codex CXS 1-1985 — allergen declaration|WHO/FAO — Precautionary allergen labelling (PAL),"Bí đỏ is not itself the dairy allergen category based on the catalog food identity. This does NOT establish absence of unintended allergen presence or cross-contact, so app status remains unknown.",do_not_treat_as_safe; require supplier/SKU evidence for allergy filtering
bi_do,Bí đỏ,egg,unknown,not_intrinsic_but_cross_contact_unverified,no intrinsic presence identified for the generic food identity,unverified; supplier/facility/product-specific cross-contact can differ,high_for_intrinsic_identity__not_a_cross_contact_clearance,https://www.fao.org/fao-who-codexalimentarius/sh-proxy/pl/?lnk=1&url=https%253A%252F%252Fworkspace.fao.org%252Fsites%252Fcodex%252FStandards%252FCXS%2B1-1985%252FCXS_001e.pdf|https://www.who.int/publications/i/item/B09028,Codex CXS 1-1985 — allergen declaration|WHO/FAO — Precautionary allergen labelling (PAL),"Bí đỏ is not itself the egg allergen category based on the catalog food identity. This does NOT establish absence of unintended allergen presence or cross-contact, so app status remains unknown.",do_not_treat_as_safe; require supplier/SKU evidence for allergy filtering
bi_do,Bí đỏ,soy,unknown,not_intrinsic_but_cross_contact_unverified,no intrinsic presence identified for the generic food identity,unverified; supplier/facility/product-specific cross-contact can differ,high_for_intrinsic_identity__not_a_cross_contact_clearance,https://www.fao.org/fao-who-codexalimentarius/sh-proxy/pl/?lnk=1&url=https%253A%252F%252Fworkspace.fao.org%252Fsites%252Fcodex%252FStandards%252FCXS%2B1-1985%252FCXS_001e.pdf|https://www.who.int/publications/i/item/B09028,Codex CXS 1-1985 — allergen declaration|WHO/FAO — Precautionary allergen labelling (PAL),"Bí đỏ is not itself the soy allergen category based on the catalog food identity. This does NOT establish absence of unintended allergen presence or cross-contact, so app status remains unknown.",do_not_treat_as_safe; require supplier/SKU evidence for allergy filtering
bi_do,Bí đỏ,wheat,unknown,not_intrinsic_but_cross_contact_unverified,no intrinsic presence identified for the generic food identity,unverified; supplier/facility/product-specific cross-contact can differ,high_for_intrinsic_identity__not_a_cross_contact_clearance,https://www.fao.org/fao-who-codexalimentarius/sh-proxy/pl/?lnk=1&url=https%253A%252F%252Fworkspace.fao.org%252Fsites%252Fcodex%252FStandards%252FCXS%2B1-1985%252FCXS_001e.pdf|https://www.who.int/publications/i/item/B09028,Codex CXS 1-1985 — allergen declaration|WHO/FAO — Precautionary allergen labelling (PAL),"Bí đỏ is not itself the wheat allergen category based on the catalog food identity. This does NOT establish absence of unintended allergen presence or cross-contact, so app status remains unknown.",do_not_treat_as_safe; require supplier/SKU evidence for allergy filtering
bi_do,Bí đỏ,fish,unknown,not_intrinsic_but_cross_contact_unverified,no intrinsic presence identified for the generic food identity,unverified; supplier/facility/product-specific cross-contact can differ,high_for_intrinsic_identity__not_a_cross_contact_clearance,https://www.fao.org/fao-who-codexalimentarius/sh-proxy/pl/?lnk=1&url=https%253A%252F%252Fworkspace.fao.org%252Fsites%252Fcodex%252FStandards%252FCXS%2B1-1985%252FCXS_001e.pdf|https://www.who.int/publications/i/item/B09028,Codex CXS 1-1985 — allergen declaration|WHO/FAO — Precautionary allergen labelling (PAL),"Bí đỏ is not itself the fish allergen category based on the catalog food identity. This does NOT establish absence of unintended allergen presence or cross-contact, so app status remains unknown.",do_not_treat_as_safe; require supplier/SKU evidence for allergy filtering
bi_do,Bí đỏ,crustacean,unknown,not_intrinsic_but_cross_contact_unverified,no intrinsic presence identified for the generic food identity,unverified; supplier/facility/product-specific cross-contact can differ,high_for_intrinsic_identity__not_a_cross_contact_clearance,https://www.fao.org/fao-who-codexalimentarius/sh-proxy/pl/?lnk=1&url=https%253A%252F%252Fworkspace.fao.org%252Fsites%252Fcodex%252FStandards%252FCXS%2B1-1985%252FCXS_001e.pdf|https://www.who.int/publications/i/item/B09028,Codex CXS 1-1985 — allergen declaration|WHO/FAO — Precautionary allergen labelling (PAL),"Bí đỏ is not itself the crustacean allergen category based on the catalog food identity. This does NOT establish absence of unintended allergen presence or cross-contact, so app status remains unknown.",do_not_treat_as_safe; require supplier/SKU evidence for allergy filtering
bi_do,Bí đỏ,mollusc,unknown,not_intrinsic_but_cross_contact_unverified,no intrinsic presence identified for the generic food identity,unverified; supplier/facility/product-specific cross-contact can differ,high_for_intrinsic_identity__not_a_cross_contact_clearance,https://www.fao.org/fao-who-codexalimentarius/sh-proxy/pl/?lnk=1&url=https%253A%252F%252Fworkspace.fao.org%252Fsites%252Fcodex%252FStandards%252FCXS%2B1-1985%252FCXS_001e.pdf|https://www.who.int/publications/i/item/B09028,Codex CXS 1-1985 — allergen declaration|WHO/FAO — Precautionary allergen labelling (PAL),"Bí đỏ is not itself the mollusc allergen category based on the catalog food identity. This does NOT establish absence of unintended allergen presence or cross-contact, so app status remains unknown.",do_not_treat_as_safe; require supplier/SKU evidence for allergy filtering
bi_do,Bí đỏ,sesame,unknown,not_intrinsic_but_cross_contact_unverified,no intrinsic presence identified for the generic food identity,unverified; supplier/facility/product-specific cross-contact can differ,high_for_intrinsic_identity__not_a_cross_contact_clearance,https://www.fao.org/fao-who-codexalimentarius/sh-proxy/pl/?lnk=1&url=https%253A%252F%252Fworkspace.fao.org%252Fsites%252Fcodex%252FStandards%252FCXS%2B1-1985%252FCXS_001e.pdf|https://www.who.int/publications/i/item/B09028,Codex CXS 1-1985 — allergen declaration|WHO/FAO — Precautionary allergen labelling (PAL),"Bí đỏ is not itself the sesame allergen category based on the catalog food identity. This does NOT establish absence of unintended allergen presence or cross-contact, so app status remains unknown.",do_not_treat_as_safe; require supplier/SKU evidence for allergy filtering
muop_huong,Mướp hương,peanut,unknown,not_intrinsic_but_cross_contact_unverified,no intrinsic presence identified for the generic food identity,unverified; supplier/facility/product-specific cross-contact can differ,high_for_intrinsic_identity__not_a_cross_contact_clearance,https://www.fao.org/fao-who-codexalimentarius/sh-proxy/pl/?lnk=1&url=https%253A%252F%252Fworkspace.fao.org%252Fsites%252Fcodex%252FStandards%252FCXS%2B1-1985%252FCXS_001e.pdf|https://www.who.int/publications/i/item/B09028,Codex CXS 1-1985 — allergen declaration|WHO/FAO — Precautionary allergen labelling (PAL),"Mướp hương is not itself the peanut allergen category based on the catalog food identity. This does NOT establish absence of unintended allergen presence or cross-contact, so app status remains unknown.",do_not_treat_as_safe; require supplier/SKU evidence for allergy filtering
muop_huong,Mướp hương,tree_nut,unknown,not_intrinsic_but_cross_contact_unverified,no intrinsic presence identified for the generic food identity,unverified; supplier/facility/product-specific cross-contact can differ,high_for_intrinsic_identity__not_a_cross_contact_clearance,https://www.fao.org/fao-who-codexalimentarius/sh-proxy/pl/?lnk=1&url=https%253A%252F%252Fworkspace.fao.org%252Fsites%252Fcodex%252FStandards%252FCXS%2B1-1985%252FCXS_001e.pdf|https://www.who.int/publications/i/item/B09028,Codex CXS 1-1985 — allergen declaration|WHO/FAO — Precautionary allergen labelling (PAL),"Mướp hương is not itself the tree_nut allergen category based on the catalog food identity. This does NOT establish absence of unintended allergen presence or cross-contact, so app status remains unknown.",do_not_treat_as_safe; require supplier/SKU evidence for allergy filtering
muop_huong,Mướp hương,dairy,unknown,not_intrinsic_but_cross_contact_unverified,no intrinsic presence identified for the generic food identity,unverified; supplier/facility/product-specific cross-contact can differ,high_for_intrinsic_identity__not_a_cross_contact_clearance,https://www.fao.org/fao-who-codexalimentarius/sh-proxy/pl/?lnk=1&url=https%253A%252F%252Fworkspace.fao.org%252Fsites%252Fcodex%252FStandards%252FCXS%2B1-1985%252FCXS_001e.pdf|https://www.who.int/publications/i/item/B09028,Codex CXS 1-1985 — allergen declaration|WHO/FAO — Precautionary allergen labelling (PAL),"Mướp hương is not itself the dairy allergen category based on the catalog food identity. This does NOT establish absence of unintended allergen presence or cross-contact, so app status remains unknown.",do_not_treat_as_safe; require supplier/SKU evidence for allergy filtering
muop_huong,Mướp hương,egg,unknown,not_intrinsic_but_cross_contact_unverified,no intrinsic presence identified for the generic food identity,unverified; supplier/facility/product-specific cross-contact can differ,high_for_intrinsic_identity__not_a_cross_contact_clearance,https://www.fao.org/fao-who-codexalimentarius/sh-proxy/pl/?lnk=1&url=https%253A%252F%252Fworkspace.fao.org%252Fsites%252Fcodex%252FStandards%252FCXS%2B1-1985%252FCXS_001e.pdf|https://www.who.int/publications/i/item/B09028,Codex CXS 1-1985 — allergen declaration|WHO/FAO — Precautionary allergen labelling (PAL),"Mướp hương is not itself the egg allergen category based on the catalog food identity. This does NOT establish absence of unintended allergen presence or cross-contact, so app status remains unknown.",do_not_treat_as_safe; require supplier/SKU evidence for allergy filtering
muop_huong,Mướp hương,soy,unknown,not_intrinsic_but_cross_contact_unverified,no intrinsic presence identified for the generic food identity,unverified; supplier/facility/product-specific cross-contact can differ,high_for_intrinsic_identity__not_a_cross_contact_clearance,https://www.fao.org/fao-who-codexalimentarius/sh-proxy/pl/?lnk=1&url=https%253A%252F%252Fworkspace.fao.org%252Fsites%252Fcodex%252FStandards%252FCXS%2B1-1985%252FCXS_001e.pdf|https://www.who.int/publications/i/item/B09028,Codex CXS 1-1985 — allergen declaration|WHO/FAO — Precautionary allergen labelling (PAL),"Mướp hương is not itself the soy allergen category based on the catalog food identity. This does NOT establish absence of unintended allergen presence or cross-contact, so app status remains unknown.",do_not_treat_as_safe; require supplier/SKU evidence for allergy filtering
muop_huong,Mướp hương,wheat,unknown,not_intrinsic_but_cross_contact_unverified,no intrinsic presence identified for the generic food identity,unverified; supplier/facility/product-specific cross-contact can differ,high_for_intrinsic_identity__not_a_cross_contact_clearance,https://www.fao.org/fao-who-codexalimentarius/sh-proxy/pl/?lnk=1&url=https%253A%252F%252Fworkspace.fao.org%252Fsites%252Fcodex%252FStandards%252FCXS%2B1-1985%252FCXS_001e.pdf|https://www.who.int/publications/i/item/B09028,Codex CXS 1-1985 — allergen declaration|WHO/FAO — Precautionary allergen labelling (PAL),"Mướp hương is not itself the wheat allergen category based on the catalog food identity. This does NOT establish absence of unintended allergen presence or cross-contact, so app status remains unknown.",do_not_treat_as_safe; require supplier/SKU evidence for allergy filtering
muop_huong,Mướp hương,fish,unknown,not_intrinsic_but_cross_contact_unverified,no intrinsic presence identified for the generic food identity,unverified; supplier/facility/product-specific cross-contact can differ,high_for_intrinsic_identity__not_a_cross_contact_clearance,https://www.fao.org/fao-who-codexalimentarius/sh-proxy/pl/?lnk=1&url=https%253A%252F%252Fworkspace.fao.org%252Fsites%252Fcodex%252FStandards%252FCXS%2B1-1985%252FCXS_001e.pdf|https://www.who.int/publications/i/item/B09028,Codex CXS 1-1985 — allergen declaration|WHO/FAO — Precautionary allergen labelling (PAL),"Mướp hương is not itself the fish allergen category based on the catalog food identity. This does NOT establish absence of unintended allergen presence or cross-contact, so app status remains unknown.",do_not_treat_as_safe; require supplier/SKU evidence for allergy filtering
muop_huong,Mướp hương,crustacean,unknown,not_intrinsic_but_cross_contact_unverified,no intrinsic presence identified for the generic food identity,unverified; supplier/facility/product-specific cross-contact can differ,high_for_intrinsic_identity__not_a_cross_contact_clearance,https://www.fao.org/fao-who-codexalimentarius/sh-proxy/pl/?lnk=1&url=https%253A%252F%252Fworkspace.fao.org%252Fsites%252Fcodex%252FStandards%252FCXS%2B1-1985%252FCXS_001e.pdf|https://www.who.int/publications/i/item/B09028,Codex CXS 1-1985 — allergen declaration|WHO/FAO — Precautionary allergen labelling (PAL),"Mướp hương is not itself the crustacean allergen category based on the catalog food identity. This does NOT establish absence of unintended allergen presence or cross-contact, so app status remains unknown.",do_not_treat_as_safe; require supplier/SKU evidence for allergy filtering
muop_huong,Mướp hương,mollusc,unknown,not_intrinsic_but_cross_contact_unverified,no intrinsic presence identified for the generic food identity,unverified; supplier/facility/product-specific cross-contact can differ,high_for_intrinsic_identity__not_a_cross_contact_clearance,https://www.fao.org/fao-who-codexalimentarius/sh-proxy/pl/?lnk=1&url=https%253A%252F%252Fworkspace.fao.org%252Fsites%252Fcodex%252FStandards%252FCXS%2B1-1985%252FCXS_001e.pdf|https://www.who.int/publications/i/item/B09028,Codex CXS 1-1985 — allergen declaration|WHO/FAO — Precautionary allergen labelling (PAL),"Mướp hương is not itself the mollusc allergen category based on the catalog food identity. This does NOT establish absence of unintended allergen presence or cross-contact, so app status remains unknown.",do_not_treat_as_safe; require supplier/SKU evidence for allergy filtering
muop_huong,Mướp hương,sesame,unknown,not_intrinsic_but_cross_contact_unverified,no intrinsic presence identified for the generic food identity,unverified; supplier/facility/product-specific cross-contact can differ,high_for_intrinsic_identity__not_a_cross_contact_clearance,https://www.fao.org/fao-who-codexalimentarius/sh-proxy/pl/?lnk=1&url=https%253A%252F%252Fworkspace.fao.org%252Fsites%252Fcodex%252FStandards%252FCXS%2B1-1985%252FCXS_001e.pdf|https://www.who.int/publications/i/item/B09028,Codex CXS 1-1985 — allergen declaration|WHO/FAO — Precautionary allergen labelling (PAL),"Mướp hương is not itself the sesame allergen category based on the catalog food identity. This does NOT establish absence of unintended allergen presence or cross-contact, so app status remains unknown.",do_not_treat_as_safe; require supplier/SKU evidence for allergy filtering
su_su,Su su,peanut,unknown,not_intrinsic_but_cross_contact_unverified,no intrinsic presence identified for the generic food identity,unverified; supplier/facility/product-specific cross-contact can differ,high_for_intrinsic_identity__not_a_cross_contact_clearance,https://www.fao.org/fao-who-codexalimentarius/sh-proxy/pl/?lnk=1&url=https%253A%252F%252Fworkspace.fao.org%252Fsites%252Fcodex%252FStandards%252FCXS%2B1-1985%252FCXS_001e.pdf|https://www.who.int/publications/i/item/B09028,Codex CXS 1-1985 — allergen declaration|WHO/FAO — Precautionary allergen labelling (PAL),"Su su is not itself the peanut allergen category based on the catalog food identity. This does NOT establish absence of unintended allergen presence or cross-contact, so app status remains unknown.",do_not_treat_as_safe; require supplier/SKU evidence for allergy filtering
su_su,Su su,tree_nut,unknown,not_intrinsic_but_cross_contact_unverified,no intrinsic presence identified for the generic food identity,unverified; supplier/facility/product-specific cross-contact can differ,high_for_intrinsic_identity__not_a_cross_contact_clearance,https://www.fao.org/fao-who-codexalimentarius/sh-proxy/pl/?lnk=1&url=https%253A%252F%252Fworkspace.fao.org%252Fsites%252Fcodex%252FStandards%252FCXS%2B1-1985%252FCXS_001e.pdf|https://www.who.int/publications/i/item/B09028,Codex CXS 1-1985 — allergen declaration|WHO/FAO — Precautionary allergen labelling (PAL),"Su su is not itself the tree_nut allergen category based on the catalog food identity. This does NOT establish absence of unintended allergen presence or cross-contact, so app status remains unknown.",do_not_treat_as_safe; require supplier/SKU evidence for allergy filtering
su_su,Su su,dairy,unknown,not_intrinsic_but_cross_contact_unverified,no intrinsic presence identified for the generic food identity,unverified; supplier/facility/product-specific cross-contact can differ,high_for_intrinsic_identity__not_a_cross_contact_clearance,https://www.fao.org/fao-who-codexalimentarius/sh-proxy/pl/?lnk=1&url=https%253A%252F%252Fworkspace.fao.org%252Fsites%252Fcodex%252FStandards%252FCXS%2B1-1985%252FCXS_001e.pdf|https://www.who.int/publications/i/item/B09028,Codex CXS 1-1985 — allergen declaration|WHO/FAO — Precautionary allergen labelling (PAL),"Su su is not itself the dairy allergen category based on the catalog food identity. This does NOT establish absence of unintended allergen presence or cross-contact, so app status remains unknown.",do_not_treat_as_safe; require supplier/SKU evidence for allergy filtering
su_su,Su su,egg,unknown,not_intrinsic_but_cross_contact_unverified,no intrinsic presence identified for the generic food identity,unverified; supplier/facility/product-specific cross-contact can differ,high_for_intrinsic_identity__not_a_cross_contact_clearance,https://www.fao.org/fao-who-codexalimentarius/sh-proxy/pl/?lnk=1&url=https%253A%252F%252Fworkspace.fao.org%252Fsites%252Fcodex%252FStandards%252FCXS%2B1-1985%252FCXS_001e.pdf|https://www.who.int/publications/i/item/B09028,Codex CXS 1-1985 — allergen declaration|WHO/FAO — Precautionary allergen labelling (PAL),"Su su is not itself the egg allergen category based on the catalog food identity. This does NOT establish absence of unintended allergen presence or cross-contact, so app status remains unknown.",do_not_treat_as_safe; require supplier/SKU evidence for allergy filtering
su_su,Su su,soy,unknown,not_intrinsic_but_cross_contact_unverified,no intrinsic presence identified for the generic food identity,unverified; supplier/facility/product-specific cross-contact can differ,high_for_intrinsic_identity__not_a_cross_contact_clearance,https://www.fao.org/fao-who-codexalimentarius/sh-proxy/pl/?lnk=1&url=https%253A%252F%252Fworkspace.fao.org%252Fsites%252Fcodex%252FStandards%252FCXS%2B1-1985%252FCXS_001e.pdf|https://www.who.int/publications/i/item/B09028,Codex CXS 1-1985 — allergen declaration|WHO/FAO — Precautionary allergen labelling (PAL),"Su su is not itself the soy allergen category based on the catalog food identity. This does NOT establish absence of unintended allergen presence or cross-contact, so app status remains unknown.",do_not_treat_as_safe; require supplier/SKU evidence for allergy filtering
su_su,Su su,wheat,unknown,not_intrinsic_but_cross_contact_unverified,no intrinsic presence identified for the generic food identity,unverified; supplier/facility/product-specific cross-contact can differ,high_for_intrinsic_identity__not_a_cross_contact_clearance,https://www.fao.org/fao-who-codexalimentarius/sh-proxy/pl/?lnk=1&url=https%253A%252F%252Fworkspace.fao.org%252Fsites%252Fcodex%252FStandards%252FCXS%2B1-1985%252FCXS_001e.pdf|https://www.who.int/publications/i/item/B09028,Codex CXS 1-1985 — allergen declaration|WHO/FAO — Precautionary allergen labelling (PAL),"Su su is not itself the wheat allergen category based on the catalog food identity. This does NOT establish absence of unintended allergen presence or cross-contact, so app status remains unknown.",do_not_treat_as_safe; require supplier/SKU evidence for allergy filtering
su_su,Su su,fish,unknown,not_intrinsic_but_cross_contact_unverified,no intrinsic presence identified for the generic food identity,unverified; supplier/facility/product-specific cross-contact can differ,high_for_intrinsic_identity__not_a_cross_contact_clearance,https://www.fao.org/fao-who-codexalimentarius/sh-proxy/pl/?lnk=1&url=https%253A%252F%252Fworkspace.fao.org%252Fsites%252Fcodex%252FStandards%252FCXS%2B1-1985%252FCXS_001e.pdf|https://www.who.int/publications/i/item/B09028,Codex CXS 1-1985 — allergen declaration|WHO/FAO — Precautionary allergen labelling (PAL),"Su su is not itself the fish allergen category based on the catalog food identity. This does NOT establish absence of unintended allergen presence or cross-contact, so app status remains unknown.",do_not_treat_as_safe; require supplier/SKU evidence for allergy filtering
su_su,Su su,crustacean,unknown,not_intrinsic_but_cross_contact_unverified,no intrinsic presence identified for the generic food identity,unverified; supplier/facility/product-specific cross-contact can differ,high_for_intrinsic_identity__not_a_cross_contact_clearance,https://www.fao.org/fao-who-codexalimentarius/sh-proxy/pl/?lnk=1&url=https%253A%252F%252Fworkspace.fao.org%252Fsites%252Fcodex%252FStandards%252FCXS%2B1-1985%252FCXS_001e.pdf|https://www.who.int/publications/i/item/B09028,Codex CXS 1-1985 — allergen declaration|WHO/FAO — Precautionary allergen labelling (PAL),"Su su is not itself the crustacean allergen category based on the catalog food identity. This does NOT establish absence of unintended allergen presence or cross-contact, so app status remains unknown.",do_not_treat_as_safe; require supplier/SKU evidence for allergy filtering
su_su,Su su,mollusc,unknown,not_intrinsic_but_cross_contact_unverified,no intrinsic presence identified for the generic food identity,unverified; supplier/facility/product-specific cross-contact can differ,high_for_intrinsic_identity__not_a_cross_contact_clearance,https://www.fao.org/fao-who-codexalimentarius/sh-proxy/pl/?lnk=1&url=https%253A%252F%252Fworkspace.fao.org%252Fsites%252Fcodex%252FStandards%252FCXS%2B1-1985%252FCXS_001e.pdf|https://www.who.int/publications/i/item/B09028,Codex CXS 1-1985 — allergen declaration|WHO/FAO — Precautionary allergen labelling (PAL),"Su su is not itself the mollusc allergen category based on the catalog food identity. This does NOT establish absence of unintended allergen presence or cross-contact, so app status remains unknown.",do_not_treat_as_safe; require supplier/SKU evidence for allergy filtering
su_su,Su su,sesame,unknown,not_intrinsic_but_cross_contact_unverified,no intrinsic presence identified for the generic food identity,unverified; supplier/facility/product-specific cross-contact can differ,high_for_intrinsic_identity__not_a_cross_contact_clearance,https://www.fao.org/fao-who-codexalimentarius/sh-proxy/pl/?lnk=1&url=https%253A%252F%252Fworkspace.fao.org%252Fsites%252Fcodex%252FStandards%252FCXS%2B1-1985%252FCXS_001e.pdf|https://www.who.int/publications/i/item/B09028,Codex CXS 1-1985 — allergen declaration|WHO/FAO — Precautionary allergen labelling (PAL),"Su su is not itself the sesame allergen category based on the catalog food identity. This does NOT establish absence of unintended allergen presence or cross-contact, so app status remains unknown.",do_not_treat_as_safe; require supplier/SKU evidence for allergy filtering
ca_chua,Cà chua,peanut,unknown,not_intrinsic_but_cross_contact_unverified,no intrinsic presence identified for the generic food identity,unverified; supplier/facility/product-specific cross-contact can differ,high_for_intrinsic_identity__not_a_cross_contact_clearance,https://www.fao.org/fao-who-codexalimentarius/sh-proxy/pl/?lnk=1&url=https%253A%252F%252Fworkspace.fao.org%252Fsites%252Fcodex%252FStandards%252FCXS%2B1-1985%252FCXS_001e.pdf|https://www.who.int/publications/i/item/B09028,Codex CXS 1-1985 — allergen declaration|WHO/FAO — Precautionary allergen labelling (PAL),"Cà chua is not itself the peanut allergen category based on the catalog food identity. This does NOT establish absence of unintended allergen presence or cross-contact, so app status remains unknown.",do_not_treat_as_safe; require supplier/SKU evidence for allergy filtering
ca_chua,Cà chua,tree_nut,unknown,not_intrinsic_but_cross_contact_unverified,no intrinsic presence identified for the generic food identity,unverified; supplier/facility/product-specific cross-contact can differ,high_for_intrinsic_identity__not_a_cross_contact_clearance,https://www.fao.org/fao-who-codexalimentarius/sh-proxy/pl/?lnk=1&url=https%253A%252F%252Fworkspace.fao.org%252Fsites%252Fcodex%252FStandards%252FCXS%2B1-1985%252FCXS_001e.pdf|https://www.who.int/publications/i/item/B09028,Codex CXS 1-1985 — allergen declaration|WHO/FAO — Precautionary allergen labelling (PAL),"Cà chua is not itself the tree_nut allergen category based on the catalog food identity. This does NOT establish absence of unintended allergen presence or cross-contact, so app status remains unknown.",do_not_treat_as_safe; require supplier/SKU evidence for allergy filtering
ca_chua,Cà chua,dairy,unknown,not_intrinsic_but_cross_contact_unverified,no intrinsic presence identified for the generic food identity,unverified; supplier/facility/product-specific cross-contact can differ,high_for_intrinsic_identity__not_a_cross_contact_clearance,https://www.fao.org/fao-who-codexalimentarius/sh-proxy/pl/?lnk=1&url=https%253A%252F%252Fworkspace.fao.org%252Fsites%252Fcodex%252FStandards%252FCXS%2B1-1985%252FCXS_001e.pdf|https://www.who.int/publications/i/item/B09028,Codex CXS 1-1985 — allergen declaration|WHO/FAO — Precautionary allergen labelling (PAL),"Cà chua is not itself the dairy allergen category based on the catalog food identity. This does NOT establish absence of unintended allergen presence or cross-contact, so app status remains unknown.",do_not_treat_as_safe; require supplier/SKU evidence for allergy filtering
ca_chua,Cà chua,egg,unknown,not_intrinsic_but_cross_contact_unverified,no intrinsic presence identified for the generic food identity,unverified; supplier/facility/product-specific cross-contact can differ,high_for_intrinsic_identity__not_a_cross_contact_clearance,https://www.fao.org/fao-who-codexalimentarius/sh-proxy/pl/?lnk=1&url=https%253A%252F%252Fworkspace.fao.org%252Fsites%252Fcodex%252FStandards%252FCXS%2B1-1985%252FCXS_001e.pdf|https://www.who.int/publications/i/item/B09028,Codex CXS 1-1985 — allergen declaration|WHO/FAO — Precautionary allergen labelling (PAL),"Cà chua is not itself the egg allergen category based on the catalog food identity. This does NOT establish absence of unintended allergen presence or cross-contact, so app status remains unknown.",do_not_treat_as_safe; require supplier/SKU evidence for allergy filtering
ca_chua,Cà chua,soy,unknown,not_intrinsic_but_cross_contact_unverified,no intrinsic presence identified for the generic food identity,unverified; supplier/facility/product-specific cross-contact can differ,high_for_intrinsic_identity__not_a_cross_contact_clearance,https://www.fao.org/fao-who-codexalimentarius/sh-proxy/pl/?lnk=1&url=https%253A%252F%252Fworkspace.fao.org%252Fsites%252Fcodex%252FStandards%252FCXS%2B1-1985%252FCXS_001e.pdf|https://www.who.int/publications/i/item/B09028,Codex CXS 1-1985 — allergen declaration|WHO/FAO — Precautionary allergen labelling (PAL),"Cà chua is not itself the soy allergen category based on the catalog food identity. This does NOT establish absence of unintended allergen presence or cross-contact, so app status remains unknown.",do_not_treat_as_safe; require supplier/SKU evidence for allergy filtering
ca_chua,Cà chua,wheat,unknown,not_intrinsic_but_cross_contact_unverified,no intrinsic presence identified for the generic food identity,unverified; supplier/facility/product-specific cross-contact can differ,high_for_intrinsic_identity__not_a_cross_contact_clearance,https://www.fao.org/fao-who-codexalimentarius/sh-proxy/pl/?lnk=1&url=https%253A%252F%252Fworkspace.fao.org%252Fsites%252Fcodex%252FStandards%252FCXS%2B1-1985%252FCXS_001e.pdf|https://www.who.int/publications/i/item/B09028,Codex CXS 1-1985 — allergen declaration|WHO/FAO — Precautionary allergen labelling (PAL),"Cà chua is not itself the wheat allergen category based on the catalog food identity. This does NOT establish absence of unintended allergen presence or cross-contact, so app status remains unknown.",do_not_treat_as_safe; require supplier/SKU evidence for allergy filtering
ca_chua,Cà chua,fish,unknown,not_intrinsic_but_cross_contact_unverified,no intrinsic presence identified for the generic food identity,unverified; supplier/facility/product-specific cross-contact can differ,high_for_intrinsic_identity__not_a_cross_contact_clearance,https://www.fao.org/fao-who-codexalimentarius/sh-proxy/pl/?lnk=1&url=https%253A%252F%252Fworkspace.fao.org%252Fsites%252Fcodex%252FStandards%252FCXS%2B1-1985%252FCXS_001e.pdf|https://www.who.int/publications/i/item/B09028,Codex CXS 1-1985 — allergen declaration|WHO/FAO — Precautionary allergen labelling (PAL),"Cà chua is not itself the fish allergen category based on the catalog food identity. This does NOT establish absence of unintended allergen presence or cross-contact, so app status remains unknown.",do_not_treat_as_safe; require supplier/SKU evidence for allergy filtering
ca_chua,Cà chua,crustacean,unknown,not_intrinsic_but_cross_contact_unverified,no intrinsic presence identified for the generic food identity,unverified; supplier/facility/product-specific cross-contact can differ,high_for_intrinsic_identity__not_a_cross_contact_clearance,https://www.fao.org/fao-who-codexalimentarius/sh-proxy/pl/?lnk=1&url=https%253A%252F%252Fworkspace.fao.org%252Fsites%252Fcodex%252FStandards%252FCXS%2B1-1985%252FCXS_001e.pdf|https://www.who.int/publications/i/item/B09028,Codex CXS 1-1985 — allergen declaration|WHO/FAO — Precautionary allergen labelling (PAL),"Cà chua is not itself the crustacean allergen category based on the catalog food identity. This does NOT establish absence of unintended allergen presence or cross-contact, so app status remains unknown.",do_not_treat_as_safe; require supplier/SKU evidence for allergy filtering
ca_chua,Cà chua,mollusc,unknown,not_intrinsic_but_cross_contact_unverified,no intrinsic presence identified for the generic food identity,unverified; supplier/facility/product-specific cross-contact can differ,high_for_intrinsic_identity__not_a_cross_contact_clearance,https://www.fao.org/fao-who-codexalimentarius/sh-proxy/pl/?lnk=1&url=https%253A%252F%252Fworkspace.fao.org%252Fsites%252Fcodex%252FStandards%252FCXS%2B1-1985%252FCXS_001e.pdf|https://www.who.int/publications/i/item/B09028,Codex CXS 1-1985 — allergen declaration|WHO/FAO — Precautionary allergen labelling (PAL),"Cà chua is not itself the mollusc allergen category based on the catalog food identity. This does NOT establish absence of unintended allergen presence or cross-contact, so app status remains unknown.",do_not_treat_as_safe; require supplier/SKU evidence for allergy filtering
ca_chua,Cà chua,sesame,unknown,not_intrinsic_but_cross_contact_unverified,no intrinsic presence identified for the generic food identity,unverified; supplier/facility/product-specific cross-contact can differ,high_for_intrinsic_identity__not_a_cross_contact_clearance,https://www.fao.org/fao-who-codexalimentarius/sh-proxy/pl/?lnk=1&url=https%253A%252F%252Fworkspace.fao.org%252Fsites%252Fcodex%252FStandards%252FCXS%2B1-1985%252FCXS_001e.pdf|https://www.who.int/publications/i/item/B09028,Codex CXS 1-1985 — allergen declaration|WHO/FAO — Precautionary allergen labelling (PAL),"Cà chua is not itself the sesame allergen category based on the catalog food identity. This does NOT establish absence of unintended allergen presence or cross-contact, so app status remains unknown.",do_not_treat_as_safe; require supplier/SKU evidence for allergy filtering
ca_rot,Cà rốt,peanut,unknown,not_intrinsic_but_cross_contact_unverified,no intrinsic presence identified for the generic food identity,unverified; supplier/facility/product-specific cross-contact can differ,high_for_intrinsic_identity__not_a_cross_contact_clearance,https://www.fao.org/fao-who-codexalimentarius/sh-proxy/pl/?lnk=1&url=https%253A%252F%252Fworkspace.fao.org%252Fsites%252Fcodex%252FStandards%252FCXS%2B1-1985%252FCXS_001e.pdf|https://www.who.int/publications/i/item/B09028,Codex CXS 1-1985 — allergen declaration|WHO/FAO — Precautionary allergen labelling (PAL),"Cà rốt is not itself the peanut allergen category based on the catalog food identity. This does NOT establish absence of unintended allergen presence or cross-contact, so app status remains unknown.",do_not_treat_as_safe; require supplier/SKU evidence for allergy filtering
ca_rot,Cà rốt,tree_nut,unknown,not_intrinsic_but_cross_contact_unverified,no intrinsic presence identified for the generic food identity,unverified; supplier/facility/product-specific cross-contact can differ,high_for_intrinsic_identity__not_a_cross_contact_clearance,https://www.fao.org/fao-who-codexalimentarius/sh-proxy/pl/?lnk=1&url=https%253A%252F%252Fworkspace.fao.org%252Fsites%252Fcodex%252FStandards%252FCXS%2B1-1985%252FCXS_001e.pdf|https://www.who.int/publications/i/item/B09028,Codex CXS 1-1985 — allergen declaration|WHO/FAO — Precautionary allergen labelling (PAL),"Cà rốt is not itself the tree_nut allergen category based on the catalog food identity. This does NOT establish absence of unintended allergen presence or cross-contact, so app status remains unknown.",do_not_treat_as_safe; require supplier/SKU evidence for allergy filtering
ca_rot,Cà rốt,dairy,unknown,not_intrinsic_but_cross_contact_unverified,no intrinsic presence identified for the generic food identity,unverified; supplier/facility/product-specific cross-contact can differ,high_for_intrinsic_identity__not_a_cross_contact_clearance,https://www.fao.org/fao-who-codexalimentarius/sh-proxy/pl/?lnk=1&url=https%253A%252F%252Fworkspace.fao.org%252Fsites%252Fcodex%252FStandards%252FCXS%2B1-1985%252FCXS_001e.pdf|https://www.who.int/publications/i/item/B09028,Codex CXS 1-1985 — allergen declaration|WHO/FAO — Precautionary allergen labelling (PAL),"Cà rốt is not itself the dairy allergen category based on the catalog food identity. This does NOT establish absence of unintended allergen presence or cross-contact, so app status remains unknown.",do_not_treat_as_safe; require supplier/SKU evidence for allergy filtering
ca_rot,Cà rốt,egg,unknown,not_intrinsic_but_cross_contact_unverified,no intrinsic presence identified for the generic food identity,unverified; supplier/facility/product-specific cross-contact can differ,high_for_intrinsic_identity__not_a_cross_contact_clearance,https://www.fao.org/fao-who-codexalimentarius/sh-proxy/pl/?lnk=1&url=https%253A%252F%252Fworkspace.fao.org%252Fsites%252Fcodex%252FStandards%252FCXS%2B1-1985%252FCXS_001e.pdf|https://www.who.int/publications/i/item/B09028,Codex CXS 1-1985 — allergen declaration|WHO/FAO — Precautionary allergen labelling (PAL),"Cà rốt is not itself the egg allergen category based on the catalog food identity. This does NOT establish absence of unintended allergen presence or cross-contact, so app status remains unknown.",do_not_treat_as_safe; require supplier/SKU evidence for allergy filtering
ca_rot,Cà rốt,soy,unknown,not_intrinsic_but_cross_contact_unverified,no intrinsic presence identified for the generic food identity,unverified; supplier/facility/product-specific cross-contact can differ,high_for_intrinsic_identity__not_a_cross_contact_clearance,https://www.fao.org/fao-who-codexalimentarius/sh-proxy/pl/?lnk=1&url=https%253A%252F%252Fworkspace.fao.org%252Fsites%252Fcodex%252FStandards%252FCXS%2B1-1985%252FCXS_001e.pdf|https://www.who.int/publications/i/item/B09028,Codex CXS 1-1985 — allergen declaration|WHO/FAO — Precautionary allergen labelling (PAL),"Cà rốt is not itself the soy allergen category based on the catalog food identity. This does NOT establish absence of unintended allergen presence or cross-contact, so app status remains unknown.",do_not_treat_as_safe; require supplier/SKU evidence for allergy filtering
ca_rot,Cà rốt,wheat,unknown,not_intrinsic_but_cross_contact_unverified,no intrinsic presence identified for the generic food identity,unverified; supplier/facility/product-specific cross-contact can differ,high_for_intrinsic_identity__not_a_cross_contact_clearance,https://www.fao.org/fao-who-codexalimentarius/sh-proxy/pl/?lnk=1&url=https%253A%252F%252Fworkspace.fao.org%252Fsites%252Fcodex%252FStandards%252FCXS%2B1-1985%252FCXS_001e.pdf|https://www.who.int/publications/i/item/B09028,Codex CXS 1-1985 — allergen declaration|WHO/FAO — Precautionary allergen labelling (PAL),"Cà rốt is not itself the wheat allergen category based on the catalog food identity. This does NOT establish absence of unintended allergen presence or cross-contact, so app status remains unknown.",do_not_treat_as_safe; require supplier/SKU evidence for allergy filtering
ca_rot,Cà rốt,fish,unknown,not_intrinsic_but_cross_contact_unverified,no intrinsic presence identified for the generic food identity,unverified; supplier/facility/product-specific cross-contact can differ,high_for_intrinsic_identity__not_a_cross_contact_clearance,https://www.fao.org/fao-who-codexalimentarius/sh-proxy/pl/?lnk=1&url=https%253A%252F%252Fworkspace.fao.org%252Fsites%252Fcodex%252FStandards%252FCXS%2B1-1985%252FCXS_001e.pdf|https://www.who.int/publications/i/item/B09028,Codex CXS 1-1985 — allergen declaration|WHO/FAO — Precautionary allergen labelling (PAL),"Cà rốt is not itself the fish allergen category based on the catalog food identity. This does NOT establish absence of unintended allergen presence or cross-contact, so app status remains unknown.",do_not_treat_as_safe; require supplier/SKU evidence for allergy filtering
ca_rot,Cà rốt,crustacean,unknown,not_intrinsic_but_cross_contact_unverified,no intrinsic presence identified for the generic food identity,unverified; supplier/facility/product-specific cross-contact can differ,high_for_intrinsic_identity__not_a_cross_contact_clearance,https://www.fao.org/fao-who-codexalimentarius/sh-proxy/pl/?lnk=1&url=https%253A%252F%252Fworkspace.fao.org%252Fsites%252Fcodex%252FStandards%252FCXS%2B1-1985%252FCXS_001e.pdf|https://www.who.int/publications/i/item/B09028,Codex CXS 1-1985 — allergen declaration|WHO/FAO — Precautionary allergen labelling (PAL),"Cà rốt is not itself the crustacean allergen category based on the catalog food identity. This does NOT establish absence of unintended allergen presence or cross-contact, so app status remains unknown.",do_not_treat_as_safe; require supplier/SKU evidence for allergy filtering
ca_rot,Cà rốt,mollusc,unknown,not_intrinsic_but_cross_contact_unverified,no intrinsic presence identified for the generic food identity,unverified; supplier/facility/product-specific cross-contact can differ,high_for_intrinsic_identity__not_a_cross_contact_clearance,https://www.fao.org/fao-who-codexalimentarius/sh-proxy/pl/?lnk=1&url=https%253A%252F%252Fworkspace.fao.org%252Fsites%252Fcodex%252FStandards%252FCXS%2B1-1985%252FCXS_001e.pdf|https://www.who.int/publications/i/item/B09028,Codex CXS 1-1985 — allergen declaration|WHO/FAO — Precautionary allergen labelling (PAL),"Cà rốt is not itself the mollusc allergen category based on the catalog food identity. This does NOT establish absence of unintended allergen presence or cross-contact, so app status remains unknown.",do_not_treat_as_safe; require supplier/SKU evidence for allergy filtering
ca_rot,Cà rốt,sesame,unknown,not_intrinsic_but_cross_contact_unverified,no intrinsic presence identified for the generic food identity,unverified; supplier/facility/product-specific cross-contact can differ,high_for_intrinsic_identity__not_a_cross_contact_clearance,https://www.fao.org/fao-who-codexalimentarius/sh-proxy/pl/?lnk=1&url=https%253A%252F%252Fworkspace.fao.org%252Fsites%252Fcodex%252FStandards%252FCXS%2B1-1985%252FCXS_001e.pdf|https://www.who.int/publications/i/item/B09028,Codex CXS 1-1985 — allergen declaration|WHO/FAO — Precautionary allergen labelling (PAL),"Cà rốt is not itself the sesame allergen category based on the catalog food identity. This does NOT establish absence of unintended allergen presence or cross-contact, so app status remains unknown.",do_not_treat_as_safe; require supplier/SKU evidence for allergy filtering
khoai_tay,Khoai tây,peanut,unknown,not_intrinsic_but_cross_contact_unverified,no intrinsic presence identified for the generic food identity,unverified; supplier/facility/product-specific cross-contact can differ,high_for_intrinsic_identity__not_a_cross_contact_clearance,https://www.fao.org/fao-who-codexalimentarius/sh-proxy/pl/?lnk=1&url=https%253A%252F%252Fworkspace.fao.org%252Fsites%252Fcodex%252FStandards%252FCXS%2B1-1985%252FCXS_001e.pdf|https://www.who.int/publications/i/item/B09028,Codex CXS 1-1985 — allergen declaration|WHO/FAO — Precautionary allergen labelling (PAL),"Khoai tây is not itself the peanut allergen category based on the catalog food identity. This does NOT establish absence of unintended allergen presence or cross-contact, so app status remains unknown.",do_not_treat_as_safe; require supplier/SKU evidence for allergy filtering
khoai_tay,Khoai tây,tree_nut,unknown,not_intrinsic_but_cross_contact_unverified,no intrinsic presence identified for the generic food identity,unverified; supplier/facility/product-specific cross-contact can differ,high_for_intrinsic_identity__not_a_cross_contact_clearance,https://www.fao.org/fao-who-codexalimentarius/sh-proxy/pl/?lnk=1&url=https%253A%252F%252Fworkspace.fao.org%252Fsites%252Fcodex%252FStandards%252FCXS%2B1-1985%252FCXS_001e.pdf|https://www.who.int/publications/i/item/B09028,Codex CXS 1-1985 — allergen declaration|WHO/FAO — Precautionary allergen labelling (PAL),"Khoai tây is not itself the tree_nut allergen category based on the catalog food identity. This does NOT establish absence of unintended allergen presence or cross-contact, so app status remains unknown.",do_not_treat_as_safe; require supplier/SKU evidence for allergy filtering
khoai_tay,Khoai tây,dairy,unknown,not_intrinsic_but_cross_contact_unverified,no intrinsic presence identified for the generic food identity,unverified; supplier/facility/product-specific cross-contact can differ,high_for_intrinsic_identity__not_a_cross_contact_clearance,https://www.fao.org/fao-who-codexalimentarius/sh-proxy/pl/?lnk=1&url=https%253A%252F%252Fworkspace.fao.org%252Fsites%252Fcodex%252FStandards%252FCXS%2B1-1985%252FCXS_001e.pdf|https://www.who.int/publications/i/item/B09028,Codex CXS 1-1985 — allergen declaration|WHO/FAO — Precautionary allergen labelling (PAL),"Khoai tây is not itself the dairy allergen category based on the catalog food identity. This does NOT establish absence of unintended allergen presence or cross-contact, so app status remains unknown.",do_not_treat_as_safe; require supplier/SKU evidence for allergy filtering
khoai_tay,Khoai tây,egg,unknown,not_intrinsic_but_cross_contact_unverified,no intrinsic presence identified for the generic food identity,unverified; supplier/facility/product-specific cross-contact can differ,high_for_intrinsic_identity__not_a_cross_contact_clearance,https://www.fao.org/fao-who-codexalimentarius/sh-proxy/pl/?lnk=1&url=https%253A%252F%252Fworkspace.fao.org%252Fsites%252Fcodex%252FStandards%252FCXS%2B1-1985%252FCXS_001e.pdf|https://www.who.int/publications/i/item/B09028,Codex CXS 1-1985 — allergen declaration|WHO/FAO — Precautionary allergen labelling (PAL),"Khoai tây is not itself the egg allergen category based on the catalog food identity. This does NOT establish absence of unintended allergen presence or cross-contact, so app status remains unknown.",do_not_treat_as_safe; require supplier/SKU evidence for allergy filtering
khoai_tay,Khoai tây,soy,unknown,not_intrinsic_but_cross_contact_unverified,no intrinsic presence identified for the generic food identity,unverified; supplier/facility/product-specific cross-contact can differ,high_for_intrinsic_identity__not_a_cross_contact_clearance,https://www.fao.org/fao-who-codexalimentarius/sh-proxy/pl/?lnk=1&url=https%253A%252F%252Fworkspace.fao.org%252Fsites%252Fcodex%252FStandards%252FCXS%2B1-1985%252FCXS_001e.pdf|https://www.who.int/publications/i/item/B09028,Codex CXS 1-1985 — allergen declaration|WHO/FAO — Precautionary allergen labelling (PAL),"Khoai tây is not itself the soy allergen category based on the catalog food identity. This does NOT establish absence of unintended allergen presence or cross-contact, so app status remains unknown.",do_not_treat_as_safe; require supplier/SKU evidence for allergy filtering
khoai_tay,Khoai tây,wheat,unknown,not_intrinsic_but_cross_contact_unverified,no intrinsic presence identified for the generic food identity,unverified; supplier/facility/product-specific cross-contact can differ,high_for_intrinsic_identity__not_a_cross_contact_clearance,https://www.fao.org/fao-who-codexalimentarius/sh-proxy/pl/?lnk=1&url=https%253A%252F%252Fworkspace.fao.org%252Fsites%252Fcodex%252FStandards%252FCXS%2B1-1985%252FCXS_001e.pdf|https://www.who.int/publications/i/item/B09028,Codex CXS 1-1985 — allergen declaration|WHO/FAO — Precautionary allergen labelling (PAL),"Khoai tây is not itself the wheat allergen category based on the catalog food identity. This does NOT establish absence of unintended allergen presence or cross-contact, so app status remains unknown.",do_not_treat_as_safe; require supplier/SKU evidence for allergy filtering
khoai_tay,Khoai tây,fish,unknown,not_intrinsic_but_cross_contact_unverified,no intrinsic presence identified for the generic food identity,unverified; supplier/facility/product-specific cross-contact can differ,high_for_intrinsic_identity__not_a_cross_contact_clearance,https://www.fao.org/fao-who-codexalimentarius/sh-proxy/pl/?lnk=1&url=https%253A%252F%252Fworkspace.fao.org%252Fsites%252Fcodex%252FStandards%252FCXS%2B1-1985%252FCXS_001e.pdf|https://www.who.int/publications/i/item/B09028,Codex CXS 1-1985 — allergen declaration|WHO/FAO — Precautionary allergen labelling (PAL),"Khoai tây is not itself the fish allergen category based on the catalog food identity. This does NOT establish absence of unintended allergen presence or cross-contact, so app status remains unknown.",do_not_treat_as_safe; require supplier/SKU evidence for allergy filtering
khoai_tay,Khoai tây,crustacean,unknown,not_intrinsic_but_cross_contact_unverified,no intrinsic presence identified for the generic food identity,unverified; supplier/facility/product-specific cross-contact can differ,high_for_intrinsic_identity__not_a_cross_contact_clearance,https://www.fao.org/fao-who-codexalimentarius/sh-proxy/pl/?lnk=1&url=https%253A%252F%252Fworkspace.fao.org%252Fsites%252Fcodex%252FStandards%252FCXS%2B1-1985%252FCXS_001e.pdf|https://www.who.int/publications/i/item/B09028,Codex CXS 1-1985 — allergen declaration|WHO/FAO — Precautionary allergen labelling (PAL),"Khoai tây is not itself the crustacean allergen category based on the catalog food identity. This does NOT establish absence of unintended allergen presence or cross-contact, so app status remains unknown.",do_not_treat_as_safe; require supplier/SKU evidence for allergy filtering
khoai_tay,Khoai tây,mollusc,unknown,not_intrinsic_but_cross_contact_unverified,no intrinsic presence identified for the generic food identity,unverified; supplier/facility/product-specific cross-contact can differ,high_for_intrinsic_identity__not_a_cross_contact_clearance,https://www.fao.org/fao-who-codexalimentarius/sh-proxy/pl/?lnk=1&url=https%253A%252F%252Fworkspace.fao.org%252Fsites%252Fcodex%252FStandards%252FCXS%2B1-1985%252FCXS_001e.pdf|https://www.who.int/publications/i/item/B09028,Codex CXS 1-1985 — allergen declaration|WHO/FAO — Precautionary allergen labelling (PAL),"Khoai tây is not itself the mollusc allergen category based on the catalog food identity. This does NOT establish absence of unintended allergen presence or cross-contact, so app status remains unknown.",do_not_treat_as_safe; require supplier/SKU evidence for allergy filtering
khoai_tay,Khoai tây,sesame,unknown,not_intrinsic_but_cross_contact_unverified,no intrinsic presence identified for the generic food identity,unverified; supplier/facility/product-specific cross-contact can differ,high_for_intrinsic_identity__not_a_cross_contact_clearance,https://www.fao.org/fao-who-codexalimentarius/sh-proxy/pl/?lnk=1&url=https%253A%252F%252Fworkspace.fao.org%252Fsites%252Fcodex%252FStandards%252FCXS%2B1-1985%252FCXS_001e.pdf|https://www.who.int/publications/i/item/B09028,Codex CXS 1-1985 — allergen declaration|WHO/FAO — Precautionary allergen labelling (PAL),"Khoai tây is not itself the sesame allergen category based on the catalog food identity. This does NOT establish absence of unintended allergen presence or cross-contact, so app status remains unknown.",do_not_treat_as_safe; require supplier/SKU evidence for allergy filtering
dau_cove,Đậu cô ve,peanut,unknown,not_intrinsic_but_cross_contact_unverified,no intrinsic presence identified for the generic food identity,unverified; supplier/facility/product-specific cross-contact can differ,high_for_intrinsic_identity__not_a_cross_contact_clearance,https://www.fao.org/fao-who-codexalimentarius/sh-proxy/pl/?lnk=1&url=https%253A%252F%252Fworkspace.fao.org%252Fsites%252Fcodex%252FStandards%252FCXS%2B1-1985%252FCXS_001e.pdf|https://www.who.int/publications/i/item/B09028,Codex CXS 1-1985 — allergen declaration|WHO/FAO — Precautionary allergen labelling (PAL),"Đậu cô ve is not itself the peanut allergen category based on the catalog food identity. This does NOT establish absence of unintended allergen presence or cross-contact, so app status remains unknown.",do_not_treat_as_safe; require supplier/SKU evidence for allergy filtering
dau_cove,Đậu cô ve,tree_nut,unknown,not_intrinsic_but_cross_contact_unverified,no intrinsic presence identified for the generic food identity,unverified; supplier/facility/product-specific cross-contact can differ,high_for_intrinsic_identity__not_a_cross_contact_clearance,https://www.fao.org/fao-who-codexalimentarius/sh-proxy/pl/?lnk=1&url=https%253A%252F%252Fworkspace.fao.org%252Fsites%252Fcodex%252FStandards%252FCXS%2B1-1985%252FCXS_001e.pdf|https://www.who.int/publications/i/item/B09028,Codex CXS 1-1985 — allergen declaration|WHO/FAO — Precautionary allergen labelling (PAL),"Đậu cô ve is not itself the tree_nut allergen category based on the catalog food identity. This does NOT establish absence of unintended allergen presence or cross-contact, so app status remains unknown.",do_not_treat_as_safe; require supplier/SKU evidence for allergy filtering
dau_cove,Đậu cô ve,dairy,unknown,not_intrinsic_but_cross_contact_unverified,no intrinsic presence identified for the generic food identity,unverified; supplier/facility/product-specific cross-contact can differ,high_for_intrinsic_identity__not_a_cross_contact_clearance,https://www.fao.org/fao-who-codexalimentarius/sh-proxy/pl/?lnk=1&url=https%253A%252F%252Fworkspace.fao.org%252Fsites%252Fcodex%252FStandards%252FCXS%2B1-1985%252FCXS_001e.pdf|https://www.who.int/publications/i/item/B09028,Codex CXS 1-1985 — allergen declaration|WHO/FAO — Precautionary allergen labelling (PAL),"Đậu cô ve is not itself the dairy allergen category based on the catalog food identity. This does NOT establish absence of unintended allergen presence or cross-contact, so app status remains unknown.",do_not_treat_as_safe; require supplier/SKU evidence for allergy filtering
dau_cove,Đậu cô ve,egg,unknown,not_intrinsic_but_cross_contact_unverified,no intrinsic presence identified for the generic food identity,unverified; supplier/facility/product-specific cross-contact can differ,high_for_intrinsic_identity__not_a_cross_contact_clearance,https://www.fao.org/fao-who-codexalimentarius/sh-proxy/pl/?lnk=1&url=https%253A%252F%252Fworkspace.fao.org%252Fsites%252Fcodex%252FStandards%252FCXS%2B1-1985%252FCXS_001e.pdf|https://www.who.int/publications/i/item/B09028,Codex CXS 1-1985 — allergen declaration|WHO/FAO — Precautionary allergen labelling (PAL),"Đậu cô ve is not itself the egg allergen category based on the catalog food identity. This does NOT establish absence of unintended allergen presence or cross-contact, so app status remains unknown.",do_not_treat_as_safe; require supplier/SKU evidence for allergy filtering
dau_cove,Đậu cô ve,soy,unknown,not_intrinsic_but_cross_contact_unverified,no intrinsic presence identified for the generic food identity,unverified; supplier/facility/product-specific cross-contact can differ,high_for_intrinsic_identity__not_a_cross_contact_clearance,https://www.fao.org/fao-who-codexalimentarius/sh-proxy/pl/?lnk=1&url=https%253A%252F%252Fworkspace.fao.org%252Fsites%252Fcodex%252FStandards%252FCXS%2B1-1985%252FCXS_001e.pdf|https://www.who.int/publications/i/item/B09028,Codex CXS 1-1985 — allergen declaration|WHO/FAO — Precautionary allergen labelling (PAL),"Đậu cô ve is not itself the soy allergen category based on the catalog food identity. This does NOT establish absence of unintended allergen presence or cross-contact, so app status remains unknown.",do_not_treat_as_safe; require supplier/SKU evidence for allergy filtering
dau_cove,Đậu cô ve,wheat,unknown,not_intrinsic_but_cross_contact_unverified,no intrinsic presence identified for the generic food identity,unverified; supplier/facility/product-specific cross-contact can differ,high_for_intrinsic_identity__not_a_cross_contact_clearance,https://www.fao.org/fao-who-codexalimentarius/sh-proxy/pl/?lnk=1&url=https%253A%252F%252Fworkspace.fao.org%252Fsites%252Fcodex%252FStandards%252FCXS%2B1-1985%252FCXS_001e.pdf|https://www.who.int/publications/i/item/B09028,Codex CXS 1-1985 — allergen declaration|WHO/FAO — Precautionary allergen labelling (PAL),"Đậu cô ve is not itself the wheat allergen category based on the catalog food identity. This does NOT establish absence of unintended allergen presence or cross-contact, so app status remains unknown.",do_not_treat_as_safe; require supplier/SKU evidence for allergy filtering
dau_cove,Đậu cô ve,fish,unknown,not_intrinsic_but_cross_contact_unverified,no intrinsic presence identified for the generic food identity,unverified; supplier/facility/product-specific cross-contact can differ,high_for_intrinsic_identity__not_a_cross_contact_clearance,https://www.fao.org/fao-who-codexalimentarius/sh-proxy/pl/?lnk=1&url=https%253A%252F%252Fworkspace.fao.org%252Fsites%252Fcodex%252FStandards%252FCXS%2B1-1985%252FCXS_001e.pdf|https://www.who.int/publications/i/item/B09028,Codex CXS 1-1985 — allergen declaration|WHO/FAO — Precautionary allergen labelling (PAL),"Đậu cô ve is not itself the fish allergen category based on the catalog food identity. This does NOT establish absence of unintended allergen presence or cross-contact, so app status remains unknown.",do_not_treat_as_safe; require supplier/SKU evidence for allergy filtering
dau_cove,Đậu cô ve,crustacean,unknown,not_intrinsic_but_cross_contact_unverified,no intrinsic presence identified for the generic food identity,unverified; supplier/facility/product-specific cross-contact can differ,high_for_intrinsic_identity__not_a_cross_contact_clearance,https://www.fao.org/fao-who-codexalimentarius/sh-proxy/pl/?lnk=1&url=https%253A%252F%252Fworkspace.fao.org%252Fsites%252Fcodex%252FStandards%252FCXS%2B1-1985%252FCXS_001e.pdf|https://www.who.int/publications/i/item/B09028,Codex CXS 1-1985 — allergen declaration|WHO/FAO — Precautionary allergen labelling (PAL),"Đậu cô ve is not itself the crustacean allergen category based on the catalog food identity. This does NOT establish absence of unintended allergen presence or cross-contact, so app status remains unknown.",do_not_treat_as_safe; require supplier/SKU evidence for allergy filtering
dau_cove,Đậu cô ve,mollusc,unknown,not_intrinsic_but_cross_contact_unverified,no intrinsic presence identified for the generic food identity,unverified; supplier/facility/product-specific cross-contact can differ,high_for_intrinsic_identity__not_a_cross_contact_clearance,https://www.fao.org/fao-who-codexalimentarius/sh-proxy/pl/?lnk=1&url=https%253A%252F%252Fworkspace.fao.org%252Fsites%252Fcodex%252FStandards%252FCXS%2B1-1985%252FCXS_001e.pdf|https://www.who.int/publications/i/item/B09028,Codex CXS 1-1985 — allergen declaration|WHO/FAO — Precautionary allergen labelling (PAL),"Đậu cô ve is not itself the mollusc allergen category based on the catalog food identity. This does NOT establish absence of unintended allergen presence or cross-contact, so app status remains unknown.",do_not_treat_as_safe; require supplier/SKU evidence for allergy filtering
dau_cove,Đậu cô ve,sesame,unknown,not_intrinsic_but_cross_contact_unverified,no intrinsic presence identified for the generic food identity,unverified; supplier/facility/product-specific cross-contact can differ,high_for_intrinsic_identity__not_a_cross_contact_clearance,https://www.fao.org/fao-who-codexalimentarius/sh-proxy/pl/?lnk=1&url=https%253A%252F%252Fworkspace.fao.org%252Fsites%252Fcodex%252FStandards%252FCXS%2B1-1985%252FCXS_001e.pdf|https://www.who.int/publications/i/item/B09028,Codex CXS 1-1985 — allergen declaration|WHO/FAO — Precautionary allergen labelling (PAL),"Đậu cô ve is not itself the sesame allergen category based on the catalog food identity. This does NOT establish absence of unintended allergen presence or cross-contact, so app status remains unknown.",do_not_treat_as_safe; require supplier/SKU evidence for allergy filtering
gia_do,Giá đỗ,peanut,unknown,not_intrinsic_but_cross_contact_unverified,no intrinsic presence identified for the generic food identity,unverified; supplier/facility/product-specific cross-contact can differ,high_for_intrinsic_identity__not_a_cross_contact_clearance,https://www.fao.org/fao-who-codexalimentarius/sh-proxy/pl/?lnk=1&url=https%253A%252F%252Fworkspace.fao.org%252Fsites%252Fcodex%252FStandards%252FCXS%2B1-1985%252FCXS_001e.pdf|https://www.who.int/publications/i/item/B09028,Codex CXS 1-1985 — allergen declaration|WHO/FAO — Precautionary allergen labelling (PAL),"Giá đỗ is not itself the peanut allergen category based on the catalog food identity. This does NOT establish absence of unintended allergen presence or cross-contact, so app status remains unknown.",do_not_treat_as_safe; require supplier/SKU evidence for allergy filtering
gia_do,Giá đỗ,tree_nut,unknown,not_intrinsic_but_cross_contact_unverified,no intrinsic presence identified for the generic food identity,unverified; supplier/facility/product-specific cross-contact can differ,high_for_intrinsic_identity__not_a_cross_contact_clearance,https://www.fao.org/fao-who-codexalimentarius/sh-proxy/pl/?lnk=1&url=https%253A%252F%252Fworkspace.fao.org%252Fsites%252Fcodex%252FStandards%252FCXS%2B1-1985%252FCXS_001e.pdf|https://www.who.int/publications/i/item/B09028,Codex CXS 1-1985 — allergen declaration|WHO/FAO — Precautionary allergen labelling (PAL),"Giá đỗ is not itself the tree_nut allergen category based on the catalog food identity. This does NOT establish absence of unintended allergen presence or cross-contact, so app status remains unknown.",do_not_treat_as_safe; require supplier/SKU evidence for allergy filtering
gia_do,Giá đỗ,dairy,unknown,not_intrinsic_but_cross_contact_unverified,no intrinsic presence identified for the generic food identity,unverified; supplier/facility/product-specific cross-contact can differ,high_for_intrinsic_identity__not_a_cross_contact_clearance,https://www.fao.org/fao-who-codexalimentarius/sh-proxy/pl/?lnk=1&url=https%253A%252F%252Fworkspace.fao.org%252Fsites%252Fcodex%252FStandards%252FCXS%2B1-1985%252FCXS_001e.pdf|https://www.who.int/publications/i/item/B09028,Codex CXS 1-1985 — allergen declaration|WHO/FAO — Precautionary allergen labelling (PAL),"Giá đỗ is not itself the dairy allergen category based on the catalog food identity. This does NOT establish absence of unintended allergen presence or cross-contact, so app status remains unknown.",do_not_treat_as_safe; require supplier/SKU evidence for allergy filtering
gia_do,Giá đỗ,egg,unknown,not_intrinsic_but_cross_contact_unverified,no intrinsic presence identified for the generic food identity,unverified; supplier/facility/product-specific cross-contact can differ,high_for_intrinsic_identity__not_a_cross_contact_clearance,https://www.fao.org/fao-who-codexalimentarius/sh-proxy/pl/?lnk=1&url=https%253A%252F%252Fworkspace.fao.org%252Fsites%252Fcodex%252FStandards%252FCXS%2B1-1985%252FCXS_001e.pdf|https://www.who.int/publications/i/item/B09028,Codex CXS 1-1985 — allergen declaration|WHO/FAO — Precautionary allergen labelling (PAL),"Giá đỗ is not itself the egg allergen category based on the catalog food identity. This does NOT establish absence of unintended allergen presence or cross-contact, so app status remains unknown.",do_not_treat_as_safe; require supplier/SKU evidence for allergy filtering
gia_do,Giá đỗ,soy,unknown,not_intrinsic_but_cross_contact_unverified,no intrinsic presence identified for the generic food identity,unverified; supplier/facility/product-specific cross-contact can differ,high_for_intrinsic_identity__not_a_cross_contact_clearance,https://www.fao.org/fao-who-codexalimentarius/sh-proxy/pl/?lnk=1&url=https%253A%252F%252Fworkspace.fao.org%252Fsites%252Fcodex%252FStandards%252FCXS%2B1-1985%252FCXS_001e.pdf|https://www.who.int/publications/i/item/B09028,Codex CXS 1-1985 — allergen declaration|WHO/FAO — Precautionary allergen labelling (PAL),"Giá đỗ is not itself the soy allergen category based on the catalog food identity. This does NOT establish absence of unintended allergen presence or cross-contact, so app status remains unknown.",do_not_treat_as_safe; require supplier/SKU evidence for allergy filtering
gia_do,Giá đỗ,wheat,unknown,not_intrinsic_but_cross_contact_unverified,no intrinsic presence identified for the generic food identity,unverified; supplier/facility/product-specific cross-contact can differ,high_for_intrinsic_identity__not_a_cross_contact_clearance,https://www.fao.org/fao-who-codexalimentarius/sh-proxy/pl/?lnk=1&url=https%253A%252F%252Fworkspace.fao.org%252Fsites%252Fcodex%252FStandards%252FCXS%2B1-1985%252FCXS_001e.pdf|https://www.who.int/publications/i/item/B09028,Codex CXS 1-1985 — allergen declaration|WHO/FAO — Precautionary allergen labelling (PAL),"Giá đỗ is not itself the wheat allergen category based on the catalog food identity. This does NOT establish absence of unintended allergen presence or cross-contact, so app status remains unknown.",do_not_treat_as_safe; require supplier/SKU evidence for allergy filtering
gia_do,Giá đỗ,fish,unknown,not_intrinsic_but_cross_contact_unverified,no intrinsic presence identified for the generic food identity,unverified; supplier/facility/product-specific cross-contact can differ,high_for_intrinsic_identity__not_a_cross_contact_clearance,https://www.fao.org/fao-who-codexalimentarius/sh-proxy/pl/?lnk=1&url=https%253A%252F%252Fworkspace.fao.org%252Fsites%252Fcodex%252FStandards%252FCXS%2B1-1985%252FCXS_001e.pdf|https://www.who.int/publications/i/item/B09028,Codex CXS 1-1985 — allergen declaration|WHO/FAO — Precautionary allergen labelling (PAL),"Giá đỗ is not itself the fish allergen category based on the catalog food identity. This does NOT establish absence of unintended allergen presence or cross-contact, so app status remains unknown.",do_not_treat_as_safe; require supplier/SKU evidence for allergy filtering
gia_do,Giá đỗ,crustacean,unknown,not_intrinsic_but_cross_contact_unverified,no intrinsic presence identified for the generic food identity,unverified; supplier/facility/product-specific cross-contact can differ,high_for_intrinsic_identity__not_a_cross_contact_clearance,https://www.fao.org/fao-who-codexalimentarius/sh-proxy/pl/?lnk=1&url=https%253A%252F%252Fworkspace.fao.org%252Fsites%252Fcodex%252FStandards%252FCXS%2B1-1985%252FCXS_001e.pdf|https://www.who.int/publications/i/item/B09028,Codex CXS 1-1985 — allergen declaration|WHO/FAO — Precautionary allergen labelling (PAL),"Giá đỗ is not itself the crustacean allergen category based on the catalog food identity. This does NOT establish absence of unintended allergen presence or cross-contact, so app status remains unknown.",do_not_treat_as_safe; require supplier/SKU evidence for allergy filtering
gia_do,Giá đỗ,mollusc,unknown,not_intrinsic_but_cross_contact_unverified,no intrinsic presence identified for the generic food identity,unverified; supplier/facility/product-specific cross-contact can differ,high_for_intrinsic_identity__not_a_cross_contact_clearance,https://www.fao.org/fao-who-codexalimentarius/sh-proxy/pl/?lnk=1&url=https%253A%252F%252Fworkspace.fao.org%252Fsites%252Fcodex%252FStandards%252FCXS%2B1-1985%252FCXS_001e.pdf|https://www.who.int/publications/i/item/B09028,Codex CXS 1-1985 — allergen declaration|WHO/FAO — Precautionary allergen labelling (PAL),"Giá đỗ is not itself the mollusc allergen category based on the catalog food identity. This does NOT establish absence of unintended allergen presence or cross-contact, so app status remains unknown.",do_not_treat_as_safe; require supplier/SKU evidence for allergy filtering
gia_do,Giá đỗ,sesame,unknown,not_intrinsic_but_cross_contact_unverified,no intrinsic presence identified for the generic food identity,unverified; supplier/facility/product-specific cross-contact can differ,high_for_intrinsic_identity__not_a_cross_contact_clearance,https://www.fao.org/fao-who-codexalimentarius/sh-proxy/pl/?lnk=1&url=https%253A%252F%252Fworkspace.fao.org%252Fsites%252Fcodex%252FStandards%252FCXS%2B1-1985%252FCXS_001e.pdf|https://www.who.int/publications/i/item/B09028,Codex CXS 1-1985 — allergen declaration|WHO/FAO — Precautionary allergen labelling (PAL),"Giá đỗ is not itself the sesame allergen category based on the catalog food identity. This does NOT establish absence of unintended allergen presence or cross-contact, so app status remains unknown.",do_not_treat_as_safe; require supplier/SKU evidence for allergy filtering
nam_rom,Nấm rơm,peanut,unknown,not_intrinsic_but_cross_contact_unverified,no intrinsic presence identified for the generic food identity,unverified; supplier/facility/product-specific cross-contact can differ,high_for_intrinsic_identity__not_a_cross_contact_clearance,https://www.fao.org/fao-who-codexalimentarius/sh-proxy/pl/?lnk=1&url=https%253A%252F%252Fworkspace.fao.org%252Fsites%252Fcodex%252FStandards%252FCXS%2B1-1985%252FCXS_001e.pdf|https://www.who.int/publications/i/item/B09028,Codex CXS 1-1985 — allergen declaration|WHO/FAO — Precautionary allergen labelling (PAL),"Nấm rơm is not itself the peanut allergen category based on the catalog food identity. This does NOT establish absence of unintended allergen presence or cross-contact, so app status remains unknown.",do_not_treat_as_safe; require supplier/SKU evidence for allergy filtering
nam_rom,Nấm rơm,tree_nut,unknown,not_intrinsic_but_cross_contact_unverified,no intrinsic presence identified for the generic food identity,unverified; supplier/facility/product-specific cross-contact can differ,high_for_intrinsic_identity__not_a_cross_contact_clearance,https://www.fao.org/fao-who-codexalimentarius/sh-proxy/pl/?lnk=1&url=https%253A%252F%252Fworkspace.fao.org%252Fsites%252Fcodex%252FStandards%252FCXS%2B1-1985%252FCXS_001e.pdf|https://www.who.int/publications/i/item/B09028,Codex CXS 1-1985 — allergen declaration|WHO/FAO — Precautionary allergen labelling (PAL),"Nấm rơm is not itself the tree_nut allergen category based on the catalog food identity. This does NOT establish absence of unintended allergen presence or cross-contact, so app status remains unknown.",do_not_treat_as_safe; require supplier/SKU evidence for allergy filtering
nam_rom,Nấm rơm,dairy,unknown,not_intrinsic_but_cross_contact_unverified,no intrinsic presence identified for the generic food identity,unverified; supplier/facility/product-specific cross-contact can differ,high_for_intrinsic_identity__not_a_cross_contact_clearance,https://www.fao.org/fao-who-codexalimentarius/sh-proxy/pl/?lnk=1&url=https%253A%252F%252Fworkspace.fao.org%252Fsites%252Fcodex%252FStandards%252FCXS%2B1-1985%252FCXS_001e.pdf|https://www.who.int/publications/i/item/B09028,Codex CXS 1-1985 — allergen declaration|WHO/FAO — Precautionary allergen labelling (PAL),"Nấm rơm is not itself the dairy allergen category based on the catalog food identity. This does NOT establish absence of unintended allergen presence or cross-contact, so app status remains unknown.",do_not_treat_as_safe; require supplier/SKU evidence for allergy filtering
nam_rom,Nấm rơm,egg,unknown,not_intrinsic_but_cross_contact_unverified,no intrinsic presence identified for the generic food identity,unverified; supplier/facility/product-specific cross-contact can differ,high_for_intrinsic_identity__not_a_cross_contact_clearance,https://www.fao.org/fao-who-codexalimentarius/sh-proxy/pl/?lnk=1&url=https%253A%252F%252Fworkspace.fao.org%252Fsites%252Fcodex%252FStandards%252FCXS%2B1-1985%252FCXS_001e.pdf|https://www.who.int/publications/i/item/B09028,Codex CXS 1-1985 — allergen declaration|WHO/FAO — Precautionary allergen labelling (PAL),"Nấm rơm is not itself the egg allergen category based on the catalog food identity. This does NOT establish absence of unintended allergen presence or cross-contact, so app status remains unknown.",do_not_treat_as_safe; require supplier/SKU evidence for allergy filtering
nam_rom,Nấm rơm,soy,unknown,not_intrinsic_but_cross_contact_unverified,no intrinsic presence identified for the generic food identity,unverified; supplier/facility/product-specific cross-contact can differ,high_for_intrinsic_identity__not_a_cross_contact_clearance,https://www.fao.org/fao-who-codexalimentarius/sh-proxy/pl/?lnk=1&url=https%253A%252F%252Fworkspace.fao.org%252Fsites%252Fcodex%252FStandards%252FCXS%2B1-1985%252FCXS_001e.pdf|https://www.who.int/publications/i/item/B09028,Codex CXS 1-1985 — allergen declaration|WHO/FAO — Precautionary allergen labelling (PAL),"Nấm rơm is not itself the soy allergen category based on the catalog food identity. This does NOT establish absence of unintended allergen presence or cross-contact, so app status remains unknown.",do_not_treat_as_safe; require supplier/SKU evidence for allergy filtering
nam_rom,Nấm rơm,wheat,unknown,not_intrinsic_but_cross_contact_unverified,no intrinsic presence identified for the generic food identity,unverified; supplier/facility/product-specific cross-contact can differ,high_for_intrinsic_identity__not_a_cross_contact_clearance,https://www.fao.org/fao-who-codexalimentarius/sh-proxy/pl/?lnk=1&url=https%253A%252F%252Fworkspace.fao.org%252Fsites%252Fcodex%252FStandards%252FCXS%2B1-1985%252FCXS_001e.pdf|https://www.who.int/publications/i/item/B09028,Codex CXS 1-1985 — allergen declaration|WHO/FAO — Precautionary allergen labelling (PAL),"Nấm rơm is not itself the wheat allergen category based on the catalog food identity. This does NOT establish absence of unintended allergen presence or cross-contact, so app status remains unknown.",do_not_treat_as_safe; require supplier/SKU evidence for allergy filtering
nam_rom,Nấm rơm,fish,unknown,not_intrinsic_but_cross_contact_unverified,no intrinsic presence identified for the generic food identity,unverified; supplier/facility/product-specific cross-contact can differ,high_for_intrinsic_identity__not_a_cross_contact_clearance,https://www.fao.org/fao-who-codexalimentarius/sh-proxy/pl/?lnk=1&url=https%253A%252F%252Fworkspace.fao.org%252Fsites%252Fcodex%252FStandards%252FCXS%2B1-1985%252FCXS_001e.pdf|https://www.who.int/publications/i/item/B09028,Codex CXS 1-1985 — allergen declaration|WHO/FAO — Precautionary allergen labelling (PAL),"Nấm rơm is not itself the fish allergen category based on the catalog food identity. This does NOT establish absence of unintended allergen presence or cross-contact, so app status remains unknown.",do_not_treat_as_safe; require supplier/SKU evidence for allergy filtering
nam_rom,Nấm rơm,crustacean,unknown,not_intrinsic_but_cross_contact_unverified,no intrinsic presence identified for the generic food identity,unverified; supplier/facility/product-specific cross-contact can differ,high_for_intrinsic_identity__not_a_cross_contact_clearance,https://www.fao.org/fao-who-codexalimentarius/sh-proxy/pl/?lnk=1&url=https%253A%252F%252Fworkspace.fao.org%252Fsites%252Fcodex%252FStandards%252FCXS%2B1-1985%252FCXS_001e.pdf|https://www.who.int/publications/i/item/B09028,Codex CXS 1-1985 — allergen declaration|WHO/FAO — Precautionary allergen labelling (PAL),"Nấm rơm is not itself the crustacean allergen category based on the catalog food identity. This does NOT establish absence of unintended allergen presence or cross-contact, so app status remains unknown.",do_not_treat_as_safe; require supplier/SKU evidence for allergy filtering
nam_rom,Nấm rơm,mollusc,unknown,not_intrinsic_but_cross_contact_unverified,no intrinsic presence identified for the generic food identity,unverified; supplier/facility/product-specific cross-contact can differ,high_for_intrinsic_identity__not_a_cross_contact_clearance,https://www.fao.org/fao-who-codexalimentarius/sh-proxy/pl/?lnk=1&url=https%253A%252F%252Fworkspace.fao.org%252Fsites%252Fcodex%252FStandards%252FCXS%2B1-1985%252FCXS_001e.pdf|https://www.who.int/publications/i/item/B09028,Codex CXS 1-1985 — allergen declaration|WHO/FAO — Precautionary allergen labelling (PAL),"Nấm rơm is not itself the mollusc allergen category based on the catalog food identity. This does NOT establish absence of unintended allergen presence or cross-contact, so app status remains unknown.",do_not_treat_as_safe; require supplier/SKU evidence for allergy filtering
nam_rom,Nấm rơm,sesame,unknown,not_intrinsic_but_cross_contact_unverified,no intrinsic presence identified for the generic food identity,unverified; supplier/facility/product-specific cross-contact can differ,high_for_intrinsic_identity__not_a_cross_contact_clearance,https://www.fao.org/fao-who-codexalimentarius/sh-proxy/pl/?lnk=1&url=https%253A%252F%252Fworkspace.fao.org%252Fsites%252Fcodex%252FStandards%252FCXS%2B1-1985%252FCXS_001e.pdf|https://www.who.int/publications/i/item/B09028,Codex CXS 1-1985 — allergen declaration|WHO/FAO — Precautionary allergen labelling (PAL),"Nấm rơm is not itself the sesame allergen category based on the catalog food identity. This does NOT establish absence of unintended allergen presence or cross-contact, so app status remains unknown.",do_not_treat_as_safe; require supplier/SKU evidence for allergy filtering
hanh_tay,Hành tây,peanut,unknown,not_intrinsic_but_cross_contact_unverified,no intrinsic presence identified for the generic food identity,unverified; supplier/facility/product-specific cross-contact can differ,high_for_intrinsic_identity__not_a_cross_contact_clearance,https://www.fao.org/fao-who-codexalimentarius/sh-proxy/pl/?lnk=1&url=https%253A%252F%252Fworkspace.fao.org%252Fsites%252Fcodex%252FStandards%252FCXS%2B1-1985%252FCXS_001e.pdf|https://www.who.int/publications/i/item/B09028,Codex CXS 1-1985 — allergen declaration|WHO/FAO — Precautionary allergen labelling (PAL),"Hành tây is not itself the peanut allergen category based on the catalog food identity. This does NOT establish absence of unintended allergen presence or cross-contact, so app status remains unknown.",do_not_treat_as_safe; require supplier/SKU evidence for allergy filtering
hanh_tay,Hành tây,tree_nut,unknown,not_intrinsic_but_cross_contact_unverified,no intrinsic presence identified for the generic food identity,unverified; supplier/facility/product-specific cross-contact can differ,high_for_intrinsic_identity__not_a_cross_contact_clearance,https://www.fao.org/fao-who-codexalimentarius/sh-proxy/pl/?lnk=1&url=https%253A%252F%252Fworkspace.fao.org%252Fsites%252Fcodex%252FStandards%252FCXS%2B1-1985%252FCXS_001e.pdf|https://www.who.int/publications/i/item/B09028,Codex CXS 1-1985 — allergen declaration|WHO/FAO — Precautionary allergen labelling (PAL),"Hành tây is not itself the tree_nut allergen category based on the catalog food identity. This does NOT establish absence of unintended allergen presence or cross-contact, so app status remains unknown.",do_not_treat_as_safe; require supplier/SKU evidence for allergy filtering
hanh_tay,Hành tây,dairy,unknown,not_intrinsic_but_cross_contact_unverified,no intrinsic presence identified for the generic food identity,unverified; supplier/facility/product-specific cross-contact can differ,high_for_intrinsic_identity__not_a_cross_contact_clearance,https://www.fao.org/fao-who-codexalimentarius/sh-proxy/pl/?lnk=1&url=https%253A%252F%252Fworkspace.fao.org%252Fsites%252Fcodex%252FStandards%252FCXS%2B1-1985%252FCXS_001e.pdf|https://www.who.int/publications/i/item/B09028,Codex CXS 1-1985 — allergen declaration|WHO/FAO — Precautionary allergen labelling (PAL),"Hành tây is not itself the dairy allergen category based on the catalog food identity. This does NOT establish absence of unintended allergen presence or cross-contact, so app status remains unknown.",do_not_treat_as_safe; require supplier/SKU evidence for allergy filtering
hanh_tay,Hành tây,egg,unknown,not_intrinsic_but_cross_contact_unverified,no intrinsic presence identified for the generic food identity,unverified; supplier/facility/product-specific cross-contact can differ,high_for_intrinsic_identity__not_a_cross_contact_clearance,https://www.fao.org/fao-who-codexalimentarius/sh-proxy/pl/?lnk=1&url=https%253A%252F%252Fworkspace.fao.org%252Fsites%252Fcodex%252FStandards%252FCXS%2B1-1985%252FCXS_001e.pdf|https://www.who.int/publications/i/item/B09028,Codex CXS 1-1985 — allergen declaration|WHO/FAO — Precautionary allergen labelling (PAL),"Hành tây is not itself the egg allergen category based on the catalog food identity. This does NOT establish absence of unintended allergen presence or cross-contact, so app status remains unknown.",do_not_treat_as_safe; require supplier/SKU evidence for allergy filtering
hanh_tay,Hành tây,soy,unknown,not_intrinsic_but_cross_contact_unverified,no intrinsic presence identified for the generic food identity,unverified; supplier/facility/product-specific cross-contact can differ,high_for_intrinsic_identity__not_a_cross_contact_clearance,https://www.fao.org/fao-who-codexalimentarius/sh-proxy/pl/?lnk=1&url=https%253A%252F%252Fworkspace.fao.org%252Fsites%252Fcodex%252FStandards%252FCXS%2B1-1985%252FCXS_001e.pdf|https://www.who.int/publications/i/item/B09028,Codex CXS 1-1985 — allergen declaration|WHO/FAO — Precautionary allergen labelling (PAL),"Hành tây is not itself the soy allergen category based on the catalog food identity. This does NOT establish absence of unintended allergen presence or cross-contact, so app status remains unknown.",do_not_treat_as_safe; require supplier/SKU evidence for allergy filtering
hanh_tay,Hành tây,wheat,unknown,not_intrinsic_but_cross_contact_unverified,no intrinsic presence identified for the generic food identity,unverified; supplier/facility/product-specific cross-contact can differ,high_for_intrinsic_identity__not_a_cross_contact_clearance,https://www.fao.org/fao-who-codexalimentarius/sh-proxy/pl/?lnk=1&url=https%253A%252F%252Fworkspace.fao.org%252Fsites%252Fcodex%252FStandards%252FCXS%2B1-1985%252FCXS_001e.pdf|https://www.who.int/publications/i/item/B09028,Codex CXS 1-1985 — allergen declaration|WHO/FAO — Precautionary allergen labelling (PAL),"Hành tây is not itself the wheat allergen category based on the catalog food identity. This does NOT establish absence of unintended allergen presence or cross-contact, so app status remains unknown.",do_not_treat_as_safe; require supplier/SKU evidence for allergy filtering
hanh_tay,Hành tây,fish,unknown,not_intrinsic_but_cross_contact_unverified,no intrinsic presence identified for the generic food identity,unverified; supplier/facility/product-specific cross-contact can differ,high_for_intrinsic_identity__not_a_cross_contact_clearance,https://www.fao.org/fao-who-codexalimentarius/sh-proxy/pl/?lnk=1&url=https%253A%252F%252Fworkspace.fao.org%252Fsites%252Fcodex%252FStandards%252FCXS%2B1-1985%252FCXS_001e.pdf|https://www.who.int/publications/i/item/B09028,Codex CXS 1-1985 — allergen declaration|WHO/FAO — Precautionary allergen labelling (PAL),"Hành tây is not itself the fish allergen category based on the catalog food identity. This does NOT establish absence of unintended allergen presence or cross-contact, so app status remains unknown.",do_not_treat_as_safe; require supplier/SKU evidence for allergy filtering
hanh_tay,Hành tây,crustacean,unknown,not_intrinsic_but_cross_contact_unverified,no intrinsic presence identified for the generic food identity,unverified; supplier/facility/product-specific cross-contact can differ,high_for_intrinsic_identity__not_a_cross_contact_clearance,https://www.fao.org/fao-who-codexalimentarius/sh-proxy/pl/?lnk=1&url=https%253A%252F%252Fworkspace.fao.org%252Fsites%252Fcodex%252FStandards%252FCXS%2B1-1985%252FCXS_001e.pdf|https://www.who.int/publications/i/item/B09028,Codex CXS 1-1985 — allergen declaration|WHO/FAO — Precautionary allergen labelling (PAL),"Hành tây is not itself the crustacean allergen category based on the catalog food identity. This does NOT establish absence of unintended allergen presence or cross-contact, so app status remains unknown.",do_not_treat_as_safe; require supplier/SKU evidence for allergy filtering
hanh_tay,Hành tây,mollusc,unknown,not_intrinsic_but_cross_contact_unverified,no intrinsic presence identified for the generic food identity,unverified; supplier/facility/product-specific cross-contact can differ,high_for_intrinsic_identity__not_a_cross_contact_clearance,https://www.fao.org/fao-who-codexalimentarius/sh-proxy/pl/?lnk=1&url=https%253A%252F%252Fworkspace.fao.org%252Fsites%252Fcodex%252FStandards%252FCXS%2B1-1985%252FCXS_001e.pdf|https://www.who.int/publications/i/item/B09028,Codex CXS 1-1985 — allergen declaration|WHO/FAO — Precautionary allergen labelling (PAL),"Hành tây is not itself the mollusc allergen category based on the catalog food identity. This does NOT establish absence of unintended allergen presence or cross-contact, so app status remains unknown.",do_not_treat_as_safe; require supplier/SKU evidence for allergy filtering
hanh_tay,Hành tây,sesame,unknown,not_intrinsic_but_cross_contact_unverified,no intrinsic presence identified for the generic food identity,unverified; supplier/facility/product-specific cross-contact can differ,high_for_intrinsic_identity__not_a_cross_contact_clearance,https://www.fao.org/fao-who-codexalimentarius/sh-proxy/pl/?lnk=1&url=https%253A%252F%252Fworkspace.fao.org%252Fsites%252Fcodex%252FStandards%252FCXS%2B1-1985%252FCXS_001e.pdf|https://www.who.int/publications/i/item/B09028,Codex CXS 1-1985 — allergen declaration|WHO/FAO — Precautionary allergen labelling (PAL),"Hành tây is not itself the sesame allergen category based on the catalog food identity. This does NOT establish absence of unintended allergen presence or cross-contact, so app status remains unknown.",do_not_treat_as_safe; require supplier/SKU evidence for allergy filtering
hanh_la,Hành lá,peanut,unknown,not_intrinsic_but_cross_contact_unverified,no intrinsic presence identified for the generic food identity,unverified; supplier/facility/product-specific cross-contact can differ,high_for_intrinsic_identity__not_a_cross_contact_clearance,https://www.fao.org/fao-who-codexalimentarius/sh-proxy/pl/?lnk=1&url=https%253A%252F%252Fworkspace.fao.org%252Fsites%252Fcodex%252FStandards%252FCXS%2B1-1985%252FCXS_001e.pdf|https://www.who.int/publications/i/item/B09028,Codex CXS 1-1985 — allergen declaration|WHO/FAO — Precautionary allergen labelling (PAL),"Hành lá is not itself the peanut allergen category based on the catalog food identity. This does NOT establish absence of unintended allergen presence or cross-contact, so app status remains unknown.",do_not_treat_as_safe; require supplier/SKU evidence for allergy filtering
hanh_la,Hành lá,tree_nut,unknown,not_intrinsic_but_cross_contact_unverified,no intrinsic presence identified for the generic food identity,unverified; supplier/facility/product-specific cross-contact can differ,high_for_intrinsic_identity__not_a_cross_contact_clearance,https://www.fao.org/fao-who-codexalimentarius/sh-proxy/pl/?lnk=1&url=https%253A%252F%252Fworkspace.fao.org%252Fsites%252Fcodex%252FStandards%252FCXS%2B1-1985%252FCXS_001e.pdf|https://www.who.int/publications/i/item/B09028,Codex CXS 1-1985 — allergen declaration|WHO/FAO — Precautionary allergen labelling (PAL),"Hành lá is not itself the tree_nut allergen category based on the catalog food identity. This does NOT establish absence of unintended allergen presence or cross-contact, so app status remains unknown.",do_not_treat_as_safe; require supplier/SKU evidence for allergy filtering
hanh_la,Hành lá,dairy,unknown,not_intrinsic_but_cross_contact_unverified,no intrinsic presence identified for the generic food identity,unverified; supplier/facility/product-specific cross-contact can differ,high_for_intrinsic_identity__not_a_cross_contact_clearance,https://www.fao.org/fao-who-codexalimentarius/sh-proxy/pl/?lnk=1&url=https%253A%252F%252Fworkspace.fao.org%252Fsites%252Fcodex%252FStandards%252FCXS%2B1-1985%252FCXS_001e.pdf|https://www.who.int/publications/i/item/B09028,Codex CXS 1-1985 — allergen declaration|WHO/FAO — Precautionary allergen labelling (PAL),"Hành lá is not itself the dairy allergen category based on the catalog food identity. This does NOT establish absence of unintended allergen presence or cross-contact, so app status remains unknown.",do_not_treat_as_safe; require supplier/SKU evidence for allergy filtering
hanh_la,Hành lá,egg,unknown,not_intrinsic_but_cross_contact_unverified,no intrinsic presence identified for the generic food identity,unverified; supplier/facility/product-specific cross-contact can differ,high_for_intrinsic_identity__not_a_cross_contact_clearance,https://www.fao.org/fao-who-codexalimentarius/sh-proxy/pl/?lnk=1&url=https%253A%252F%252Fworkspace.fao.org%252Fsites%252Fcodex%252FStandards%252FCXS%2B1-1985%252FCXS_001e.pdf|https://www.who.int/publications/i/item/B09028,Codex CXS 1-1985 — allergen declaration|WHO/FAO — Precautionary allergen labelling (PAL),"Hành lá is not itself the egg allergen category based on the catalog food identity. This does NOT establish absence of unintended allergen presence or cross-contact, so app status remains unknown.",do_not_treat_as_safe; require supplier/SKU evidence for allergy filtering
hanh_la,Hành lá,soy,unknown,not_intrinsic_but_cross_contact_unverified,no intrinsic presence identified for the generic food identity,unverified; supplier/facility/product-specific cross-contact can differ,high_for_intrinsic_identity__not_a_cross_contact_clearance,https://www.fao.org/fao-who-codexalimentarius/sh-proxy/pl/?lnk=1&url=https%253A%252F%252Fworkspace.fao.org%252Fsites%252Fcodex%252FStandards%252FCXS%2B1-1985%252FCXS_001e.pdf|https://www.who.int/publications/i/item/B09028,Codex CXS 1-1985 — allergen declaration|WHO/FAO — Precautionary allergen labelling (PAL),"Hành lá is not itself the soy allergen category based on the catalog food identity. This does NOT establish absence of unintended allergen presence or cross-contact, so app status remains unknown.",do_not_treat_as_safe; require supplier/SKU evidence for allergy filtering
hanh_la,Hành lá,wheat,unknown,not_intrinsic_but_cross_contact_unverified,no intrinsic presence identified for the generic food identity,unverified; supplier/facility/product-specific cross-contact can differ,high_for_intrinsic_identity__not_a_cross_contact_clearance,https://www.fao.org/fao-who-codexalimentarius/sh-proxy/pl/?lnk=1&url=https%253A%252F%252Fworkspace.fao.org%252Fsites%252Fcodex%252FStandards%252FCXS%2B1-1985%252FCXS_001e.pdf|https://www.who.int/publications/i/item/B09028,Codex CXS 1-1985 — allergen declaration|WHO/FAO — Precautionary allergen labelling (PAL),"Hành lá is not itself the wheat allergen category based on the catalog food identity. This does NOT establish absence of unintended allergen presence or cross-contact, so app status remains unknown.",do_not_treat_as_safe; require supplier/SKU evidence for allergy filtering
hanh_la,Hành lá,fish,unknown,not_intrinsic_but_cross_contact_unverified,no intrinsic presence identified for the generic food identity,unverified; supplier/facility/product-specific cross-contact can differ,high_for_intrinsic_identity__not_a_cross_contact_clearance,https://www.fao.org/fao-who-codexalimentarius/sh-proxy/pl/?lnk=1&url=https%253A%252F%252Fworkspace.fao.org%252Fsites%252Fcodex%252FStandards%252FCXS%2B1-1985%252FCXS_001e.pdf|https://www.who.int/publications/i/item/B09028,Codex CXS 1-1985 — allergen declaration|WHO/FAO — Precautionary allergen labelling (PAL),"Hành lá is not itself the fish allergen category based on the catalog food identity. This does NOT establish absence of unintended allergen presence or cross-contact, so app status remains unknown.",do_not_treat_as_safe; require supplier/SKU evidence for allergy filtering
hanh_la,Hành lá,crustacean,unknown,not_intrinsic_but_cross_contact_unverified,no intrinsic presence identified for the generic food identity,unverified; supplier/facility/product-specific cross-contact can differ,high_for_intrinsic_identity__not_a_cross_contact_clearance,https://www.fao.org/fao-who-codexalimentarius/sh-proxy/pl/?lnk=1&url=https%253A%252F%252Fworkspace.fao.org%252Fsites%252Fcodex%252FStandards%252FCXS%2B1-1985%252FCXS_001e.pdf|https://www.who.int/publications/i/item/B09028,Codex CXS 1-1985 — allergen declaration|WHO/FAO — Precautionary allergen labelling (PAL),"Hành lá is not itself the crustacean allergen category based on the catalog food identity. This does NOT establish absence of unintended allergen presence or cross-contact, so app status remains unknown.",do_not_treat_as_safe; require supplier/SKU evidence for allergy filtering
hanh_la,Hành lá,mollusc,unknown,not_intrinsic_but_cross_contact_unverified,no intrinsic presence identified for the generic food identity,unverified; supplier/facility/product-specific cross-contact can differ,high_for_intrinsic_identity__not_a_cross_contact_clearance,https://www.fao.org/fao-who-codexalimentarius/sh-proxy/pl/?lnk=1&url=https%253A%252F%252Fworkspace.fao.org%252Fsites%252Fcodex%252FStandards%252FCXS%2B1-1985%252FCXS_001e.pdf|https://www.who.int/publications/i/item/B09028,Codex CXS 1-1985 — allergen declaration|WHO/FAO — Precautionary allergen labelling (PAL),"Hành lá is not itself the mollusc allergen category based on the catalog food identity. This does NOT establish absence of unintended allergen presence or cross-contact, so app status remains unknown.",do_not_treat_as_safe; require supplier/SKU evidence for allergy filtering
hanh_la,Hành lá,sesame,unknown,not_intrinsic_but_cross_contact_unverified,no intrinsic presence identified for the generic food identity,unverified; supplier/facility/product-specific cross-contact can differ,high_for_intrinsic_identity__not_a_cross_contact_clearance,https://www.fao.org/fao-who-codexalimentarius/sh-proxy/pl/?lnk=1&url=https%253A%252F%252Fworkspace.fao.org%252Fsites%252Fcodex%252FStandards%252FCXS%2B1-1985%252FCXS_001e.pdf|https://www.who.int/publications/i/item/B09028,Codex CXS 1-1985 — allergen declaration|WHO/FAO — Precautionary allergen labelling (PAL),"Hành lá is not itself the sesame allergen category based on the catalog food identity. This does NOT establish absence of unintended allergen presence or cross-contact, so app status remains unknown.",do_not_treat_as_safe; require supplier/SKU evidence for allergy filtering
hanh_tim,Hành tím,peanut,unknown,not_intrinsic_but_cross_contact_unverified,no intrinsic presence identified for the generic food identity,unverified; supplier/facility/product-specific cross-contact can differ,high_for_intrinsic_identity__not_a_cross_contact_clearance,https://www.fao.org/fao-who-codexalimentarius/sh-proxy/pl/?lnk=1&url=https%253A%252F%252Fworkspace.fao.org%252Fsites%252Fcodex%252FStandards%252FCXS%2B1-1985%252FCXS_001e.pdf|https://www.who.int/publications/i/item/B09028,Codex CXS 1-1985 — allergen declaration|WHO/FAO — Precautionary allergen labelling (PAL),"Hành tím is not itself the peanut allergen category based on the catalog food identity. This does NOT establish absence of unintended allergen presence or cross-contact, so app status remains unknown.",do_not_treat_as_safe; require supplier/SKU evidence for allergy filtering
hanh_tim,Hành tím,tree_nut,unknown,not_intrinsic_but_cross_contact_unverified,no intrinsic presence identified for the generic food identity,unverified; supplier/facility/product-specific cross-contact can differ,high_for_intrinsic_identity__not_a_cross_contact_clearance,https://www.fao.org/fao-who-codexalimentarius/sh-proxy/pl/?lnk=1&url=https%253A%252F%252Fworkspace.fao.org%252Fsites%252Fcodex%252FStandards%252FCXS%2B1-1985%252FCXS_001e.pdf|https://www.who.int/publications/i/item/B09028,Codex CXS 1-1985 — allergen declaration|WHO/FAO — Precautionary allergen labelling (PAL),"Hành tím is not itself the tree_nut allergen category based on the catalog food identity. This does NOT establish absence of unintended allergen presence or cross-contact, so app status remains unknown.",do_not_treat_as_safe; require supplier/SKU evidence for allergy filtering
hanh_tim,Hành tím,dairy,unknown,not_intrinsic_but_cross_contact_unverified,no intrinsic presence identified for the generic food identity,unverified; supplier/facility/product-specific cross-contact can differ,high_for_intrinsic_identity__not_a_cross_contact_clearance,https://www.fao.org/fao-who-codexalimentarius/sh-proxy/pl/?lnk=1&url=https%253A%252F%252Fworkspace.fao.org%252Fsites%252Fcodex%252FStandards%252FCXS%2B1-1985%252FCXS_001e.pdf|https://www.who.int/publications/i/item/B09028,Codex CXS 1-1985 — allergen declaration|WHO/FAO — Precautionary allergen labelling (PAL),"Hành tím is not itself the dairy allergen category based on the catalog food identity. This does NOT establish absence of unintended allergen presence or cross-contact, so app status remains unknown.",do_not_treat_as_safe; require supplier/SKU evidence for allergy filtering
hanh_tim,Hành tím,egg,unknown,not_intrinsic_but_cross_contact_unverified,no intrinsic presence identified for the generic food identity,unverified; supplier/facility/product-specific cross-contact can differ,high_for_intrinsic_identity__not_a_cross_contact_clearance,https://www.fao.org/fao-who-codexalimentarius/sh-proxy/pl/?lnk=1&url=https%253A%252F%252Fworkspace.fao.org%252Fsites%252Fcodex%252FStandards%252FCXS%2B1-1985%252FCXS_001e.pdf|https://www.who.int/publications/i/item/B09028,Codex CXS 1-1985 — allergen declaration|WHO/FAO — Precautionary allergen labelling (PAL),"Hành tím is not itself the egg allergen category based on the catalog food identity. This does NOT establish absence of unintended allergen presence or cross-contact, so app status remains unknown.",do_not_treat_as_safe; require supplier/SKU evidence for allergy filtering
hanh_tim,Hành tím,soy,unknown,not_intrinsic_but_cross_contact_unverified,no intrinsic presence identified for the generic food identity,unverified; supplier/facility/product-specific cross-contact can differ,high_for_intrinsic_identity__not_a_cross_contact_clearance,https://www.fao.org/fao-who-codexalimentarius/sh-proxy/pl/?lnk=1&url=https%253A%252F%252Fworkspace.fao.org%252Fsites%252Fcodex%252FStandards%252FCXS%2B1-1985%252FCXS_001e.pdf|https://www.who.int/publications/i/item/B09028,Codex CXS 1-1985 — allergen declaration|WHO/FAO — Precautionary allergen labelling (PAL),"Hành tím is not itself the soy allergen category based on the catalog food identity. This does NOT establish absence of unintended allergen presence or cross-contact, so app status remains unknown.",do_not_treat_as_safe; require supplier/SKU evidence for allergy filtering
hanh_tim,Hành tím,wheat,unknown,not_intrinsic_but_cross_contact_unverified,no intrinsic presence identified for the generic food identity,unverified; supplier/facility/product-specific cross-contact can differ,high_for_intrinsic_identity__not_a_cross_contact_clearance,https://www.fao.org/fao-who-codexalimentarius/sh-proxy/pl/?lnk=1&url=https%253A%252F%252Fworkspace.fao.org%252Fsites%252Fcodex%252FStandards%252FCXS%2B1-1985%252FCXS_001e.pdf|https://www.who.int/publications/i/item/B09028,Codex CXS 1-1985 — allergen declaration|WHO/FAO — Precautionary allergen labelling (PAL),"Hành tím is not itself the wheat allergen category based on the catalog food identity. This does NOT establish absence of unintended allergen presence or cross-contact, so app status remains unknown.",do_not_treat_as_safe; require supplier/SKU evidence for allergy filtering
hanh_tim,Hành tím,fish,unknown,not_intrinsic_but_cross_contact_unverified,no intrinsic presence identified for the generic food identity,unverified; supplier/facility/product-specific cross-contact can differ,high_for_intrinsic_identity__not_a_cross_contact_clearance,https://www.fao.org/fao-who-codexalimentarius/sh-proxy/pl/?lnk=1&url=https%253A%252F%252Fworkspace.fao.org%252Fsites%252Fcodex%252FStandards%252FCXS%2B1-1985%252FCXS_001e.pdf|https://www.who.int/publications/i/item/B09028,Codex CXS 1-1985 — allergen declaration|WHO/FAO — Precautionary allergen labelling (PAL),"Hành tím is not itself the fish allergen category based on the catalog food identity. This does NOT establish absence of unintended allergen presence or cross-contact, so app status remains unknown.",do_not_treat_as_safe; require supplier/SKU evidence for allergy filtering
hanh_tim,Hành tím,crustacean,unknown,not_intrinsic_but_cross_contact_unverified,no intrinsic presence identified for the generic food identity,unverified; supplier/facility/product-specific cross-contact can differ,high_for_intrinsic_identity__not_a_cross_contact_clearance,https://www.fao.org/fao-who-codexalimentarius/sh-proxy/pl/?lnk=1&url=https%253A%252F%252Fworkspace.fao.org%252Fsites%252Fcodex%252FStandards%252FCXS%2B1-1985%252FCXS_001e.pdf|https://www.who.int/publications/i/item/B09028,Codex CXS 1-1985 — allergen declaration|WHO/FAO — Precautionary allergen labelling (PAL),"Hành tím is not itself the crustacean allergen category based on the catalog food identity. This does NOT establish absence of unintended allergen presence or cross-contact, so app status remains unknown.",do_not_treat_as_safe; require supplier/SKU evidence for allergy filtering
hanh_tim,Hành tím,mollusc,unknown,not_intrinsic_but_cross_contact_unverified,no intrinsic presence identified for the generic food identity,unverified; supplier/facility/product-specific cross-contact can differ,high_for_intrinsic_identity__not_a_cross_contact_clearance,https://www.fao.org/fao-who-codexalimentarius/sh-proxy/pl/?lnk=1&url=https%253A%252F%252Fworkspace.fao.org%252Fsites%252Fcodex%252FStandards%252FCXS%2B1-1985%252FCXS_001e.pdf|https://www.who.int/publications/i/item/B09028,Codex CXS 1-1985 — allergen declaration|WHO/FAO — Precautionary allergen labelling (PAL),"Hành tím is not itself the mollusc allergen category based on the catalog food identity. This does NOT establish absence of unintended allergen presence or cross-contact, so app status remains unknown.",do_not_treat_as_safe; require supplier/SKU evidence for allergy filtering
hanh_tim,Hành tím,sesame,unknown,not_intrinsic_but_cross_contact_unverified,no intrinsic presence identified for the generic food identity,unverified; supplier/facility/product-specific cross-contact can differ,high_for_intrinsic_identity__not_a_cross_contact_clearance,https://www.fao.org/fao-who-codexalimentarius/sh-proxy/pl/?lnk=1&url=https%253A%252F%252Fworkspace.fao.org%252Fsites%252Fcodex%252FStandards%252FCXS%2B1-1985%252FCXS_001e.pdf|https://www.who.int/publications/i/item/B09028,Codex CXS 1-1985 — allergen declaration|WHO/FAO — Precautionary allergen labelling (PAL),"Hành tím is not itself the sesame allergen category based on the catalog food identity. This does NOT establish absence of unintended allergen presence or cross-contact, so app status remains unknown.",do_not_treat_as_safe; require supplier/SKU evidence for allergy filtering
toi,Tỏi,peanut,unknown,not_intrinsic_but_cross_contact_unverified,no intrinsic presence identified for the generic food identity,unverified; supplier/facility/product-specific cross-contact can differ,high_for_intrinsic_identity__not_a_cross_contact_clearance,https://www.fao.org/fao-who-codexalimentarius/sh-proxy/pl/?lnk=1&url=https%253A%252F%252Fworkspace.fao.org%252Fsites%252Fcodex%252FStandards%252FCXS%2B1-1985%252FCXS_001e.pdf|https://www.who.int/publications/i/item/B09028,Codex CXS 1-1985 — allergen declaration|WHO/FAO — Precautionary allergen labelling (PAL),"Tỏi is not itself the peanut allergen category based on the catalog food identity. This does NOT establish absence of unintended allergen presence or cross-contact, so app status remains unknown.",do_not_treat_as_safe; require supplier/SKU evidence for allergy filtering
toi,Tỏi,tree_nut,unknown,not_intrinsic_but_cross_contact_unverified,no intrinsic presence identified for the generic food identity,unverified; supplier/facility/product-specific cross-contact can differ,high_for_intrinsic_identity__not_a_cross_contact_clearance,https://www.fao.org/fao-who-codexalimentarius/sh-proxy/pl/?lnk=1&url=https%253A%252F%252Fworkspace.fao.org%252Fsites%252Fcodex%252FStandards%252FCXS%2B1-1985%252FCXS_001e.pdf|https://www.who.int/publications/i/item/B09028,Codex CXS 1-1985 — allergen declaration|WHO/FAO — Precautionary allergen labelling (PAL),"Tỏi is not itself the tree_nut allergen category based on the catalog food identity. This does NOT establish absence of unintended allergen presence or cross-contact, so app status remains unknown.",do_not_treat_as_safe; require supplier/SKU evidence for allergy filtering
toi,Tỏi,dairy,unknown,not_intrinsic_but_cross_contact_unverified,no intrinsic presence identified for the generic food identity,unverified; supplier/facility/product-specific cross-contact can differ,high_for_intrinsic_identity__not_a_cross_contact_clearance,https://www.fao.org/fao-who-codexalimentarius/sh-proxy/pl/?lnk=1&url=https%253A%252F%252Fworkspace.fao.org%252Fsites%252Fcodex%252FStandards%252FCXS%2B1-1985%252FCXS_001e.pdf|https://www.who.int/publications/i/item/B09028,Codex CXS 1-1985 — allergen declaration|WHO/FAO — Precautionary allergen labelling (PAL),"Tỏi is not itself the dairy allergen category based on the catalog food identity. This does NOT establish absence of unintended allergen presence or cross-contact, so app status remains unknown.",do_not_treat_as_safe; require supplier/SKU evidence for allergy filtering
toi,Tỏi,egg,unknown,not_intrinsic_but_cross_contact_unverified,no intrinsic presence identified for the generic food identity,unverified; supplier/facility/product-specific cross-contact can differ,high_for_intrinsic_identity__not_a_cross_contact_clearance,https://www.fao.org/fao-who-codexalimentarius/sh-proxy/pl/?lnk=1&url=https%253A%252F%252Fworkspace.fao.org%252Fsites%252Fcodex%252FStandards%252FCXS%2B1-1985%252FCXS_001e.pdf|https://www.who.int/publications/i/item/B09028,Codex CXS 1-1985 — allergen declaration|WHO/FAO — Precautionary allergen labelling (PAL),"Tỏi is not itself the egg allergen category based on the catalog food identity. This does NOT establish absence of unintended allergen presence or cross-contact, so app status remains unknown.",do_not_treat_as_safe; require supplier/SKU evidence for allergy filtering
toi,Tỏi,soy,unknown,not_intrinsic_but_cross_contact_unverified,no intrinsic presence identified for the generic food identity,unverified; supplier/facility/product-specific cross-contact can differ,high_for_intrinsic_identity__not_a_cross_contact_clearance,https://www.fao.org/fao-who-codexalimentarius/sh-proxy/pl/?lnk=1&url=https%253A%252F%252Fworkspace.fao.org%252Fsites%252Fcodex%252FStandards%252FCXS%2B1-1985%252FCXS_001e.pdf|https://www.who.int/publications/i/item/B09028,Codex CXS 1-1985 — allergen declaration|WHO/FAO — Precautionary allergen labelling (PAL),"Tỏi is not itself the soy allergen category based on the catalog food identity. This does NOT establish absence of unintended allergen presence or cross-contact, so app status remains unknown.",do_not_treat_as_safe; require supplier/SKU evidence for allergy filtering
toi,Tỏi,wheat,unknown,not_intrinsic_but_cross_contact_unverified,no intrinsic presence identified for the generic food identity,unverified; supplier/facility/product-specific cross-contact can differ,high_for_intrinsic_identity__not_a_cross_contact_clearance,https://www.fao.org/fao-who-codexalimentarius/sh-proxy/pl/?lnk=1&url=https%253A%252F%252Fworkspace.fao.org%252Fsites%252Fcodex%252FStandards%252FCXS%2B1-1985%252FCXS_001e.pdf|https://www.who.int/publications/i/item/B09028,Codex CXS 1-1985 — allergen declaration|WHO/FAO — Precautionary allergen labelling (PAL),"Tỏi is not itself the wheat allergen category based on the catalog food identity. This does NOT establish absence of unintended allergen presence or cross-contact, so app status remains unknown.",do_not_treat_as_safe; require supplier/SKU evidence for allergy filtering
toi,Tỏi,fish,unknown,not_intrinsic_but_cross_contact_unverified,no intrinsic presence identified for the generic food identity,unverified; supplier/facility/product-specific cross-contact can differ,high_for_intrinsic_identity__not_a_cross_contact_clearance,https://www.fao.org/fao-who-codexalimentarius/sh-proxy/pl/?lnk=1&url=https%253A%252F%252Fworkspace.fao.org%252Fsites%252Fcodex%252FStandards%252FCXS%2B1-1985%252FCXS_001e.pdf|https://www.who.int/publications/i/item/B09028,Codex CXS 1-1985 — allergen declaration|WHO/FAO — Precautionary allergen labelling (PAL),"Tỏi is not itself the fish allergen category based on the catalog food identity. This does NOT establish absence of unintended allergen presence or cross-contact, so app status remains unknown.",do_not_treat_as_safe; require supplier/SKU evidence for allergy filtering
toi,Tỏi,crustacean,unknown,not_intrinsic_but_cross_contact_unverified,no intrinsic presence identified for the generic food identity,unverified; supplier/facility/product-specific cross-contact can differ,high_for_intrinsic_identity__not_a_cross_contact_clearance,https://www.fao.org/fao-who-codexalimentarius/sh-proxy/pl/?lnk=1&url=https%253A%252F%252Fworkspace.fao.org%252Fsites%252Fcodex%252FStandards%252FCXS%2B1-1985%252FCXS_001e.pdf|https://www.who.int/publications/i/item/B09028,Codex CXS 1-1985 — allergen declaration|WHO/FAO — Precautionary allergen labelling (PAL),"Tỏi is not itself the crustacean allergen category based on the catalog food identity. This does NOT establish absence of unintended allergen presence or cross-contact, so app status remains unknown.",do_not_treat_as_safe; require supplier/SKU evidence for allergy filtering
toi,Tỏi,mollusc,unknown,not_intrinsic_but_cross_contact_unverified,no intrinsic presence identified for the generic food identity,unverified; supplier/facility/product-specific cross-contact can differ,high_for_intrinsic_identity__not_a_cross_contact_clearance,https://www.fao.org/fao-who-codexalimentarius/sh-proxy/pl/?lnk=1&url=https%253A%252F%252Fworkspace.fao.org%252Fsites%252Fcodex%252FStandards%252FCXS%2B1-1985%252FCXS_001e.pdf|https://www.who.int/publications/i/item/B09028,Codex CXS 1-1985 — allergen declaration|WHO/FAO — Precautionary allergen labelling (PAL),"Tỏi is not itself the mollusc allergen category based on the catalog food identity. This does NOT establish absence of unintended allergen presence or cross-contact, so app status remains unknown.",do_not_treat_as_safe; require supplier/SKU evidence for allergy filtering
toi,Tỏi,sesame,unknown,not_intrinsic_but_cross_contact_unverified,no intrinsic presence identified for the generic food identity,unverified; supplier/facility/product-specific cross-contact can differ,high_for_intrinsic_identity__not_a_cross_contact_clearance,https://www.fao.org/fao-who-codexalimentarius/sh-proxy/pl/?lnk=1&url=https%253A%252F%252Fworkspace.fao.org%252Fsites%252Fcodex%252FStandards%252FCXS%2B1-1985%252FCXS_001e.pdf|https://www.who.int/publications/i/item/B09028,Codex CXS 1-1985 — allergen declaration|WHO/FAO — Precautionary allergen labelling (PAL),"Tỏi is not itself the sesame allergen category based on the catalog food identity. This does NOT establish absence of unintended allergen presence or cross-contact, so app status remains unknown.",do_not_treat_as_safe; require supplier/SKU evidence for allergy filtering
gung,Gừng,peanut,unknown,not_intrinsic_but_cross_contact_unverified,no intrinsic presence identified for the generic food identity,unverified; supplier/facility/product-specific cross-contact can differ,high_for_intrinsic_identity__not_a_cross_contact_clearance,https://www.fao.org/fao-who-codexalimentarius/sh-proxy/pl/?lnk=1&url=https%253A%252F%252Fworkspace.fao.org%252Fsites%252Fcodex%252FStandards%252FCXS%2B1-1985%252FCXS_001e.pdf|https://www.who.int/publications/i/item/B09028,Codex CXS 1-1985 — allergen declaration|WHO/FAO — Precautionary allergen labelling (PAL),"Gừng is not itself the peanut allergen category based on the catalog food identity. This does NOT establish absence of unintended allergen presence or cross-contact, so app status remains unknown.",do_not_treat_as_safe; require supplier/SKU evidence for allergy filtering
gung,Gừng,tree_nut,unknown,not_intrinsic_but_cross_contact_unverified,no intrinsic presence identified for the generic food identity,unverified; supplier/facility/product-specific cross-contact can differ,high_for_intrinsic_identity__not_a_cross_contact_clearance,https://www.fao.org/fao-who-codexalimentarius/sh-proxy/pl/?lnk=1&url=https%253A%252F%252Fworkspace.fao.org%252Fsites%252Fcodex%252FStandards%252FCXS%2B1-1985%252FCXS_001e.pdf|https://www.who.int/publications/i/item/B09028,Codex CXS 1-1985 — allergen declaration|WHO/FAO — Precautionary allergen labelling (PAL),"Gừng is not itself the tree_nut allergen category based on the catalog food identity. This does NOT establish absence of unintended allergen presence or cross-contact, so app status remains unknown.",do_not_treat_as_safe; require supplier/SKU evidence for allergy filtering
gung,Gừng,dairy,unknown,not_intrinsic_but_cross_contact_unverified,no intrinsic presence identified for the generic food identity,unverified; supplier/facility/product-specific cross-contact can differ,high_for_intrinsic_identity__not_a_cross_contact_clearance,https://www.fao.org/fao-who-codexalimentarius/sh-proxy/pl/?lnk=1&url=https%253A%252F%252Fworkspace.fao.org%252Fsites%252Fcodex%252FStandards%252FCXS%2B1-1985%252FCXS_001e.pdf|https://www.who.int/publications/i/item/B09028,Codex CXS 1-1985 — allergen declaration|WHO/FAO — Precautionary allergen labelling (PAL),"Gừng is not itself the dairy allergen category based on the catalog food identity. This does NOT establish absence of unintended allergen presence or cross-contact, so app status remains unknown.",do_not_treat_as_safe; require supplier/SKU evidence for allergy filtering
gung,Gừng,egg,unknown,not_intrinsic_but_cross_contact_unverified,no intrinsic presence identified for the generic food identity,unverified; supplier/facility/product-specific cross-contact can differ,high_for_intrinsic_identity__not_a_cross_contact_clearance,https://www.fao.org/fao-who-codexalimentarius/sh-proxy/pl/?lnk=1&url=https%253A%252F%252Fworkspace.fao.org%252Fsites%252Fcodex%252FStandards%252FCXS%2B1-1985%252FCXS_001e.pdf|https://www.who.int/publications/i/item/B09028,Codex CXS 1-1985 — allergen declaration|WHO/FAO — Precautionary allergen labelling (PAL),"Gừng is not itself the egg allergen category based on the catalog food identity. This does NOT establish absence of unintended allergen presence or cross-contact, so app status remains unknown.",do_not_treat_as_safe; require supplier/SKU evidence for allergy filtering
gung,Gừng,soy,unknown,not_intrinsic_but_cross_contact_unverified,no intrinsic presence identified for the generic food identity,unverified; supplier/facility/product-specific cross-contact can differ,high_for_intrinsic_identity__not_a_cross_contact_clearance,https://www.fao.org/fao-who-codexalimentarius/sh-proxy/pl/?lnk=1&url=https%253A%252F%252Fworkspace.fao.org%252Fsites%252Fcodex%252FStandards%252FCXS%2B1-1985%252FCXS_001e.pdf|https://www.who.int/publications/i/item/B09028,Codex CXS 1-1985 — allergen declaration|WHO/FAO — Precautionary allergen labelling (PAL),"Gừng is not itself the soy allergen category based on the catalog food identity. This does NOT establish absence of unintended allergen presence or cross-contact, so app status remains unknown.",do_not_treat_as_safe; require supplier/SKU evidence for allergy filtering
gung,Gừng,wheat,unknown,not_intrinsic_but_cross_contact_unverified,no intrinsic presence identified for the generic food identity,unverified; supplier/facility/product-specific cross-contact can differ,high_for_intrinsic_identity__not_a_cross_contact_clearance,https://www.fao.org/fao-who-codexalimentarius/sh-proxy/pl/?lnk=1&url=https%253A%252F%252Fworkspace.fao.org%252Fsites%252Fcodex%252FStandards%252FCXS%2B1-1985%252FCXS_001e.pdf|https://www.who.int/publications/i/item/B09028,Codex CXS 1-1985 — allergen declaration|WHO/FAO — Precautionary allergen labelling (PAL),"Gừng is not itself the wheat allergen category based on the catalog food identity. This does NOT establish absence of unintended allergen presence or cross-contact, so app status remains unknown.",do_not_treat_as_safe; require supplier/SKU evidence for allergy filtering
gung,Gừng,fish,unknown,not_intrinsic_but_cross_contact_unverified,no intrinsic presence identified for the generic food identity,unverified; supplier/facility/product-specific cross-contact can differ,high_for_intrinsic_identity__not_a_cross_contact_clearance,https://www.fao.org/fao-who-codexalimentarius/sh-proxy/pl/?lnk=1&url=https%253A%252F%252Fworkspace.fao.org%252Fsites%252Fcodex%252FStandards%252FCXS%2B1-1985%252FCXS_001e.pdf|https://www.who.int/publications/i/item/B09028,Codex CXS 1-1985 — allergen declaration|WHO/FAO — Precautionary allergen labelling (PAL),"Gừng is not itself the fish allergen category based on the catalog food identity. This does NOT establish absence of unintended allergen presence or cross-contact, so app status remains unknown.",do_not_treat_as_safe; require supplier/SKU evidence for allergy filtering
gung,Gừng,crustacean,unknown,not_intrinsic_but_cross_contact_unverified,no intrinsic presence identified for the generic food identity,unverified; supplier/facility/product-specific cross-contact can differ,high_for_intrinsic_identity__not_a_cross_contact_clearance,https://www.fao.org/fao-who-codexalimentarius/sh-proxy/pl/?lnk=1&url=https%253A%252F%252Fworkspace.fao.org%252Fsites%252Fcodex%252FStandards%252FCXS%2B1-1985%252FCXS_001e.pdf|https://www.who.int/publications/i/item/B09028,Codex CXS 1-1985 — allergen declaration|WHO/FAO — Precautionary allergen labelling (PAL),"Gừng is not itself the crustacean allergen category based on the catalog food identity. This does NOT establish absence of unintended allergen presence or cross-contact, so app status remains unknown.",do_not_treat_as_safe; require supplier/SKU evidence for allergy filtering
gung,Gừng,mollusc,unknown,not_intrinsic_but_cross_contact_unverified,no intrinsic presence identified for the generic food identity,unverified; supplier/facility/product-specific cross-contact can differ,high_for_intrinsic_identity__not_a_cross_contact_clearance,https://www.fao.org/fao-who-codexalimentarius/sh-proxy/pl/?lnk=1&url=https%253A%252F%252Fworkspace.fao.org%252Fsites%252Fcodex%252FStandards%252FCXS%2B1-1985%252FCXS_001e.pdf|https://www.who.int/publications/i/item/B09028,Codex CXS 1-1985 — allergen declaration|WHO/FAO — Precautionary allergen labelling (PAL),"Gừng is not itself the mollusc allergen category based on the catalog food identity. This does NOT establish absence of unintended allergen presence or cross-contact, so app status remains unknown.",do_not_treat_as_safe; require supplier/SKU evidence for allergy filtering
gung,Gừng,sesame,unknown,not_intrinsic_but_cross_contact_unverified,no intrinsic presence identified for the generic food identity,unverified; supplier/facility/product-specific cross-contact can differ,high_for_intrinsic_identity__not_a_cross_contact_clearance,https://www.fao.org/fao-who-codexalimentarius/sh-proxy/pl/?lnk=1&url=https%253A%252F%252Fworkspace.fao.org%252Fsites%252Fcodex%252FStandards%252FCXS%2B1-1985%252FCXS_001e.pdf|https://www.who.int/publications/i/item/B09028,Codex CXS 1-1985 — allergen declaration|WHO/FAO — Precautionary allergen labelling (PAL),"Gừng is not itself the sesame allergen category based on the catalog food identity. This does NOT establish absence of unintended allergen presence or cross-contact, so app status remains unknown.",do_not_treat_as_safe; require supplier/SKU evidence for allergy filtering
sa,Sả,peanut,unknown,not_intrinsic_but_cross_contact_unverified,no intrinsic presence identified for the generic food identity,unverified; supplier/facility/product-specific cross-contact can differ,high_for_intrinsic_identity__not_a_cross_contact_clearance,https://www.fao.org/fao-who-codexalimentarius/sh-proxy/pl/?lnk=1&url=https%253A%252F%252Fworkspace.fao.org%252Fsites%252Fcodex%252FStandards%252FCXS%2B1-1985%252FCXS_001e.pdf|https://www.who.int/publications/i/item/B09028,Codex CXS 1-1985 — allergen declaration|WHO/FAO — Precautionary allergen labelling (PAL),"Sả is not itself the peanut allergen category based on the catalog food identity. This does NOT establish absence of unintended allergen presence or cross-contact, so app status remains unknown.",do_not_treat_as_safe; require supplier/SKU evidence for allergy filtering
sa,Sả,tree_nut,unknown,not_intrinsic_but_cross_contact_unverified,no intrinsic presence identified for the generic food identity,unverified; supplier/facility/product-specific cross-contact can differ,high_for_intrinsic_identity__not_a_cross_contact_clearance,https://www.fao.org/fao-who-codexalimentarius/sh-proxy/pl/?lnk=1&url=https%253A%252F%252Fworkspace.fao.org%252Fsites%252Fcodex%252FStandards%252FCXS%2B1-1985%252FCXS_001e.pdf|https://www.who.int/publications/i/item/B09028,Codex CXS 1-1985 — allergen declaration|WHO/FAO — Precautionary allergen labelling (PAL),"Sả is not itself the tree_nut allergen category based on the catalog food identity. This does NOT establish absence of unintended allergen presence or cross-contact, so app status remains unknown.",do_not_treat_as_safe; require supplier/SKU evidence for allergy filtering
sa,Sả,dairy,unknown,not_intrinsic_but_cross_contact_unverified,no intrinsic presence identified for the generic food identity,unverified; supplier/facility/product-specific cross-contact can differ,high_for_intrinsic_identity__not_a_cross_contact_clearance,https://www.fao.org/fao-who-codexalimentarius/sh-proxy/pl/?lnk=1&url=https%253A%252F%252Fworkspace.fao.org%252Fsites%252Fcodex%252FStandards%252FCXS%2B1-1985%252FCXS_001e.pdf|https://www.who.int/publications/i/item/B09028,Codex CXS 1-1985 — allergen declaration|WHO/FAO — Precautionary allergen labelling (PAL),"Sả is not itself the dairy allergen category based on the catalog food identity. This does NOT establish absence of unintended allergen presence or cross-contact, so app status remains unknown.",do_not_treat_as_safe; require supplier/SKU evidence for allergy filtering
sa,Sả,egg,unknown,not_intrinsic_but_cross_contact_unverified,no intrinsic presence identified for the generic food identity,unverified; supplier/facility/product-specific cross-contact can differ,high_for_intrinsic_identity__not_a_cross_contact_clearance,https://www.fao.org/fao-who-codexalimentarius/sh-proxy/pl/?lnk=1&url=https%253A%252F%252Fworkspace.fao.org%252Fsites%252Fcodex%252FStandards%252FCXS%2B1-1985%252FCXS_001e.pdf|https://www.who.int/publications/i/item/B09028,Codex CXS 1-1985 — allergen declaration|WHO/FAO — Precautionary allergen labelling (PAL),"Sả is not itself the egg allergen category based on the catalog food identity. This does NOT establish absence of unintended allergen presence or cross-contact, so app status remains unknown.",do_not_treat_as_safe; require supplier/SKU evidence for allergy filtering
sa,Sả,soy,unknown,not_intrinsic_but_cross_contact_unverified,no intrinsic presence identified for the generic food identity,unverified; supplier/facility/product-specific cross-contact can differ,high_for_intrinsic_identity__not_a_cross_contact_clearance,https://www.fao.org/fao-who-codexalimentarius/sh-proxy/pl/?lnk=1&url=https%253A%252F%252Fworkspace.fao.org%252Fsites%252Fcodex%252FStandards%252FCXS%2B1-1985%252FCXS_001e.pdf|https://www.who.int/publications/i/item/B09028,Codex CXS 1-1985 — allergen declaration|WHO/FAO — Precautionary allergen labelling (PAL),"Sả is not itself the soy allergen category based on the catalog food identity. This does NOT establish absence of unintended allergen presence or cross-contact, so app status remains unknown.",do_not_treat_as_safe; require supplier/SKU evidence for allergy filtering
sa,Sả,wheat,unknown,not_intrinsic_but_cross_contact_unverified,no intrinsic presence identified for the generic food identity,unverified; supplier/facility/product-specific cross-contact can differ,high_for_intrinsic_identity__not_a_cross_contact_clearance,https://www.fao.org/fao-who-codexalimentarius/sh-proxy/pl/?lnk=1&url=https%253A%252F%252Fworkspace.fao.org%252Fsites%252Fcodex%252FStandards%252FCXS%2B1-1985%252FCXS_001e.pdf|https://www.who.int/publications/i/item/B09028,Codex CXS 1-1985 — allergen declaration|WHO/FAO — Precautionary allergen labelling (PAL),"Sả is not itself the wheat allergen category based on the catalog food identity. This does NOT establish absence of unintended allergen presence or cross-contact, so app status remains unknown.",do_not_treat_as_safe; require supplier/SKU evidence for allergy filtering
sa,Sả,fish,unknown,not_intrinsic_but_cross_contact_unverified,no intrinsic presence identified for the generic food identity,unverified; supplier/facility/product-specific cross-contact can differ,high_for_intrinsic_identity__not_a_cross_contact_clearance,https://www.fao.org/fao-who-codexalimentarius/sh-proxy/pl/?lnk=1&url=https%253A%252F%252Fworkspace.fao.org%252Fsites%252Fcodex%252FStandards%252FCXS%2B1-1985%252FCXS_001e.pdf|https://www.who.int/publications/i/item/B09028,Codex CXS 1-1985 — allergen declaration|WHO/FAO — Precautionary allergen labelling (PAL),"Sả is not itself the fish allergen category based on the catalog food identity. This does NOT establish absence of unintended allergen presence or cross-contact, so app status remains unknown.",do_not_treat_as_safe; require supplier/SKU evidence for allergy filtering
sa,Sả,crustacean,unknown,not_intrinsic_but_cross_contact_unverified,no intrinsic presence identified for the generic food identity,unverified; supplier/facility/product-specific cross-contact can differ,high_for_intrinsic_identity__not_a_cross_contact_clearance,https://www.fao.org/fao-who-codexalimentarius/sh-proxy/pl/?lnk=1&url=https%253A%252F%252Fworkspace.fao.org%252Fsites%252Fcodex%252FStandards%252FCXS%2B1-1985%252FCXS_001e.pdf|https://www.who.int/publications/i/item/B09028,Codex CXS 1-1985 — allergen declaration|WHO/FAO — Precautionary allergen labelling (PAL),"Sả is not itself the crustacean allergen category based on the catalog food identity. This does NOT establish absence of unintended allergen presence or cross-contact, so app status remains unknown.",do_not_treat_as_safe; require supplier/SKU evidence for allergy filtering
sa,Sả,mollusc,unknown,not_intrinsic_but_cross_contact_unverified,no intrinsic presence identified for the generic food identity,unverified; supplier/facility/product-specific cross-contact can differ,high_for_intrinsic_identity__not_a_cross_contact_clearance,https://www.fao.org/fao-who-codexalimentarius/sh-proxy/pl/?lnk=1&url=https%253A%252F%252Fworkspace.fao.org%252Fsites%252Fcodex%252FStandards%252FCXS%2B1-1985%252FCXS_001e.pdf|https://www.who.int/publications/i/item/B09028,Codex CXS 1-1985 — allergen declaration|WHO/FAO — Precautionary allergen labelling (PAL),"Sả is not itself the mollusc allergen category based on the catalog food identity. This does NOT establish absence of unintended allergen presence or cross-contact, so app status remains unknown.",do_not_treat_as_safe; require supplier/SKU evidence for allergy filtering
sa,Sả,sesame,unknown,not_intrinsic_but_cross_contact_unverified,no intrinsic presence identified for the generic food identity,unverified; supplier/facility/product-specific cross-contact can differ,high_for_intrinsic_identity__not_a_cross_contact_clearance,https://www.fao.org/fao-who-codexalimentarius/sh-proxy/pl/?lnk=1&url=https%253A%252F%252Fworkspace.fao.org%252Fsites%252Fcodex%252FStandards%252FCXS%2B1-1985%252FCXS_001e.pdf|https://www.who.int/publications/i/item/B09028,Codex CXS 1-1985 — allergen declaration|WHO/FAO — Precautionary allergen labelling (PAL),"Sả is not itself the sesame allergen category based on the catalog food identity. This does NOT establish absence of unintended allergen presence or cross-contact, so app status remains unknown.",do_not_treat_as_safe; require supplier/SKU evidence for allergy filtering
ot_hiem,Ớt hiểm,peanut,unknown,not_intrinsic_but_cross_contact_unverified,no intrinsic presence identified for the generic food identity,unverified; supplier/facility/product-specific cross-contact can differ,high_for_intrinsic_identity__not_a_cross_contact_clearance,https://www.fao.org/fao-who-codexalimentarius/sh-proxy/pl/?lnk=1&url=https%253A%252F%252Fworkspace.fao.org%252Fsites%252Fcodex%252FStandards%252FCXS%2B1-1985%252FCXS_001e.pdf|https://www.who.int/publications/i/item/B09028,Codex CXS 1-1985 — allergen declaration|WHO/FAO — Precautionary allergen labelling (PAL),"Ớt hiểm is not itself the peanut allergen category based on the catalog food identity. This does NOT establish absence of unintended allergen presence or cross-contact, so app status remains unknown.",do_not_treat_as_safe; require supplier/SKU evidence for allergy filtering
ot_hiem,Ớt hiểm,tree_nut,unknown,not_intrinsic_but_cross_contact_unverified,no intrinsic presence identified for the generic food identity,unverified; supplier/facility/product-specific cross-contact can differ,high_for_intrinsic_identity__not_a_cross_contact_clearance,https://www.fao.org/fao-who-codexalimentarius/sh-proxy/pl/?lnk=1&url=https%253A%252F%252Fworkspace.fao.org%252Fsites%252Fcodex%252FStandards%252FCXS%2B1-1985%252FCXS_001e.pdf|https://www.who.int/publications/i/item/B09028,Codex CXS 1-1985 — allergen declaration|WHO/FAO — Precautionary allergen labelling (PAL),"Ớt hiểm is not itself the tree_nut allergen category based on the catalog food identity. This does NOT establish absence of unintended allergen presence or cross-contact, so app status remains unknown.",do_not_treat_as_safe; require supplier/SKU evidence for allergy filtering
ot_hiem,Ớt hiểm,dairy,unknown,not_intrinsic_but_cross_contact_unverified,no intrinsic presence identified for the generic food identity,unverified; supplier/facility/product-specific cross-contact can differ,high_for_intrinsic_identity__not_a_cross_contact_clearance,https://www.fao.org/fao-who-codexalimentarius/sh-proxy/pl/?lnk=1&url=https%253A%252F%252Fworkspace.fao.org%252Fsites%252Fcodex%252FStandards%252FCXS%2B1-1985%252FCXS_001e.pdf|https://www.who.int/publications/i/item/B09028,Codex CXS 1-1985 — allergen declaration|WHO/FAO — Precautionary allergen labelling (PAL),"Ớt hiểm is not itself the dairy allergen category based on the catalog food identity. This does NOT establish absence of unintended allergen presence or cross-contact, so app status remains unknown.",do_not_treat_as_safe; require supplier/SKU evidence for allergy filtering
ot_hiem,Ớt hiểm,egg,unknown,not_intrinsic_but_cross_contact_unverified,no intrinsic presence identified for the generic food identity,unverified; supplier/facility/product-specific cross-contact can differ,high_for_intrinsic_identity__not_a_cross_contact_clearance,https://www.fao.org/fao-who-codexalimentarius/sh-proxy/pl/?lnk=1&url=https%253A%252F%252Fworkspace.fao.org%252Fsites%252Fcodex%252FStandards%252FCXS%2B1-1985%252FCXS_001e.pdf|https://www.who.int/publications/i/item/B09028,Codex CXS 1-1985 — allergen declaration|WHO/FAO — Precautionary allergen labelling (PAL),"Ớt hiểm is not itself the egg allergen category based on the catalog food identity. This does NOT establish absence of unintended allergen presence or cross-contact, so app status remains unknown.",do_not_treat_as_safe; require supplier/SKU evidence for allergy filtering
ot_hiem,Ớt hiểm,soy,unknown,not_intrinsic_but_cross_contact_unverified,no intrinsic presence identified for the generic food identity,unverified; supplier/facility/product-specific cross-contact can differ,high_for_intrinsic_identity__not_a_cross_contact_clearance,https://www.fao.org/fao-who-codexalimentarius/sh-proxy/pl/?lnk=1&url=https%253A%252F%252Fworkspace.fao.org%252Fsites%252Fcodex%252FStandards%252FCXS%2B1-1985%252FCXS_001e.pdf|https://www.who.int/publications/i/item/B09028,Codex CXS 1-1985 — allergen declaration|WHO/FAO — Precautionary allergen labelling (PAL),"Ớt hiểm is not itself the soy allergen category based on the catalog food identity. This does NOT establish absence of unintended allergen presence or cross-contact, so app status remains unknown.",do_not_treat_as_safe; require supplier/SKU evidence for allergy filtering
ot_hiem,Ớt hiểm,wheat,unknown,not_intrinsic_but_cross_contact_unverified,no intrinsic presence identified for the generic food identity,unverified; supplier/facility/product-specific cross-contact can differ,high_for_intrinsic_identity__not_a_cross_contact_clearance,https://www.fao.org/fao-who-codexalimentarius/sh-proxy/pl/?lnk=1&url=https%253A%252F%252Fworkspace.fao.org%252Fsites%252Fcodex%252FStandards%252FCXS%2B1-1985%252FCXS_001e.pdf|https://www.who.int/publications/i/item/B09028,Codex CXS 1-1985 — allergen declaration|WHO/FAO — Precautionary allergen labelling (PAL),"Ớt hiểm is not itself the wheat allergen category based on the catalog food identity. This does NOT establish absence of unintended allergen presence or cross-contact, so app status remains unknown.",do_not_treat_as_safe; require supplier/SKU evidence for allergy filtering
ot_hiem,Ớt hiểm,fish,unknown,not_intrinsic_but_cross_contact_unverified,no intrinsic presence identified for the generic food identity,unverified; supplier/facility/product-specific cross-contact can differ,high_for_intrinsic_identity__not_a_cross_contact_clearance,https://www.fao.org/fao-who-codexalimentarius/sh-proxy/pl/?lnk=1&url=https%253A%252F%252Fworkspace.fao.org%252Fsites%252Fcodex%252FStandards%252FCXS%2B1-1985%252FCXS_001e.pdf|https://www.who.int/publications/i/item/B09028,Codex CXS 1-1985 — allergen declaration|WHO/FAO — Precautionary allergen labelling (PAL),"Ớt hiểm is not itself the fish allergen category based on the catalog food identity. This does NOT establish absence of unintended allergen presence or cross-contact, so app status remains unknown.",do_not_treat_as_safe; require supplier/SKU evidence for allergy filtering
ot_hiem,Ớt hiểm,crustacean,unknown,not_intrinsic_but_cross_contact_unverified,no intrinsic presence identified for the generic food identity,unverified; supplier/facility/product-specific cross-contact can differ,high_for_intrinsic_identity__not_a_cross_contact_clearance,https://www.fao.org/fao-who-codexalimentarius/sh-proxy/pl/?lnk=1&url=https%253A%252F%252Fworkspace.fao.org%252Fsites%252Fcodex%252FStandards%252FCXS%2B1-1985%252FCXS_001e.pdf|https://www.who.int/publications/i/item/B09028,Codex CXS 1-1985 — allergen declaration|WHO/FAO — Precautionary allergen labelling (PAL),"Ớt hiểm is not itself the crustacean allergen category based on the catalog food identity. This does NOT establish absence of unintended allergen presence or cross-contact, so app status remains unknown.",do_not_treat_as_safe; require supplier/SKU evidence for allergy filtering
ot_hiem,Ớt hiểm,mollusc,unknown,not_intrinsic_but_cross_contact_unverified,no intrinsic presence identified for the generic food identity,unverified; supplier/facility/product-specific cross-contact can differ,high_for_intrinsic_identity__not_a_cross_contact_clearance,https://www.fao.org/fao-who-codexalimentarius/sh-proxy/pl/?lnk=1&url=https%253A%252F%252Fworkspace.fao.org%252Fsites%252Fcodex%252FStandards%252FCXS%2B1-1985%252FCXS_001e.pdf|https://www.who.int/publications/i/item/B09028,Codex CXS 1-1985 — allergen declaration|WHO/FAO — Precautionary allergen labelling (PAL),"Ớt hiểm is not itself the mollusc allergen category based on the catalog food identity. This does NOT establish absence of unintended allergen presence or cross-contact, so app status remains unknown.",do_not_treat_as_safe; require supplier/SKU evidence for allergy filtering
ot_hiem,Ớt hiểm,sesame,unknown,not_intrinsic_but_cross_contact_unverified,no intrinsic presence identified for the generic food identity,unverified; supplier/facility/product-specific cross-contact can differ,high_for_intrinsic_identity__not_a_cross_contact_clearance,https://www.fao.org/fao-who-codexalimentarius/sh-proxy/pl/?lnk=1&url=https%253A%252F%252Fworkspace.fao.org%252Fsites%252Fcodex%252FStandards%252FCXS%2B1-1985%252FCXS_001e.pdf|https://www.who.int/publications/i/item/B09028,Codex CXS 1-1985 — allergen declaration|WHO/FAO — Precautionary allergen labelling (PAL),"Ớt hiểm is not itself the sesame allergen category based on the catalog food identity. This does NOT establish absence of unintended allergen presence or cross-contact, so app status remains unknown.",do_not_treat_as_safe; require supplier/SKU evidence for allergy filtering
rau_ngo,Rau ngò,peanut,unknown,not_intrinsic_but_cross_contact_unverified,no intrinsic presence identified for the generic food identity,unverified; supplier/facility/product-specific cross-contact can differ,high_for_intrinsic_identity__not_a_cross_contact_clearance,https://www.fao.org/fao-who-codexalimentarius/sh-proxy/pl/?lnk=1&url=https%253A%252F%252Fworkspace.fao.org%252Fsites%252Fcodex%252FStandards%252FCXS%2B1-1985%252FCXS_001e.pdf|https://www.who.int/publications/i/item/B09028,Codex CXS 1-1985 — allergen declaration|WHO/FAO — Precautionary allergen labelling (PAL),"Rau ngò is not itself the peanut allergen category based on the catalog food identity. This does NOT establish absence of unintended allergen presence or cross-contact, so app status remains unknown.",do_not_treat_as_safe; require supplier/SKU evidence for allergy filtering
rau_ngo,Rau ngò,tree_nut,unknown,not_intrinsic_but_cross_contact_unverified,no intrinsic presence identified for the generic food identity,unverified; supplier/facility/product-specific cross-contact can differ,high_for_intrinsic_identity__not_a_cross_contact_clearance,https://www.fao.org/fao-who-codexalimentarius/sh-proxy/pl/?lnk=1&url=https%253A%252F%252Fworkspace.fao.org%252Fsites%252Fcodex%252FStandards%252FCXS%2B1-1985%252FCXS_001e.pdf|https://www.who.int/publications/i/item/B09028,Codex CXS 1-1985 — allergen declaration|WHO/FAO — Precautionary allergen labelling (PAL),"Rau ngò is not itself the tree_nut allergen category based on the catalog food identity. This does NOT establish absence of unintended allergen presence or cross-contact, so app status remains unknown.",do_not_treat_as_safe; require supplier/SKU evidence for allergy filtering
rau_ngo,Rau ngò,dairy,unknown,not_intrinsic_but_cross_contact_unverified,no intrinsic presence identified for the generic food identity,unverified; supplier/facility/product-specific cross-contact can differ,high_for_intrinsic_identity__not_a_cross_contact_clearance,https://www.fao.org/fao-who-codexalimentarius/sh-proxy/pl/?lnk=1&url=https%253A%252F%252Fworkspace.fao.org%252Fsites%252Fcodex%252FStandards%252FCXS%2B1-1985%252FCXS_001e.pdf|https://www.who.int/publications/i/item/B09028,Codex CXS 1-1985 — allergen declaration|WHO/FAO — Precautionary allergen labelling (PAL),"Rau ngò is not itself the dairy allergen category based on the catalog food identity. This does NOT establish absence of unintended allergen presence or cross-contact, so app status remains unknown.",do_not_treat_as_safe; require supplier/SKU evidence for allergy filtering
rau_ngo,Rau ngò,egg,unknown,not_intrinsic_but_cross_contact_unverified,no intrinsic presence identified for the generic food identity,unverified; supplier/facility/product-specific cross-contact can differ,high_for_intrinsic_identity__not_a_cross_contact_clearance,https://www.fao.org/fao-who-codexalimentarius/sh-proxy/pl/?lnk=1&url=https%253A%252F%252Fworkspace.fao.org%252Fsites%252Fcodex%252FStandards%252FCXS%2B1-1985%252FCXS_001e.pdf|https://www.who.int/publications/i/item/B09028,Codex CXS 1-1985 — allergen declaration|WHO/FAO — Precautionary allergen labelling (PAL),"Rau ngò is not itself the egg allergen category based on the catalog food identity. This does NOT establish absence of unintended allergen presence or cross-contact, so app status remains unknown.",do_not_treat_as_safe; require supplier/SKU evidence for allergy filtering
rau_ngo,Rau ngò,soy,unknown,not_intrinsic_but_cross_contact_unverified,no intrinsic presence identified for the generic food identity,unverified; supplier/facility/product-specific cross-contact can differ,high_for_intrinsic_identity__not_a_cross_contact_clearance,https://www.fao.org/fao-who-codexalimentarius/sh-proxy/pl/?lnk=1&url=https%253A%252F%252Fworkspace.fao.org%252Fsites%252Fcodex%252FStandards%252FCXS%2B1-1985%252FCXS_001e.pdf|https://www.who.int/publications/i/item/B09028,Codex CXS 1-1985 — allergen declaration|WHO/FAO — Precautionary allergen labelling (PAL),"Rau ngò is not itself the soy allergen category based on the catalog food identity. This does NOT establish absence of unintended allergen presence or cross-contact, so app status remains unknown.",do_not_treat_as_safe; require supplier/SKU evidence for allergy filtering
rau_ngo,Rau ngò,wheat,unknown,not_intrinsic_but_cross_contact_unverified,no intrinsic presence identified for the generic food identity,unverified; supplier/facility/product-specific cross-contact can differ,high_for_intrinsic_identity__not_a_cross_contact_clearance,https://www.fao.org/fao-who-codexalimentarius/sh-proxy/pl/?lnk=1&url=https%253A%252F%252Fworkspace.fao.org%252Fsites%252Fcodex%252FStandards%252FCXS%2B1-1985%252FCXS_001e.pdf|https://www.who.int/publications/i/item/B09028,Codex CXS 1-1985 — allergen declaration|WHO/FAO — Precautionary allergen labelling (PAL),"Rau ngò is not itself the wheat allergen category based on the catalog food identity. This does NOT establish absence of unintended allergen presence or cross-contact, so app status remains unknown.",do_not_treat_as_safe; require supplier/SKU evidence for allergy filtering
rau_ngo,Rau ngò,fish,unknown,not_intrinsic_but_cross_contact_unverified,no intrinsic presence identified for the generic food identity,unverified; supplier/facility/product-specific cross-contact can differ,high_for_intrinsic_identity__not_a_cross_contact_clearance,https://www.fao.org/fao-who-codexalimentarius/sh-proxy/pl/?lnk=1&url=https%253A%252F%252Fworkspace.fao.org%252Fsites%252Fcodex%252FStandards%252FCXS%2B1-1985%252FCXS_001e.pdf|https://www.who.int/publications/i/item/B09028,Codex CXS 1-1985 — allergen declaration|WHO/FAO — Precautionary allergen labelling (PAL),"Rau ngò is not itself the fish allergen category based on the catalog food identity. This does NOT establish absence of unintended allergen presence or cross-contact, so app status remains unknown.",do_not_treat_as_safe; require supplier/SKU evidence for allergy filtering
rau_ngo,Rau ngò,crustacean,unknown,not_intrinsic_but_cross_contact_unverified,no intrinsic presence identified for the generic food identity,unverified; supplier/facility/product-specific cross-contact can differ,high_for_intrinsic_identity__not_a_cross_contact_clearance,https://www.fao.org/fao-who-codexalimentarius/sh-proxy/pl/?lnk=1&url=https%253A%252F%252Fworkspace.fao.org%252Fsites%252Fcodex%252FStandards%252FCXS%2B1-1985%252FCXS_001e.pdf|https://www.who.int/publications/i/item/B09028,Codex CXS 1-1985 — allergen declaration|WHO/FAO — Precautionary allergen labelling (PAL),"Rau ngò is not itself the crustacean allergen category based on the catalog food identity. This does NOT establish absence of unintended allergen presence or cross-contact, so app status remains unknown.",do_not_treat_as_safe; require supplier/SKU evidence for allergy filtering
rau_ngo,Rau ngò,mollusc,unknown,not_intrinsic_but_cross_contact_unverified,no intrinsic presence identified for the generic food identity,unverified; supplier/facility/product-specific cross-contact can differ,high_for_intrinsic_identity__not_a_cross_contact_clearance,https://www.fao.org/fao-who-codexalimentarius/sh-proxy/pl/?lnk=1&url=https%253A%252F%252Fworkspace.fao.org%252Fsites%252Fcodex%252FStandards%252FCXS%2B1-1985%252FCXS_001e.pdf|https://www.who.int/publications/i/item/B09028,Codex CXS 1-1985 — allergen declaration|WHO/FAO — Precautionary allergen labelling (PAL),"Rau ngò is not itself the mollusc allergen category based on the catalog food identity. This does NOT establish absence of unintended allergen presence or cross-contact, so app status remains unknown.",do_not_treat_as_safe; require supplier/SKU evidence for allergy filtering
rau_ngo,Rau ngò,sesame,unknown,not_intrinsic_but_cross_contact_unverified,no intrinsic presence identified for the generic food identity,unverified; supplier/facility/product-specific cross-contact can differ,high_for_intrinsic_identity__not_a_cross_contact_clearance,https://www.fao.org/fao-who-codexalimentarius/sh-proxy/pl/?lnk=1&url=https%253A%252F%252Fworkspace.fao.org%252Fsites%252Fcodex%252FStandards%252FCXS%2B1-1985%252FCXS_001e.pdf|https://www.who.int/publications/i/item/B09028,Codex CXS 1-1985 — allergen declaration|WHO/FAO — Precautionary allergen labelling (PAL),"Rau ngò is not itself the sesame allergen category based on the catalog food identity. This does NOT establish absence of unintended allergen presence or cross-contact, so app status remains unknown.",do_not_treat_as_safe; require supplier/SKU evidence for allergy filtering
me_chua,Me chua,peanut,unknown,not_intrinsic_but_cross_contact_unverified,no intrinsic presence identified for the generic food identity,unverified; supplier/facility/product-specific cross-contact can differ,high_for_intrinsic_identity__not_a_cross_contact_clearance,https://www.fao.org/fao-who-codexalimentarius/sh-proxy/pl/?lnk=1&url=https%253A%252F%252Fworkspace.fao.org%252Fsites%252Fcodex%252FStandards%252FCXS%2B1-1985%252FCXS_001e.pdf|https://www.who.int/publications/i/item/B09028,Codex CXS 1-1985 — allergen declaration|WHO/FAO — Precautionary allergen labelling (PAL),"Me chua is not itself the peanut allergen category based on the catalog food identity. This does NOT establish absence of unintended allergen presence or cross-contact, so app status remains unknown.",do_not_treat_as_safe; require supplier/SKU evidence for allergy filtering
me_chua,Me chua,tree_nut,unknown,not_intrinsic_but_cross_contact_unverified,no intrinsic presence identified for the generic food identity,unverified; supplier/facility/product-specific cross-contact can differ,high_for_intrinsic_identity__not_a_cross_contact_clearance,https://www.fao.org/fao-who-codexalimentarius/sh-proxy/pl/?lnk=1&url=https%253A%252F%252Fworkspace.fao.org%252Fsites%252Fcodex%252FStandards%252FCXS%2B1-1985%252FCXS_001e.pdf|https://www.who.int/publications/i/item/B09028,Codex CXS 1-1985 — allergen declaration|WHO/FAO — Precautionary allergen labelling (PAL),"Me chua is not itself the tree_nut allergen category based on the catalog food identity. This does NOT establish absence of unintended allergen presence or cross-contact, so app status remains unknown.",do_not_treat_as_safe; require supplier/SKU evidence for allergy filtering
me_chua,Me chua,dairy,unknown,not_intrinsic_but_cross_contact_unverified,no intrinsic presence identified for the generic food identity,unverified; supplier/facility/product-specific cross-contact can differ,high_for_intrinsic_identity__not_a_cross_contact_clearance,https://www.fao.org/fao-who-codexalimentarius/sh-proxy/pl/?lnk=1&url=https%253A%252F%252Fworkspace.fao.org%252Fsites%252Fcodex%252FStandards%252FCXS%2B1-1985%252FCXS_001e.pdf|https://www.who.int/publications/i/item/B09028,Codex CXS 1-1985 — allergen declaration|WHO/FAO — Precautionary allergen labelling (PAL),"Me chua is not itself the dairy allergen category based on the catalog food identity. This does NOT establish absence of unintended allergen presence or cross-contact, so app status remains unknown.",do_not_treat_as_safe; require supplier/SKU evidence for allergy filtering
me_chua,Me chua,egg,unknown,not_intrinsic_but_cross_contact_unverified,no intrinsic presence identified for the generic food identity,unverified; supplier/facility/product-specific cross-contact can differ,high_for_intrinsic_identity__not_a_cross_contact_clearance,https://www.fao.org/fao-who-codexalimentarius/sh-proxy/pl/?lnk=1&url=https%253A%252F%252Fworkspace.fao.org%252Fsites%252Fcodex%252FStandards%252FCXS%2B1-1985%252FCXS_001e.pdf|https://www.who.int/publications/i/item/B09028,Codex CXS 1-1985 — allergen declaration|WHO/FAO — Precautionary allergen labelling (PAL),"Me chua is not itself the egg allergen category based on the catalog food identity. This does NOT establish absence of unintended allergen presence or cross-contact, so app status remains unknown.",do_not_treat_as_safe; require supplier/SKU evidence for allergy filtering
me_chua,Me chua,soy,unknown,not_intrinsic_but_cross_contact_unverified,no intrinsic presence identified for the generic food identity,unverified; supplier/facility/product-specific cross-contact can differ,high_for_intrinsic_identity__not_a_cross_contact_clearance,https://www.fao.org/fao-who-codexalimentarius/sh-proxy/pl/?lnk=1&url=https%253A%252F%252Fworkspace.fao.org%252Fsites%252Fcodex%252FStandards%252FCXS%2B1-1985%252FCXS_001e.pdf|https://www.who.int/publications/i/item/B09028,Codex CXS 1-1985 — allergen declaration|WHO/FAO — Precautionary allergen labelling (PAL),"Me chua is not itself the soy allergen category based on the catalog food identity. This does NOT establish absence of unintended allergen presence or cross-contact, so app status remains unknown.",do_not_treat_as_safe; require supplier/SKU evidence for allergy filtering
me_chua,Me chua,wheat,unknown,not_intrinsic_but_cross_contact_unverified,no intrinsic presence identified for the generic food identity,unverified; supplier/facility/product-specific cross-contact can differ,high_for_intrinsic_identity__not_a_cross_contact_clearance,https://www.fao.org/fao-who-codexalimentarius/sh-proxy/pl/?lnk=1&url=https%253A%252F%252Fworkspace.fao.org%252Fsites%252Fcodex%252FStandards%252FCXS%2B1-1985%252FCXS_001e.pdf|https://www.who.int/publications/i/item/B09028,Codex CXS 1-1985 — allergen declaration|WHO/FAO — Precautionary allergen labelling (PAL),"Me chua is not itself the wheat allergen category based on the catalog food identity. This does NOT establish absence of unintended allergen presence or cross-contact, so app status remains unknown.",do_not_treat_as_safe; require supplier/SKU evidence for allergy filtering
me_chua,Me chua,fish,unknown,not_intrinsic_but_cross_contact_unverified,no intrinsic presence identified for the generic food identity,unverified; supplier/facility/product-specific cross-contact can differ,high_for_intrinsic_identity__not_a_cross_contact_clearance,https://www.fao.org/fao-who-codexalimentarius/sh-proxy/pl/?lnk=1&url=https%253A%252F%252Fworkspace.fao.org%252Fsites%252Fcodex%252FStandards%252FCXS%2B1-1985%252FCXS_001e.pdf|https://www.who.int/publications/i/item/B09028,Codex CXS 1-1985 — allergen declaration|WHO/FAO — Precautionary allergen labelling (PAL),"Me chua is not itself the fish allergen category based on the catalog food identity. This does NOT establish absence of unintended allergen presence or cross-contact, so app status remains unknown.",do_not_treat_as_safe; require supplier/SKU evidence for allergy filtering
me_chua,Me chua,crustacean,unknown,not_intrinsic_but_cross_contact_unverified,no intrinsic presence identified for the generic food identity,unverified; supplier/facility/product-specific cross-contact can differ,high_for_intrinsic_identity__not_a_cross_contact_clearance,https://www.fao.org/fao-who-codexalimentarius/sh-proxy/pl/?lnk=1&url=https%253A%252F%252Fworkspace.fao.org%252Fsites%252Fcodex%252FStandards%252FCXS%2B1-1985%252FCXS_001e.pdf|https://www.who.int/publications/i/item/B09028,Codex CXS 1-1985 — allergen declaration|WHO/FAO — Precautionary allergen labelling (PAL),"Me chua is not itself the crustacean allergen category based on the catalog food identity. This does NOT establish absence of unintended allergen presence or cross-contact, so app status remains unknown.",do_not_treat_as_safe; require supplier/SKU evidence for allergy filtering
me_chua,Me chua,mollusc,unknown,not_intrinsic_but_cross_contact_unverified,no intrinsic presence identified for the generic food identity,unverified; supplier/facility/product-specific cross-contact can differ,high_for_intrinsic_identity__not_a_cross_contact_clearance,https://www.fao.org/fao-who-codexalimentarius/sh-proxy/pl/?lnk=1&url=https%253A%252F%252Fworkspace.fao.org%252Fsites%252Fcodex%252FStandards%252FCXS%2B1-1985%252FCXS_001e.pdf|https://www.who.int/publications/i/item/B09028,Codex CXS 1-1985 — allergen declaration|WHO/FAO — Precautionary allergen labelling (PAL),"Me chua is not itself the mollusc allergen category based on the catalog food identity. This does NOT establish absence of unintended allergen presence or cross-contact, so app status remains unknown.",do_not_treat_as_safe; require supplier/SKU evidence for allergy filtering
me_chua,Me chua,sesame,unknown,not_intrinsic_but_cross_contact_unverified,no intrinsic presence identified for the generic food identity,unverified; supplier/facility/product-specific cross-contact can differ,high_for_intrinsic_identity__not_a_cross_contact_clearance,https://www.fao.org/fao-who-codexalimentarius/sh-proxy/pl/?lnk=1&url=https%253A%252F%252Fworkspace.fao.org%252Fsites%252Fcodex%252FStandards%252FCXS%2B1-1985%252FCXS_001e.pdf|https://www.who.int/publications/i/item/B09028,Codex CXS 1-1985 — allergen declaration|WHO/FAO — Precautionary allergen labelling (PAL),"Me chua is not itself the sesame allergen category based on the catalog food identity. This does NOT establish absence of unintended allergen presence or cross-contact, so app status remains unknown.",do_not_treat_as_safe; require supplier/SKU evidence for allergy filtering
nuoc_mam,Nước mắm,peanut,unknown,not_intrinsic_but_cross_contact_unverified,no intrinsic presence identified for the generic food identity,unverified; supplier/facility/product-specific cross-contact can differ,high_for_intrinsic_identity__not_a_cross_contact_clearance,https://www.fao.org/fao-who-codexalimentarius/sh-proxy/en/?lnk=1&url=https%253A%252F%252Fworkspace.fao.org%252Fsites%252Fcodex%252FStandards%252FCXS%2B302-2011%252FCXS_302e.pdf|https://www.who.int/publications/i/item/B09028,Codex CXS 302-2011 — Fish Sauce|WHO/FAO — Precautionary allergen labelling (PAL),Codex defines fish sauce as fermented fish and salt and permits other ingredients. The generic catalog identity confirms fish only; it does not prove absence of peanut or cross-contact in a specific product.,do_not_treat_as_safe; require supplier/SKU evidence for allergy filtering
nuoc_mam,Nước mắm,tree_nut,unknown,not_intrinsic_but_cross_contact_unverified,no intrinsic presence identified for the generic food identity,unverified; supplier/facility/product-specific cross-contact can differ,high_for_intrinsic_identity__not_a_cross_contact_clearance,https://www.fao.org/fao-who-codexalimentarius/sh-proxy/en/?lnk=1&url=https%253A%252F%252Fworkspace.fao.org%252Fsites%252Fcodex%252FStandards%252FCXS%2B302-2011%252FCXS_302e.pdf|https://www.who.int/publications/i/item/B09028,Codex CXS 302-2011 — Fish Sauce|WHO/FAO — Precautionary allergen labelling (PAL),Codex defines fish sauce as fermented fish and salt and permits other ingredients. The generic catalog identity confirms fish only; it does not prove absence of tree_nut or cross-contact in a specific product.,do_not_treat_as_safe; require supplier/SKU evidence for allergy filtering
nuoc_mam,Nước mắm,dairy,unknown,not_intrinsic_but_cross_contact_unverified,no intrinsic presence identified for the generic food identity,unverified; supplier/facility/product-specific cross-contact can differ,high_for_intrinsic_identity__not_a_cross_contact_clearance,https://www.fao.org/fao-who-codexalimentarius/sh-proxy/en/?lnk=1&url=https%253A%252F%252Fworkspace.fao.org%252Fsites%252Fcodex%252FStandards%252FCXS%2B302-2011%252FCXS_302e.pdf|https://www.who.int/publications/i/item/B09028,Codex CXS 302-2011 — Fish Sauce|WHO/FAO — Precautionary allergen labelling (PAL),Codex defines fish sauce as fermented fish and salt and permits other ingredients. The generic catalog identity confirms fish only; it does not prove absence of dairy or cross-contact in a specific product.,do_not_treat_as_safe; require supplier/SKU evidence for allergy filtering
nuoc_mam,Nước mắm,egg,unknown,not_intrinsic_but_cross_contact_unverified,no intrinsic presence identified for the generic food identity,unverified; supplier/facility/product-specific cross-contact can differ,high_for_intrinsic_identity__not_a_cross_contact_clearance,https://www.fao.org/fao-who-codexalimentarius/sh-proxy/en/?lnk=1&url=https%253A%252F%252Fworkspace.fao.org%252Fsites%252Fcodex%252FStandards%252FCXS%2B302-2011%252FCXS_302e.pdf|https://www.who.int/publications/i/item/B09028,Codex CXS 302-2011 — Fish Sauce|WHO/FAO — Precautionary allergen labelling (PAL),Codex defines fish sauce as fermented fish and salt and permits other ingredients. The generic catalog identity confirms fish only; it does not prove absence of egg or cross-contact in a specific product.,do_not_treat_as_safe; require supplier/SKU evidence for allergy filtering
nuoc_mam,Nước mắm,soy,unknown,not_intrinsic_but_cross_contact_unverified,no intrinsic presence identified for the generic food identity,unverified; supplier/facility/product-specific cross-contact can differ,high_for_intrinsic_identity__not_a_cross_contact_clearance,https://www.fao.org/fao-who-codexalimentarius/sh-proxy/en/?lnk=1&url=https%253A%252F%252Fworkspace.fao.org%252Fsites%252Fcodex%252FStandards%252FCXS%2B302-2011%252FCXS_302e.pdf|https://www.who.int/publications/i/item/B09028,Codex CXS 302-2011 — Fish Sauce|WHO/FAO — Precautionary allergen labelling (PAL),Codex defines fish sauce as fermented fish and salt and permits other ingredients. The generic catalog identity confirms fish only; it does not prove absence of soy or cross-contact in a specific product.,do_not_treat_as_safe; require supplier/SKU evidence for allergy filtering
nuoc_mam,Nước mắm,wheat,unknown,not_intrinsic_but_cross_contact_unverified,no intrinsic presence identified for the generic food identity,unverified; supplier/facility/product-specific cross-contact can differ,high_for_intrinsic_identity__not_a_cross_contact_clearance,https://www.fao.org/fao-who-codexalimentarius/sh-proxy/en/?lnk=1&url=https%253A%252F%252Fworkspace.fao.org%252Fsites%252Fcodex%252FStandards%252FCXS%2B302-2011%252FCXS_302e.pdf|https://www.who.int/publications/i/item/B09028,Codex CXS 302-2011 — Fish Sauce|WHO/FAO — Precautionary allergen labelling (PAL),Codex defines fish sauce as fermented fish and salt and permits other ingredients. The generic catalog identity confirms fish only; it does not prove absence of wheat or cross-contact in a specific product.,do_not_treat_as_safe; require supplier/SKU evidence for allergy filtering
nuoc_mam,Nước mắm,fish,contains,confirmed_contains,confirmed allergen is inherent/intentional for this food identity,not needed to establish contains; cross-contact with other allergens remains separate,high,https://www.fao.org/fao-who-codexalimentarius/sh-proxy/en/?lnk=1&url=https%253A%252F%252Fworkspace.fao.org%252Fsites%252Fcodex%252FStandards%252FCXS%2B302-2011%252FCXS_302e.pdf|https://www.fao.org/fao-who-codexalimentarius/sh-proxy/pl/?lnk=1&url=https%253A%252F%252Fworkspace.fao.org%252Fsites%252Fcodex%252FStandards%252FCXS%2B1-1985%252FCXS_001e.pdf,Codex CXS 302-2011 — Fish Sauce|Codex CXS 1-1985 — allergen declaration,Nước mắm intrinsically/intentionally contains the fish allergen category; existing app status contains is retained.,exclude
nuoc_mam,Nước mắm,crustacean,unknown,not_intrinsic_but_cross_contact_unverified,no intrinsic presence identified for the generic food identity,unverified; supplier/facility/product-specific cross-contact can differ,high_for_intrinsic_identity__not_a_cross_contact_clearance,https://www.fao.org/fao-who-codexalimentarius/sh-proxy/en/?lnk=1&url=https%253A%252F%252Fworkspace.fao.org%252Fsites%252Fcodex%252FStandards%252FCXS%2B302-2011%252FCXS_302e.pdf|https://www.who.int/publications/i/item/B09028,Codex CXS 302-2011 — Fish Sauce|WHO/FAO — Precautionary allergen labelling (PAL),Codex defines fish sauce as fermented fish and salt and permits other ingredients. The generic catalog identity confirms fish only; it does not prove absence of crustacean or cross-contact in a specific product.,do_not_treat_as_safe; require supplier/SKU evidence for allergy filtering
nuoc_mam,Nước mắm,mollusc,unknown,not_intrinsic_but_cross_contact_unverified,no intrinsic presence identified for the generic food identity,unverified; supplier/facility/product-specific cross-contact can differ,high_for_intrinsic_identity__not_a_cross_contact_clearance,https://www.fao.org/fao-who-codexalimentarius/sh-proxy/en/?lnk=1&url=https%253A%252F%252Fworkspace.fao.org%252Fsites%252Fcodex%252FStandards%252FCXS%2B302-2011%252FCXS_302e.pdf|https://www.who.int/publications/i/item/B09028,Codex CXS 302-2011 — Fish Sauce|WHO/FAO — Precautionary allergen labelling (PAL),Codex defines fish sauce as fermented fish and salt and permits other ingredients. The generic catalog identity confirms fish only; it does not prove absence of mollusc or cross-contact in a specific product.,do_not_treat_as_safe; require supplier/SKU evidence for allergy filtering
nuoc_mam,Nước mắm,sesame,unknown,not_intrinsic_but_cross_contact_unverified,no intrinsic presence identified for the generic food identity,unverified; supplier/facility/product-specific cross-contact can differ,high_for_intrinsic_identity__not_a_cross_contact_clearance,https://www.fao.org/fao-who-codexalimentarius/sh-proxy/en/?lnk=1&url=https%253A%252F%252Fworkspace.fao.org%252Fsites%252Fcodex%252FStandards%252FCXS%2B302-2011%252FCXS_302e.pdf|https://www.who.int/publications/i/item/B09028,Codex CXS 302-2011 — Fish Sauce|WHO/FAO — Precautionary allergen labelling (PAL),Codex defines fish sauce as fermented fish and salt and permits other ingredients. The generic catalog identity confirms fish only; it does not prove absence of sesame or cross-contact in a specific product.,do_not_treat_as_safe; require supplier/SKU evidence for allergy filtering
nuoc_tuong,Nước tương,peanut,unknown,not_intrinsic_but_cross_contact_unverified,no intrinsic presence identified for the generic food identity,unverified; supplier/facility/product-specific cross-contact can differ,high_for_intrinsic_identity__not_a_cross_contact_clearance,https://www.fao.org/fao-who-codexalimentarius/sh-proxy/pl/?lnk=1&url=https%253A%252F%252Fworkspace.fao.org%252Fsites%252Fcodex%252FStandards%252FCXS%2B1-1985%252FCXS_001e.pdf|https://www.who.int/publications/i/item/B09028,Codex CXS 1-1985 — allergen declaration|WHO/FAO — Precautionary allergen labelling (PAL),"Nước tương is not itself the peanut allergen category based on the catalog food identity. This does NOT establish absence of unintended allergen presence or cross-contact, so app status remains unknown.",do_not_treat_as_safe; require supplier/SKU evidence for allergy filtering
nuoc_tuong,Nước tương,tree_nut,unknown,not_intrinsic_but_cross_contact_unverified,no intrinsic presence identified for the generic food identity,unverified; supplier/facility/product-specific cross-contact can differ,high_for_intrinsic_identity__not_a_cross_contact_clearance,https://www.fao.org/fao-who-codexalimentarius/sh-proxy/pl/?lnk=1&url=https%253A%252F%252Fworkspace.fao.org%252Fsites%252Fcodex%252FStandards%252FCXS%2B1-1985%252FCXS_001e.pdf|https://www.who.int/publications/i/item/B09028,Codex CXS 1-1985 — allergen declaration|WHO/FAO — Precautionary allergen labelling (PAL),"Nước tương is not itself the tree_nut allergen category based on the catalog food identity. This does NOT establish absence of unintended allergen presence or cross-contact, so app status remains unknown.",do_not_treat_as_safe; require supplier/SKU evidence for allergy filtering
nuoc_tuong,Nước tương,dairy,unknown,not_intrinsic_but_cross_contact_unverified,no intrinsic presence identified for the generic food identity,unverified; supplier/facility/product-specific cross-contact can differ,high_for_intrinsic_identity__not_a_cross_contact_clearance,https://www.fao.org/fao-who-codexalimentarius/sh-proxy/pl/?lnk=1&url=https%253A%252F%252Fworkspace.fao.org%252Fsites%252Fcodex%252FStandards%252FCXS%2B1-1985%252FCXS_001e.pdf|https://www.who.int/publications/i/item/B09028,Codex CXS 1-1985 — allergen declaration|WHO/FAO — Precautionary allergen labelling (PAL),"Nước tương is not itself the dairy allergen category based on the catalog food identity. This does NOT establish absence of unintended allergen presence or cross-contact, so app status remains unknown.",do_not_treat_as_safe; require supplier/SKU evidence for allergy filtering
nuoc_tuong,Nước tương,egg,unknown,not_intrinsic_but_cross_contact_unverified,no intrinsic presence identified for the generic food identity,unverified; supplier/facility/product-specific cross-contact can differ,high_for_intrinsic_identity__not_a_cross_contact_clearance,https://www.fao.org/fao-who-codexalimentarius/sh-proxy/pl/?lnk=1&url=https%253A%252F%252Fworkspace.fao.org%252Fsites%252Fcodex%252FStandards%252FCXS%2B1-1985%252FCXS_001e.pdf|https://www.who.int/publications/i/item/B09028,Codex CXS 1-1985 — allergen declaration|WHO/FAO — Precautionary allergen labelling (PAL),"Nước tương is not itself the egg allergen category based on the catalog food identity. This does NOT establish absence of unintended allergen presence or cross-contact, so app status remains unknown.",do_not_treat_as_safe; require supplier/SKU evidence for allergy filtering
nuoc_tuong,Nước tương,soy,contains,confirmed_contains,confirmed allergen is inherent/intentional for this food identity,not needed to establish contains; cross-contact with other allergens remains separate,high,https://www.kikkoman.com/en/culture/soysaucemuseum/making/|https://www.fda.gov/food/buy-store-serve-safe-food/food-allergies-what-you-need-know,Kikkoman — Making Soy Sauce|FDA — Food Allergies: What You Need to Know,Nước tương intrinsically/intentionally contains the soy allergen category; existing app status contains is retained.,exclude
nuoc_tuong,Nước tương,wheat,unknown,formulation_or_source_dependent,cannot be determined from generic catalog name alone,product formulation and facility statements must be checked at SKU/supplier level,high_that_generic_status_cannot_be_safely_resolved,https://www.kikkoman.com/en/culture/soysaucemuseum/making/|https://kikkomanusa.com/products/gluten-free-soy-sauce/|https://www.who.int/publications/i/item/B09028,Kikkoman — Making Soy Sauce|Kikkoman — Gluten-Free Soy Sauce|WHO/FAO — Precautionary allergen labelling (PAL),"Traditional soy sauce may contain wheat, while official gluten-free soy sauce replaces wheat with rice. Therefore generic nuoc_tuong cannot be safely classified wheat=contains or absent without SKU-level identity.",do_not_treat_as_safe; require supplier/SKU evidence for allergy filtering
nuoc_tuong,Nước tương,fish,unknown,not_intrinsic_but_cross_contact_unverified,no intrinsic presence identified for the generic food identity,unverified; supplier/facility/product-specific cross-contact can differ,high_for_intrinsic_identity__not_a_cross_contact_clearance,https://www.fao.org/fao-who-codexalimentarius/sh-proxy/pl/?lnk=1&url=https%253A%252F%252Fworkspace.fao.org%252Fsites%252Fcodex%252FStandards%252FCXS%2B1-1985%252FCXS_001e.pdf|https://www.who.int/publications/i/item/B09028,Codex CXS 1-1985 — allergen declaration|WHO/FAO — Precautionary allergen labelling (PAL),"Nước tương is not itself the fish allergen category based on the catalog food identity. This does NOT establish absence of unintended allergen presence or cross-contact, so app status remains unknown.",do_not_treat_as_safe; require supplier/SKU evidence for allergy filtering
nuoc_tuong,Nước tương,crustacean,unknown,not_intrinsic_but_cross_contact_unverified,no intrinsic presence identified for the generic food identity,unverified; supplier/facility/product-specific cross-contact can differ,high_for_intrinsic_identity__not_a_cross_contact_clearance,https://www.fao.org/fao-who-codexalimentarius/sh-proxy/pl/?lnk=1&url=https%253A%252F%252Fworkspace.fao.org%252Fsites%252Fcodex%252FStandards%252FCXS%2B1-1985%252FCXS_001e.pdf|https://www.who.int/publications/i/item/B09028,Codex CXS 1-1985 — allergen declaration|WHO/FAO — Precautionary allergen labelling (PAL),"Nước tương is not itself the crustacean allergen category based on the catalog food identity. This does NOT establish absence of unintended allergen presence or cross-contact, so app status remains unknown.",do_not_treat_as_safe; require supplier/SKU evidence for allergy filtering
nuoc_tuong,Nước tương,mollusc,unknown,not_intrinsic_but_cross_contact_unverified,no intrinsic presence identified for the generic food identity,unverified; supplier/facility/product-specific cross-contact can differ,high_for_intrinsic_identity__not_a_cross_contact_clearance,https://www.fao.org/fao-who-codexalimentarius/sh-proxy/pl/?lnk=1&url=https%253A%252F%252Fworkspace.fao.org%252Fsites%252Fcodex%252FStandards%252FCXS%2B1-1985%252FCXS_001e.pdf|https://www.who.int/publications/i/item/B09028,Codex CXS 1-1985 — allergen declaration|WHO/FAO — Precautionary allergen labelling (PAL),"Nước tương is not itself the mollusc allergen category based on the catalog food identity. This does NOT establish absence of unintended allergen presence or cross-contact, so app status remains unknown.",do_not_treat_as_safe; require supplier/SKU evidence for allergy filtering
nuoc_tuong,Nước tương,sesame,unknown,not_intrinsic_but_cross_contact_unverified,no intrinsic presence identified for the generic food identity,unverified; supplier/facility/product-specific cross-contact can differ,high_for_intrinsic_identity__not_a_cross_contact_clearance,https://www.fao.org/fao-who-codexalimentarius/sh-proxy/pl/?lnk=1&url=https%253A%252F%252Fworkspace.fao.org%252Fsites%252Fcodex%252FStandards%252FCXS%2B1-1985%252FCXS_001e.pdf|https://www.who.int/publications/i/item/B09028,Codex CXS 1-1985 — allergen declaration|WHO/FAO — Precautionary allergen labelling (PAL),"Nước tương is not itself the sesame allergen category based on the catalog food identity. This does NOT establish absence of unintended allergen presence or cross-contact, so app status remains unknown.",do_not_treat_as_safe; require supplier/SKU evidence for allergy filtering
dau_an,Dầu ăn,peanut,unknown,formulation_or_source_dependent,cannot be determined from generic catalog name alone,product formulation and facility statements must be checked at SKU/supplier level,high_that_generic_status_cannot_be_safely_resolved,https://www.fda.gov/media/78205/download?attachment=|https://www.who.int/publications/i/item/B09028,FDA — Threshold approaches / refined allergen-derived oils|WHO/FAO — Precautionary allergen labelling (PAL),"Generic cooking oil does not identify the botanical source or refining level. FDA evidence distinguishes highly refined from crude allergen-derived oils, so source/refining data are required before resolving this allergen.",do_not_treat_as_safe; require supplier/SKU evidence for allergy filtering
dau_an,Dầu ăn,tree_nut,unknown,formulation_or_source_dependent,cannot be determined from generic catalog name alone,product formulation and facility statements must be checked at SKU/supplier level,high_that_generic_status_cannot_be_safely_resolved,https://www.fda.gov/media/78205/download?attachment=|https://www.who.int/publications/i/item/B09028,FDA — Threshold approaches / refined allergen-derived oils|WHO/FAO — Precautionary allergen labelling (PAL),"Generic cooking oil does not identify the botanical source or refining level. FDA evidence distinguishes highly refined from crude allergen-derived oils, so source/refining data are required before resolving this allergen.",do_not_treat_as_safe; require supplier/SKU evidence for allergy filtering
dau_an,Dầu ăn,dairy,unknown,not_intrinsic_but_cross_contact_unverified,no intrinsic presence identified for the generic food identity,unverified; supplier/facility/product-specific cross-contact can differ,high_for_intrinsic_identity__not_a_cross_contact_clearance,https://www.fao.org/fao-who-codexalimentarius/sh-proxy/pl/?lnk=1&url=https%253A%252F%252Fworkspace.fao.org%252Fsites%252Fcodex%252FStandards%252FCXS%2B1-1985%252FCXS_001e.pdf|https://www.who.int/publications/i/item/B09028,Codex CXS 1-1985 — allergen declaration|WHO/FAO — Precautionary allergen labelling (PAL),"Dầu ăn is not itself the dairy allergen category based on the catalog food identity. This does NOT establish absence of unintended allergen presence or cross-contact, so app status remains unknown.",do_not_treat_as_safe; require supplier/SKU evidence for allergy filtering
dau_an,Dầu ăn,egg,unknown,not_intrinsic_but_cross_contact_unverified,no intrinsic presence identified for the generic food identity,unverified; supplier/facility/product-specific cross-contact can differ,high_for_intrinsic_identity__not_a_cross_contact_clearance,https://www.fao.org/fao-who-codexalimentarius/sh-proxy/pl/?lnk=1&url=https%253A%252F%252Fworkspace.fao.org%252Fsites%252Fcodex%252FStandards%252FCXS%2B1-1985%252FCXS_001e.pdf|https://www.who.int/publications/i/item/B09028,Codex CXS 1-1985 — allergen declaration|WHO/FAO — Precautionary allergen labelling (PAL),"Dầu ăn is not itself the egg allergen category based on the catalog food identity. This does NOT establish absence of unintended allergen presence or cross-contact, so app status remains unknown.",do_not_treat_as_safe; require supplier/SKU evidence for allergy filtering
dau_an,Dầu ăn,soy,unknown,formulation_or_source_dependent,cannot be determined from generic catalog name alone,product formulation and facility statements must be checked at SKU/supplier level,high_that_generic_status_cannot_be_safely_resolved,https://www.fda.gov/media/78205/download?attachment=|https://www.who.int/publications/i/item/B09028,FDA — Threshold approaches / refined allergen-derived oils|WHO/FAO — Precautionary allergen labelling (PAL),"Generic cooking oil does not identify the botanical source or refining level. FDA evidence distinguishes highly refined from crude allergen-derived oils, so source/refining data are required before resolving this allergen.",do_not_treat_as_safe; require supplier/SKU evidence for allergy filtering
dau_an,Dầu ăn,wheat,unknown,not_intrinsic_but_cross_contact_unverified,no intrinsic presence identified for the generic food identity,unverified; supplier/facility/product-specific cross-contact can differ,high_for_intrinsic_identity__not_a_cross_contact_clearance,https://www.fao.org/fao-who-codexalimentarius/sh-proxy/pl/?lnk=1&url=https%253A%252F%252Fworkspace.fao.org%252Fsites%252Fcodex%252FStandards%252FCXS%2B1-1985%252FCXS_001e.pdf|https://www.who.int/publications/i/item/B09028,Codex CXS 1-1985 — allergen declaration|WHO/FAO — Precautionary allergen labelling (PAL),"Dầu ăn is not itself the wheat allergen category based on the catalog food identity. This does NOT establish absence of unintended allergen presence or cross-contact, so app status remains unknown.",do_not_treat_as_safe; require supplier/SKU evidence for allergy filtering
dau_an,Dầu ăn,fish,unknown,not_intrinsic_but_cross_contact_unverified,no intrinsic presence identified for the generic food identity,unverified; supplier/facility/product-specific cross-contact can differ,high_for_intrinsic_identity__not_a_cross_contact_clearance,https://www.fao.org/fao-who-codexalimentarius/sh-proxy/pl/?lnk=1&url=https%253A%252F%252Fworkspace.fao.org%252Fsites%252Fcodex%252FStandards%252FCXS%2B1-1985%252FCXS_001e.pdf|https://www.who.int/publications/i/item/B09028,Codex CXS 1-1985 — allergen declaration|WHO/FAO — Precautionary allergen labelling (PAL),"Dầu ăn is not itself the fish allergen category based on the catalog food identity. This does NOT establish absence of unintended allergen presence or cross-contact, so app status remains unknown.",do_not_treat_as_safe; require supplier/SKU evidence for allergy filtering
dau_an,Dầu ăn,crustacean,unknown,not_intrinsic_but_cross_contact_unverified,no intrinsic presence identified for the generic food identity,unverified; supplier/facility/product-specific cross-contact can differ,high_for_intrinsic_identity__not_a_cross_contact_clearance,https://www.fao.org/fao-who-codexalimentarius/sh-proxy/pl/?lnk=1&url=https%253A%252F%252Fworkspace.fao.org%252Fsites%252Fcodex%252FStandards%252FCXS%2B1-1985%252FCXS_001e.pdf|https://www.who.int/publications/i/item/B09028,Codex CXS 1-1985 — allergen declaration|WHO/FAO — Precautionary allergen labelling (PAL),"Dầu ăn is not itself the crustacean allergen category based on the catalog food identity. This does NOT establish absence of unintended allergen presence or cross-contact, so app status remains unknown.",do_not_treat_as_safe; require supplier/SKU evidence for allergy filtering
dau_an,Dầu ăn,mollusc,unknown,not_intrinsic_but_cross_contact_unverified,no intrinsic presence identified for the generic food identity,unverified; supplier/facility/product-specific cross-contact can differ,high_for_intrinsic_identity__not_a_cross_contact_clearance,https://www.fao.org/fao-who-codexalimentarius/sh-proxy/pl/?lnk=1&url=https%253A%252F%252Fworkspace.fao.org%252Fsites%252Fcodex%252FStandards%252FCXS%2B1-1985%252FCXS_001e.pdf|https://www.who.int/publications/i/item/B09028,Codex CXS 1-1985 — allergen declaration|WHO/FAO — Precautionary allergen labelling (PAL),"Dầu ăn is not itself the mollusc allergen category based on the catalog food identity. This does NOT establish absence of unintended allergen presence or cross-contact, so app status remains unknown.",do_not_treat_as_safe; require supplier/SKU evidence for allergy filtering
dau_an,Dầu ăn,sesame,unknown,formulation_or_source_dependent,cannot be determined from generic catalog name alone,product formulation and facility statements must be checked at SKU/supplier level,high_that_generic_status_cannot_be_safely_resolved,https://www.fda.gov/media/78205/download?attachment=|https://www.who.int/publications/i/item/B09028,FDA — Threshold approaches / refined allergen-derived oils|WHO/FAO — Precautionary allergen labelling (PAL),"Generic cooking oil does not identify the botanical source or refining level. FDA evidence distinguishes highly refined from crude allergen-derived oils, so source/refining data are required before resolving this allergen.",do_not_treat_as_safe; require supplier/SKU evidence for allergy filtering
muoi,Muối,peanut,unknown,not_intrinsic_but_cross_contact_unverified,no intrinsic presence identified for the generic food identity,unverified; supplier/facility/product-specific cross-contact can differ,high_for_intrinsic_identity__not_a_cross_contact_clearance,https://www.fao.org/fao-who-codexalimentarius/sh-proxy/pl/?lnk=1&url=https%253A%252F%252Fworkspace.fao.org%252Fsites%252Fcodex%252FStandards%252FCXS%2B1-1985%252FCXS_001e.pdf|https://www.who.int/publications/i/item/B09028,Codex CXS 1-1985 — allergen declaration|WHO/FAO — Precautionary allergen labelling (PAL),"Muối is not itself the peanut allergen category based on the catalog food identity. This does NOT establish absence of unintended allergen presence or cross-contact, so app status remains unknown.",do_not_treat_as_safe; require supplier/SKU evidence for allergy filtering
muoi,Muối,tree_nut,unknown,not_intrinsic_but_cross_contact_unverified,no intrinsic presence identified for the generic food identity,unverified; supplier/facility/product-specific cross-contact can differ,high_for_intrinsic_identity__not_a_cross_contact_clearance,https://www.fao.org/fao-who-codexalimentarius/sh-proxy/pl/?lnk=1&url=https%253A%252F%252Fworkspace.fao.org%252Fsites%252Fcodex%252FStandards%252FCXS%2B1-1985%252FCXS_001e.pdf|https://www.who.int/publications/i/item/B09028,Codex CXS 1-1985 — allergen declaration|WHO/FAO — Precautionary allergen labelling (PAL),"Muối is not itself the tree_nut allergen category based on the catalog food identity. This does NOT establish absence of unintended allergen presence or cross-contact, so app status remains unknown.",do_not_treat_as_safe; require supplier/SKU evidence for allergy filtering
muoi,Muối,dairy,unknown,not_intrinsic_but_cross_contact_unverified,no intrinsic presence identified for the generic food identity,unverified; supplier/facility/product-specific cross-contact can differ,high_for_intrinsic_identity__not_a_cross_contact_clearance,https://www.fao.org/fao-who-codexalimentarius/sh-proxy/pl/?lnk=1&url=https%253A%252F%252Fworkspace.fao.org%252Fsites%252Fcodex%252FStandards%252FCXS%2B1-1985%252FCXS_001e.pdf|https://www.who.int/publications/i/item/B09028,Codex CXS 1-1985 — allergen declaration|WHO/FAO — Precautionary allergen labelling (PAL),"Muối is not itself the dairy allergen category based on the catalog food identity. This does NOT establish absence of unintended allergen presence or cross-contact, so app status remains unknown.",do_not_treat_as_safe; require supplier/SKU evidence for allergy filtering
muoi,Muối,egg,unknown,not_intrinsic_but_cross_contact_unverified,no intrinsic presence identified for the generic food identity,unverified; supplier/facility/product-specific cross-contact can differ,high_for_intrinsic_identity__not_a_cross_contact_clearance,https://www.fao.org/fao-who-codexalimentarius/sh-proxy/pl/?lnk=1&url=https%253A%252F%252Fworkspace.fao.org%252Fsites%252Fcodex%252FStandards%252FCXS%2B1-1985%252FCXS_001e.pdf|https://www.who.int/publications/i/item/B09028,Codex CXS 1-1985 — allergen declaration|WHO/FAO — Precautionary allergen labelling (PAL),"Muối is not itself the egg allergen category based on the catalog food identity. This does NOT establish absence of unintended allergen presence or cross-contact, so app status remains unknown.",do_not_treat_as_safe; require supplier/SKU evidence for allergy filtering
muoi,Muối,soy,unknown,not_intrinsic_but_cross_contact_unverified,no intrinsic presence identified for the generic food identity,unverified; supplier/facility/product-specific cross-contact can differ,high_for_intrinsic_identity__not_a_cross_contact_clearance,https://www.fao.org/fao-who-codexalimentarius/sh-proxy/pl/?lnk=1&url=https%253A%252F%252Fworkspace.fao.org%252Fsites%252Fcodex%252FStandards%252FCXS%2B1-1985%252FCXS_001e.pdf|https://www.who.int/publications/i/item/B09028,Codex CXS 1-1985 — allergen declaration|WHO/FAO — Precautionary allergen labelling (PAL),"Muối is not itself the soy allergen category based on the catalog food identity. This does NOT establish absence of unintended allergen presence or cross-contact, so app status remains unknown.",do_not_treat_as_safe; require supplier/SKU evidence for allergy filtering
muoi,Muối,wheat,unknown,not_intrinsic_but_cross_contact_unverified,no intrinsic presence identified for the generic food identity,unverified; supplier/facility/product-specific cross-contact can differ,high_for_intrinsic_identity__not_a_cross_contact_clearance,https://www.fao.org/fao-who-codexalimentarius/sh-proxy/pl/?lnk=1&url=https%253A%252F%252Fworkspace.fao.org%252Fsites%252Fcodex%252FStandards%252FCXS%2B1-1985%252FCXS_001e.pdf|https://www.who.int/publications/i/item/B09028,Codex CXS 1-1985 — allergen declaration|WHO/FAO — Precautionary allergen labelling (PAL),"Muối is not itself the wheat allergen category based on the catalog food identity. This does NOT establish absence of unintended allergen presence or cross-contact, so app status remains unknown.",do_not_treat_as_safe; require supplier/SKU evidence for allergy filtering
muoi,Muối,fish,unknown,not_intrinsic_but_cross_contact_unverified,no intrinsic presence identified for the generic food identity,unverified; supplier/facility/product-specific cross-contact can differ,high_for_intrinsic_identity__not_a_cross_contact_clearance,https://www.fao.org/fao-who-codexalimentarius/sh-proxy/pl/?lnk=1&url=https%253A%252F%252Fworkspace.fao.org%252Fsites%252Fcodex%252FStandards%252FCXS%2B1-1985%252FCXS_001e.pdf|https://www.who.int/publications/i/item/B09028,Codex CXS 1-1985 — allergen declaration|WHO/FAO — Precautionary allergen labelling (PAL),"Muối is not itself the fish allergen category based on the catalog food identity. This does NOT establish absence of unintended allergen presence or cross-contact, so app status remains unknown.",do_not_treat_as_safe; require supplier/SKU evidence for allergy filtering
muoi,Muối,crustacean,unknown,not_intrinsic_but_cross_contact_unverified,no intrinsic presence identified for the generic food identity,unverified; supplier/facility/product-specific cross-contact can differ,high_for_intrinsic_identity__not_a_cross_contact_clearance,https://www.fao.org/fao-who-codexalimentarius/sh-proxy/pl/?lnk=1&url=https%253A%252F%252Fworkspace.fao.org%252Fsites%252Fcodex%252FStandards%252FCXS%2B1-1985%252FCXS_001e.pdf|https://www.who.int/publications/i/item/B09028,Codex CXS 1-1985 — allergen declaration|WHO/FAO — Precautionary allergen labelling (PAL),"Muối is not itself the crustacean allergen category based on the catalog food identity. This does NOT establish absence of unintended allergen presence or cross-contact, so app status remains unknown.",do_not_treat_as_safe; require supplier/SKU evidence for allergy filtering
muoi,Muối,mollusc,unknown,not_intrinsic_but_cross_contact_unverified,no intrinsic presence identified for the generic food identity,unverified; supplier/facility/product-specific cross-contact can differ,high_for_intrinsic_identity__not_a_cross_contact_clearance,https://www.fao.org/fao-who-codexalimentarius/sh-proxy/pl/?lnk=1&url=https%253A%252F%252Fworkspace.fao.org%252Fsites%252Fcodex%252FStandards%252FCXS%2B1-1985%252FCXS_001e.pdf|https://www.who.int/publications/i/item/B09028,Codex CXS 1-1985 — allergen declaration|WHO/FAO — Precautionary allergen labelling (PAL),"Muối is not itself the mollusc allergen category based on the catalog food identity. This does NOT establish absence of unintended allergen presence or cross-contact, so app status remains unknown.",do_not_treat_as_safe; require supplier/SKU evidence for allergy filtering
muoi,Muối,sesame,unknown,not_intrinsic_but_cross_contact_unverified,no intrinsic presence identified for the generic food identity,unverified; supplier/facility/product-specific cross-contact can differ,high_for_intrinsic_identity__not_a_cross_contact_clearance,https://www.fao.org/fao-who-codexalimentarius/sh-proxy/pl/?lnk=1&url=https%253A%252F%252Fworkspace.fao.org%252Fsites%252Fcodex%252FStandards%252FCXS%2B1-1985%252FCXS_001e.pdf|https://www.who.int/publications/i/item/B09028,Codex CXS 1-1985 — allergen declaration|WHO/FAO — Precautionary allergen labelling (PAL),"Muối is not itself the sesame allergen category based on the catalog food identity. This does NOT establish absence of unintended allergen presence or cross-contact, so app status remains unknown.",do_not_treat_as_safe; require supplier/SKU evidence for allergy filtering
duong_cat,Đường cát,peanut,unknown,not_intrinsic_but_cross_contact_unverified,no intrinsic presence identified for the generic food identity,unverified; supplier/facility/product-specific cross-contact can differ,high_for_intrinsic_identity__not_a_cross_contact_clearance,https://www.fao.org/fao-who-codexalimentarius/sh-proxy/pl/?lnk=1&url=https%253A%252F%252Fworkspace.fao.org%252Fsites%252Fcodex%252FStandards%252FCXS%2B1-1985%252FCXS_001e.pdf|https://www.who.int/publications/i/item/B09028,Codex CXS 1-1985 — allergen declaration|WHO/FAO — Precautionary allergen labelling (PAL),"Đường cát is not itself the peanut allergen category based on the catalog food identity. This does NOT establish absence of unintended allergen presence or cross-contact, so app status remains unknown.",do_not_treat_as_safe; require supplier/SKU evidence for allergy filtering
duong_cat,Đường cát,tree_nut,unknown,not_intrinsic_but_cross_contact_unverified,no intrinsic presence identified for the generic food identity,unverified; supplier/facility/product-specific cross-contact can differ,high_for_intrinsic_identity__not_a_cross_contact_clearance,https://www.fao.org/fao-who-codexalimentarius/sh-proxy/pl/?lnk=1&url=https%253A%252F%252Fworkspace.fao.org%252Fsites%252Fcodex%252FStandards%252FCXS%2B1-1985%252FCXS_001e.pdf|https://www.who.int/publications/i/item/B09028,Codex CXS 1-1985 — allergen declaration|WHO/FAO — Precautionary allergen labelling (PAL),"Đường cát is not itself the tree_nut allergen category based on the catalog food identity. This does NOT establish absence of unintended allergen presence or cross-contact, so app status remains unknown.",do_not_treat_as_safe; require supplier/SKU evidence for allergy filtering
duong_cat,Đường cát,dairy,unknown,not_intrinsic_but_cross_contact_unverified,no intrinsic presence identified for the generic food identity,unverified; supplier/facility/product-specific cross-contact can differ,high_for_intrinsic_identity__not_a_cross_contact_clearance,https://www.fao.org/fao-who-codexalimentarius/sh-proxy/pl/?lnk=1&url=https%253A%252F%252Fworkspace.fao.org%252Fsites%252Fcodex%252FStandards%252FCXS%2B1-1985%252FCXS_001e.pdf|https://www.who.int/publications/i/item/B09028,Codex CXS 1-1985 — allergen declaration|WHO/FAO — Precautionary allergen labelling (PAL),"Đường cát is not itself the dairy allergen category based on the catalog food identity. This does NOT establish absence of unintended allergen presence or cross-contact, so app status remains unknown.",do_not_treat_as_safe; require supplier/SKU evidence for allergy filtering
duong_cat,Đường cát,egg,unknown,not_intrinsic_but_cross_contact_unverified,no intrinsic presence identified for the generic food identity,unverified; supplier/facility/product-specific cross-contact can differ,high_for_intrinsic_identity__not_a_cross_contact_clearance,https://www.fao.org/fao-who-codexalimentarius/sh-proxy/pl/?lnk=1&url=https%253A%252F%252Fworkspace.fao.org%252Fsites%252Fcodex%252FStandards%252FCXS%2B1-1985%252FCXS_001e.pdf|https://www.who.int/publications/i/item/B09028,Codex CXS 1-1985 — allergen declaration|WHO/FAO — Precautionary allergen labelling (PAL),"Đường cát is not itself the egg allergen category based on the catalog food identity. This does NOT establish absence of unintended allergen presence or cross-contact, so app status remains unknown.",do_not_treat_as_safe; require supplier/SKU evidence for allergy filtering
duong_cat,Đường cát,soy,unknown,not_intrinsic_but_cross_contact_unverified,no intrinsic presence identified for the generic food identity,unverified; supplier/facility/product-specific cross-contact can differ,high_for_intrinsic_identity__not_a_cross_contact_clearance,https://www.fao.org/fao-who-codexalimentarius/sh-proxy/pl/?lnk=1&url=https%253A%252F%252Fworkspace.fao.org%252Fsites%252Fcodex%252FStandards%252FCXS%2B1-1985%252FCXS_001e.pdf|https://www.who.int/publications/i/item/B09028,Codex CXS 1-1985 — allergen declaration|WHO/FAO — Precautionary allergen labelling (PAL),"Đường cát is not itself the soy allergen category based on the catalog food identity. This does NOT establish absence of unintended allergen presence or cross-contact, so app status remains unknown.",do_not_treat_as_safe; require supplier/SKU evidence for allergy filtering
duong_cat,Đường cát,wheat,unknown,not_intrinsic_but_cross_contact_unverified,no intrinsic presence identified for the generic food identity,unverified; supplier/facility/product-specific cross-contact can differ,high_for_intrinsic_identity__not_a_cross_contact_clearance,https://www.fao.org/fao-who-codexalimentarius/sh-proxy/pl/?lnk=1&url=https%253A%252F%252Fworkspace.fao.org%252Fsites%252Fcodex%252FStandards%252FCXS%2B1-1985%252FCXS_001e.pdf|https://www.who.int/publications/i/item/B09028,Codex CXS 1-1985 — allergen declaration|WHO/FAO — Precautionary allergen labelling (PAL),"Đường cát is not itself the wheat allergen category based on the catalog food identity. This does NOT establish absence of unintended allergen presence or cross-contact, so app status remains unknown.",do_not_treat_as_safe; require supplier/SKU evidence for allergy filtering
duong_cat,Đường cát,fish,unknown,not_intrinsic_but_cross_contact_unverified,no intrinsic presence identified for the generic food identity,unverified; supplier/facility/product-specific cross-contact can differ,high_for_intrinsic_identity__not_a_cross_contact_clearance,https://www.fao.org/fao-who-codexalimentarius/sh-proxy/pl/?lnk=1&url=https%253A%252F%252Fworkspace.fao.org%252Fsites%252Fcodex%252FStandards%252FCXS%2B1-1985%252FCXS_001e.pdf|https://www.who.int/publications/i/item/B09028,Codex CXS 1-1985 — allergen declaration|WHO/FAO — Precautionary allergen labelling (PAL),"Đường cát is not itself the fish allergen category based on the catalog food identity. This does NOT establish absence of unintended allergen presence or cross-contact, so app status remains unknown.",do_not_treat_as_safe; require supplier/SKU evidence for allergy filtering
duong_cat,Đường cát,crustacean,unknown,not_intrinsic_but_cross_contact_unverified,no intrinsic presence identified for the generic food identity,unverified; supplier/facility/product-specific cross-contact can differ,high_for_intrinsic_identity__not_a_cross_contact_clearance,https://www.fao.org/fao-who-codexalimentarius/sh-proxy/pl/?lnk=1&url=https%253A%252F%252Fworkspace.fao.org%252Fsites%252Fcodex%252FStandards%252FCXS%2B1-1985%252FCXS_001e.pdf|https://www.who.int/publications/i/item/B09028,Codex CXS 1-1985 — allergen declaration|WHO/FAO — Precautionary allergen labelling (PAL),"Đường cát is not itself the crustacean allergen category based on the catalog food identity. This does NOT establish absence of unintended allergen presence or cross-contact, so app status remains unknown.",do_not_treat_as_safe; require supplier/SKU evidence for allergy filtering
duong_cat,Đường cát,mollusc,unknown,not_intrinsic_but_cross_contact_unverified,no intrinsic presence identified for the generic food identity,unverified; supplier/facility/product-specific cross-contact can differ,high_for_intrinsic_identity__not_a_cross_contact_clearance,https://www.fao.org/fao-who-codexalimentarius/sh-proxy/pl/?lnk=1&url=https%253A%252F%252Fworkspace.fao.org%252Fsites%252Fcodex%252FStandards%252FCXS%2B1-1985%252FCXS_001e.pdf|https://www.who.int/publications/i/item/B09028,Codex CXS 1-1985 — allergen declaration|WHO/FAO — Precautionary allergen labelling (PAL),"Đường cát is not itself the mollusc allergen category based on the catalog food identity. This does NOT establish absence of unintended allergen presence or cross-contact, so app status remains unknown.",do_not_treat_as_safe; require supplier/SKU evidence for allergy filtering
duong_cat,Đường cát,sesame,unknown,not_intrinsic_but_cross_contact_unverified,no intrinsic presence identified for the generic food identity,unverified; supplier/facility/product-specific cross-contact can differ,high_for_intrinsic_identity__not_a_cross_contact_clearance,https://www.fao.org/fao-who-codexalimentarius/sh-proxy/pl/?lnk=1&url=https%253A%252F%252Fworkspace.fao.org%252Fsites%252Fcodex%252FStandards%252FCXS%2B1-1985%252FCXS_001e.pdf|https://www.who.int/publications/i/item/B09028,Codex CXS 1-1985 — allergen declaration|WHO/FAO — Precautionary allergen labelling (PAL),"Đường cát is not itself the sesame allergen category based on the catalog food identity. This does NOT establish absence of unintended allergen presence or cross-contact, so app status remains unknown.",do_not_treat_as_safe; require supplier/SKU evidence for allergy filtering
tieu_xay,Tiêu xay,peanut,unknown,not_intrinsic_but_cross_contact_unverified,no intrinsic presence identified for the generic food identity,unverified; supplier/facility/product-specific cross-contact can differ,high_for_intrinsic_identity__not_a_cross_contact_clearance,https://www.fao.org/fao-who-codexalimentarius/sh-proxy/pl/?lnk=1&url=https%253A%252F%252Fworkspace.fao.org%252Fsites%252Fcodex%252FStandards%252FCXS%2B1-1985%252FCXS_001e.pdf|https://www.who.int/publications/i/item/B09028,Codex CXS 1-1985 — allergen declaration|WHO/FAO — Precautionary allergen labelling (PAL),"Tiêu xay is not itself the peanut allergen category based on the catalog food identity. This does NOT establish absence of unintended allergen presence or cross-contact, so app status remains unknown.",do_not_treat_as_safe; require supplier/SKU evidence for allergy filtering
tieu_xay,Tiêu xay,tree_nut,unknown,not_intrinsic_but_cross_contact_unverified,no intrinsic presence identified for the generic food identity,unverified; supplier/facility/product-specific cross-contact can differ,high_for_intrinsic_identity__not_a_cross_contact_clearance,https://www.fao.org/fao-who-codexalimentarius/sh-proxy/pl/?lnk=1&url=https%253A%252F%252Fworkspace.fao.org%252Fsites%252Fcodex%252FStandards%252FCXS%2B1-1985%252FCXS_001e.pdf|https://www.who.int/publications/i/item/B09028,Codex CXS 1-1985 — allergen declaration|WHO/FAO — Precautionary allergen labelling (PAL),"Tiêu xay is not itself the tree_nut allergen category based on the catalog food identity. This does NOT establish absence of unintended allergen presence or cross-contact, so app status remains unknown.",do_not_treat_as_safe; require supplier/SKU evidence for allergy filtering
tieu_xay,Tiêu xay,dairy,unknown,not_intrinsic_but_cross_contact_unverified,no intrinsic presence identified for the generic food identity,unverified; supplier/facility/product-specific cross-contact can differ,high_for_intrinsic_identity__not_a_cross_contact_clearance,https://www.fao.org/fao-who-codexalimentarius/sh-proxy/pl/?lnk=1&url=https%253A%252F%252Fworkspace.fao.org%252Fsites%252Fcodex%252FStandards%252FCXS%2B1-1985%252FCXS_001e.pdf|https://www.who.int/publications/i/item/B09028,Codex CXS 1-1985 — allergen declaration|WHO/FAO — Precautionary allergen labelling (PAL),"Tiêu xay is not itself the dairy allergen category based on the catalog food identity. This does NOT establish absence of unintended allergen presence or cross-contact, so app status remains unknown.",do_not_treat_as_safe; require supplier/SKU evidence for allergy filtering
tieu_xay,Tiêu xay,egg,unknown,not_intrinsic_but_cross_contact_unverified,no intrinsic presence identified for the generic food identity,unverified; supplier/facility/product-specific cross-contact can differ,high_for_intrinsic_identity__not_a_cross_contact_clearance,https://www.fao.org/fao-who-codexalimentarius/sh-proxy/pl/?lnk=1&url=https%253A%252F%252Fworkspace.fao.org%252Fsites%252Fcodex%252FStandards%252FCXS%2B1-1985%252FCXS_001e.pdf|https://www.who.int/publications/i/item/B09028,Codex CXS 1-1985 — allergen declaration|WHO/FAO — Precautionary allergen labelling (PAL),"Tiêu xay is not itself the egg allergen category based on the catalog food identity. This does NOT establish absence of unintended allergen presence or cross-contact, so app status remains unknown.",do_not_treat_as_safe; require supplier/SKU evidence for allergy filtering
tieu_xay,Tiêu xay,soy,unknown,not_intrinsic_but_cross_contact_unverified,no intrinsic presence identified for the generic food identity,unverified; supplier/facility/product-specific cross-contact can differ,high_for_intrinsic_identity__not_a_cross_contact_clearance,https://www.fao.org/fao-who-codexalimentarius/sh-proxy/pl/?lnk=1&url=https%253A%252F%252Fworkspace.fao.org%252Fsites%252Fcodex%252FStandards%252FCXS%2B1-1985%252FCXS_001e.pdf|https://www.who.int/publications/i/item/B09028,Codex CXS 1-1985 — allergen declaration|WHO/FAO — Precautionary allergen labelling (PAL),"Tiêu xay is not itself the soy allergen category based on the catalog food identity. This does NOT establish absence of unintended allergen presence or cross-contact, so app status remains unknown.",do_not_treat_as_safe; require supplier/SKU evidence for allergy filtering
tieu_xay,Tiêu xay,wheat,unknown,not_intrinsic_but_cross_contact_unverified,no intrinsic presence identified for the generic food identity,unverified; supplier/facility/product-specific cross-contact can differ,high_for_intrinsic_identity__not_a_cross_contact_clearance,https://www.fao.org/fao-who-codexalimentarius/sh-proxy/pl/?lnk=1&url=https%253A%252F%252Fworkspace.fao.org%252Fsites%252Fcodex%252FStandards%252FCXS%2B1-1985%252FCXS_001e.pdf|https://www.who.int/publications/i/item/B09028,Codex CXS 1-1985 — allergen declaration|WHO/FAO — Precautionary allergen labelling (PAL),"Tiêu xay is not itself the wheat allergen category based on the catalog food identity. This does NOT establish absence of unintended allergen presence or cross-contact, so app status remains unknown.",do_not_treat_as_safe; require supplier/SKU evidence for allergy filtering
tieu_xay,Tiêu xay,fish,unknown,not_intrinsic_but_cross_contact_unverified,no intrinsic presence identified for the generic food identity,unverified; supplier/facility/product-specific cross-contact can differ,high_for_intrinsic_identity__not_a_cross_contact_clearance,https://www.fao.org/fao-who-codexalimentarius/sh-proxy/pl/?lnk=1&url=https%253A%252F%252Fworkspace.fao.org%252Fsites%252Fcodex%252FStandards%252FCXS%2B1-1985%252FCXS_001e.pdf|https://www.who.int/publications/i/item/B09028,Codex CXS 1-1985 — allergen declaration|WHO/FAO — Precautionary allergen labelling (PAL),"Tiêu xay is not itself the fish allergen category based on the catalog food identity. This does NOT establish absence of unintended allergen presence or cross-contact, so app status remains unknown.",do_not_treat_as_safe; require supplier/SKU evidence for allergy filtering
tieu_xay,Tiêu xay,crustacean,unknown,not_intrinsic_but_cross_contact_unverified,no intrinsic presence identified for the generic food identity,unverified; supplier/facility/product-specific cross-contact can differ,high_for_intrinsic_identity__not_a_cross_contact_clearance,https://www.fao.org/fao-who-codexalimentarius/sh-proxy/pl/?lnk=1&url=https%253A%252F%252Fworkspace.fao.org%252Fsites%252Fcodex%252FStandards%252FCXS%2B1-1985%252FCXS_001e.pdf|https://www.who.int/publications/i/item/B09028,Codex CXS 1-1985 — allergen declaration|WHO/FAO — Precautionary allergen labelling (PAL),"Tiêu xay is not itself the crustacean allergen category based on the catalog food identity. This does NOT establish absence of unintended allergen presence or cross-contact, so app status remains unknown.",do_not_treat_as_safe; require supplier/SKU evidence for allergy filtering
tieu_xay,Tiêu xay,mollusc,unknown,not_intrinsic_but_cross_contact_unverified,no intrinsic presence identified for the generic food identity,unverified; supplier/facility/product-specific cross-contact can differ,high_for_intrinsic_identity__not_a_cross_contact_clearance,https://www.fao.org/fao-who-codexalimentarius/sh-proxy/pl/?lnk=1&url=https%253A%252F%252Fworkspace.fao.org%252Fsites%252Fcodex%252FStandards%252FCXS%2B1-1985%252FCXS_001e.pdf|https://www.who.int/publications/i/item/B09028,Codex CXS 1-1985 — allergen declaration|WHO/FAO — Precautionary allergen labelling (PAL),"Tiêu xay is not itself the mollusc allergen category based on the catalog food identity. This does NOT establish absence of unintended allergen presence or cross-contact, so app status remains unknown.",do_not_treat_as_safe; require supplier/SKU evidence for allergy filtering
tieu_xay,Tiêu xay,sesame,unknown,not_intrinsic_but_cross_contact_unverified,no intrinsic presence identified for the generic food identity,unverified; supplier/facility/product-specific cross-contact can differ,high_for_intrinsic_identity__not_a_cross_contact_clearance,https://www.fao.org/fao-who-codexalimentarius/sh-proxy/pl/?lnk=1&url=https%253A%252F%252Fworkspace.fao.org%252Fsites%252Fcodex%252FStandards%252FCXS%2B1-1985%252FCXS_001e.pdf|https://www.who.int/publications/i/item/B09028,Codex CXS 1-1985 — allergen declaration|WHO/FAO — Precautionary allergen labelling (PAL),"Tiêu xay is not itself the sesame allergen category based on the catalog food identity. This does NOT establish absence of unintended allergen presence or cross-contact, so app status remains unknown.",do_not_treat_as_safe; require supplier/SKU evidence for allergy filtering
hat_nem,Hạt nêm,peanut,unknown,not_intrinsic_but_cross_contact_unverified,no intrinsic presence identified for the generic food identity,unverified; supplier/facility/product-specific cross-contact can differ,high_for_intrinsic_identity__not_a_cross_contact_clearance,https://www.fao.org/fao-who-codexalimentarius/sh-proxy/pl/?lnk=1&url=https%253A%252F%252Fworkspace.fao.org%252Fsites%252Fcodex%252FStandards%252FCXS%2B1-1985%252FCXS_001e.pdf|https://www.who.int/publications/i/item/B09028,Codex CXS 1-1985 — allergen declaration|WHO/FAO — Precautionary allergen labelling (PAL),"Hạt nêm is not itself the peanut allergen category based on the catalog food identity. This does NOT establish absence of unintended allergen presence or cross-contact, so app status remains unknown.",do_not_treat_as_safe; require supplier/SKU evidence for allergy filtering
hat_nem,Hạt nêm,tree_nut,unknown,not_intrinsic_but_cross_contact_unverified,no intrinsic presence identified for the generic food identity,unverified; supplier/facility/product-specific cross-contact can differ,high_for_intrinsic_identity__not_a_cross_contact_clearance,https://www.fao.org/fao-who-codexalimentarius/sh-proxy/pl/?lnk=1&url=https%253A%252F%252Fworkspace.fao.org%252Fsites%252Fcodex%252FStandards%252FCXS%2B1-1985%252FCXS_001e.pdf|https://www.who.int/publications/i/item/B09028,Codex CXS 1-1985 — allergen declaration|WHO/FAO — Precautionary allergen labelling (PAL),"Hạt nêm is not itself the tree_nut allergen category based on the catalog food identity. This does NOT establish absence of unintended allergen presence or cross-contact, so app status remains unknown.",do_not_treat_as_safe; require supplier/SKU evidence for allergy filtering
hat_nem,Hạt nêm,dairy,unknown,not_intrinsic_but_cross_contact_unverified,no intrinsic presence identified for the generic food identity,unverified; supplier/facility/product-specific cross-contact can differ,high_for_intrinsic_identity__not_a_cross_contact_clearance,https://www.fao.org/fao-who-codexalimentarius/sh-proxy/pl/?lnk=1&url=https%253A%252F%252Fworkspace.fao.org%252Fsites%252Fcodex%252FStandards%252FCXS%2B1-1985%252FCXS_001e.pdf|https://www.who.int/publications/i/item/B09028,Codex CXS 1-1985 — allergen declaration|WHO/FAO — Precautionary allergen labelling (PAL),"Hạt nêm is not itself the dairy allergen category based on the catalog food identity. This does NOT establish absence of unintended allergen presence or cross-contact, so app status remains unknown.",do_not_treat_as_safe; require supplier/SKU evidence for allergy filtering
hat_nem,Hạt nêm,egg,unknown,formulation_or_source_dependent,cannot be determined from generic catalog name alone,product formulation and facility statements must be checked at SKU/supplier level,high_that_generic_status_cannot_be_safely_resolved,https://www.knorr.com/vn/p/h%E1%BA%A1t-n%C3%AAm-knorr-th%E1%BB%8Bt-th%C4%83n-x%C6%B0%C6%A1ng-%E1%BB%91ng-t%E1%BB%A7y.html/08934707029137|https://www.unileverfoodsolutions.com.vn/vi/san-pham.79-VI-1234717.html|https://www.unileverfoodsolutions.com.vn/vi/san-pham/knorr-bot-thit-ga-1kg-79-VI-1053103.html|https://www.who.int/publications/i/item/B09028,"Knorr Việt Nam — Hạt nêm thịt thăn, xương ống & tủy|Unilever Food Solutions Việt Nam — Knorr Bột Nêm Hải Sản|Unilever Food Solutions Việt Nam — Knorr Bột Thịt Gà|WHO/FAO — Precautionary allergen labelling (PAL)","Official Vietnamese Knorr formulations differ: meat seasoning lists fermented soy; seafood seasoning declares soy, wheat and seafood; chicken powder warns of trace soy/egg. Generic hat_nem is therefore formulation-dependent.",do_not_treat_as_safe; require supplier/SKU evidence for allergy filtering
hat_nem,Hạt nêm,soy,unknown,formulation_or_source_dependent,cannot be determined from generic catalog name alone,product formulation and facility statements must be checked at SKU/supplier level,high_that_generic_status_cannot_be_safely_resolved,https://www.knorr.com/vn/p/h%E1%BA%A1t-n%C3%AAm-knorr-th%E1%BB%8Bt-th%C4%83n-x%C6%B0%C6%A1ng-%E1%BB%91ng-t%E1%BB%A7y.html/08934707029137|https://www.unileverfoodsolutions.com.vn/vi/san-pham.79-VI-1234717.html|https://www.unileverfoodsolutions.com.vn/vi/san-pham/knorr-bot-thit-ga-1kg-79-VI-1053103.html|https://www.who.int/publications/i/item/B09028,"Knorr Việt Nam — Hạt nêm thịt thăn, xương ống & tủy|Unilever Food Solutions Việt Nam — Knorr Bột Nêm Hải Sản|Unilever Food Solutions Việt Nam — Knorr Bột Thịt Gà|WHO/FAO — Precautionary allergen labelling (PAL)","Official Vietnamese Knorr formulations differ: meat seasoning lists fermented soy; seafood seasoning declares soy, wheat and seafood; chicken powder warns of trace soy/egg. Generic hat_nem is therefore formulation-dependent.",do_not_treat_as_safe; require supplier/SKU evidence for allergy filtering
hat_nem,Hạt nêm,wheat,unknown,formulation_or_source_dependent,cannot be determined from generic catalog name alone,product formulation and facility statements must be checked at SKU/supplier level,high_that_generic_status_cannot_be_safely_resolved,https://www.knorr.com/vn/p/h%E1%BA%A1t-n%C3%AAm-knorr-th%E1%BB%8Bt-th%C4%83n-x%C6%B0%C6%A1ng-%E1%BB%91ng-t%E1%BB%A7y.html/08934707029137|https://www.unileverfoodsolutions.com.vn/vi/san-pham.79-VI-1234717.html|https://www.unileverfoodsolutions.com.vn/vi/san-pham/knorr-bot-thit-ga-1kg-79-VI-1053103.html|https://www.who.int/publications/i/item/B09028,"Knorr Việt Nam — Hạt nêm thịt thăn, xương ống & tủy|Unilever Food Solutions Việt Nam — Knorr Bột Nêm Hải Sản|Unilever Food Solutions Việt Nam — Knorr Bột Thịt Gà|WHO/FAO — Precautionary allergen labelling (PAL)","Official Vietnamese Knorr formulations differ: meat seasoning lists fermented soy; seafood seasoning declares soy, wheat and seafood; chicken powder warns of trace soy/egg. Generic hat_nem is therefore formulation-dependent.",do_not_treat_as_safe; require supplier/SKU evidence for allergy filtering
hat_nem,Hạt nêm,fish,unknown,formulation_or_source_dependent,cannot be determined from generic catalog name alone,product formulation and facility statements must be checked at SKU/supplier level,high_that_generic_status_cannot_be_safely_resolved,https://www.knorr.com/vn/p/h%E1%BA%A1t-n%C3%AAm-knorr-th%E1%BB%8Bt-th%C4%83n-x%C6%B0%C6%A1ng-%E1%BB%91ng-t%E1%BB%A7y.html/08934707029137|https://www.unileverfoodsolutions.com.vn/vi/san-pham.79-VI-1234717.html|https://www.unileverfoodsolutions.com.vn/vi/san-pham/knorr-bot-thit-ga-1kg-79-VI-1053103.html|https://www.who.int/publications/i/item/B09028,"Knorr Việt Nam — Hạt nêm thịt thăn, xương ống & tủy|Unilever Food Solutions Việt Nam — Knorr Bột Nêm Hải Sản|Unilever Food Solutions Việt Nam — Knorr Bột Thịt Gà|WHO/FAO — Precautionary allergen labelling (PAL)","Official Vietnamese Knorr formulations differ: meat seasoning lists fermented soy; seafood seasoning declares soy, wheat and seafood; chicken powder warns of trace soy/egg. Generic hat_nem is therefore formulation-dependent.",do_not_treat_as_safe; require supplier/SKU evidence for allergy filtering
hat_nem,Hạt nêm,crustacean,unknown,formulation_or_source_dependent,cannot be determined from generic catalog name alone,product formulation and facility statements must be checked at SKU/supplier level,high_that_generic_status_cannot_be_safely_resolved,https://www.knorr.com/vn/p/h%E1%BA%A1t-n%C3%AAm-knorr-th%E1%BB%8Bt-th%C4%83n-x%C6%B0%C6%A1ng-%E1%BB%91ng-t%E1%BB%A7y.html/08934707029137|https://www.unileverfoodsolutions.com.vn/vi/san-pham.79-VI-1234717.html|https://www.unileverfoodsolutions.com.vn/vi/san-pham/knorr-bot-thit-ga-1kg-79-VI-1053103.html|https://www.who.int/publications/i/item/B09028,"Knorr Việt Nam — Hạt nêm thịt thăn, xương ống & tủy|Unilever Food Solutions Việt Nam — Knorr Bột Nêm Hải Sản|Unilever Food Solutions Việt Nam — Knorr Bột Thịt Gà|WHO/FAO — Precautionary allergen labelling (PAL)","Official Vietnamese Knorr formulations differ: meat seasoning lists fermented soy; seafood seasoning declares soy, wheat and seafood; chicken powder warns of trace soy/egg. Generic hat_nem is therefore formulation-dependent.",do_not_treat_as_safe; require supplier/SKU evidence for allergy filtering
hat_nem,Hạt nêm,mollusc,unknown,not_intrinsic_but_cross_contact_unverified,no intrinsic presence identified for the generic food identity,unverified; supplier/facility/product-specific cross-contact can differ,high_for_intrinsic_identity__not_a_cross_contact_clearance,https://www.fao.org/fao-who-codexalimentarius/sh-proxy/pl/?lnk=1&url=https%253A%252F%252Fworkspace.fao.org%252Fsites%252Fcodex%252FStandards%252FCXS%2B1-1985%252FCXS_001e.pdf|https://www.who.int/publications/i/item/B09028,Codex CXS 1-1985 — allergen declaration|WHO/FAO — Precautionary allergen labelling (PAL),"Hạt nêm is not itself the mollusc allergen category based on the catalog food identity. This does NOT establish absence of unintended allergen presence or cross-contact, so app status remains unknown.",do_not_treat_as_safe; require supplier/SKU evidence for allergy filtering
hat_nem,Hạt nêm,sesame,unknown,not_intrinsic_but_cross_contact_unverified,no intrinsic presence identified for the generic food identity,unverified; supplier/facility/product-specific cross-contact can differ,high_for_intrinsic_identity__not_a_cross_contact_clearance,https://www.fao.org/fao-who-codexalimentarius/sh-proxy/pl/?lnk=1&url=https%253A%252F%252Fworkspace.fao.org%252Fsites%252Fcodex%252FStandards%252FCXS%2B1-1985%252FCXS_001e.pdf|https://www.who.int/publications/i/item/B09028,Codex CXS 1-1985 — allergen declaration|WHO/FAO — Precautionary allergen labelling (PAL),"Hạt nêm is not itself the sesame allergen category based on the catalog food identity. This does NOT establish absence of unintended allergen presence or cross-contact, so app status remains unknown.",do_not_treat_as_safe; require supplier/SKU evidence for allergy filtering
