table,row_key,field,candidate_value,source_url,source_title,match_quality,status,notes
food_nutrients.csv,ga_ta,energy_kcal,199,https://www.fao.org/fileadmin/templates/food_composition/documents/pdf/VTN_FCT_2007.pdf,Bảng thành phần thực phẩm Việt Nam / Dữ Liệu Pháp Luật,exact,applied_to_staging,Explicitly supported per 100 g edible portion; no inferred missing values.
food_nutrients.csv,ga_ta,protein_g,20.3,https://www.fao.org/fileadmin/templates/food_composition/documents/pdf/VTN_FCT_2007.pdf,Bảng thành phần thực phẩm Việt Nam / Dữ Liệu Pháp Luật,exact,applied_to_staging,Explicitly supported per 100 g edible portion; no inferred missing values.
food_nutrients.csv,ga_ta,carbohydrate_g,0.0,https://www.fao.org/fileadmin/templates/food_composition/documents/pdf/VTN_FCT_2007.pdf,Bảng thành phần thực phẩm Việt Nam / Dữ Liệu Pháp Luật,exact,applied_to_staging,Explicitly supported per 100 g edible portion; no inferred missing values.
food_nutrients.csv,ga_ta,fat_g,13.1,https://www.fao.org/fileadmin/templates/food_composition/documents/pdf/VTN_FCT_2007.pdf,Bảng thành phần thực phẩm Việt Nam / Dữ Liệu Pháp Luật,exact,applied_to_staging,Explicitly supported per 100 g edible portion; no inferred missing values.
food_nutrients.csv,ga_ta,fibre_g,0.0,https://www.fao.org/fileadmin/templates/food_composition/documents/pdf/VTN_FCT_2007.pdf,Bảng thành phần thực phẩm Việt Nam / Dữ Liệu Pháp Luật,exact,applied_to_staging,Explicitly supported per 100 g edible portion; no inferred missing values.
food_nutrients.csv,ga_ta,sodium_mg,70,https://www.fao.org/fileadmin/templates/food_composition/documents/pdf/VTN_FCT_2007.pdf,Bảng thành phần thực phẩm Việt Nam / Dữ Liệu Pháp Luật,exact,applied_to_staging,Explicitly supported per 100 g edible portion; no inferred missing values.
food_nutrients.csv,thit_nac_vai,energy_kcal,149,https://dulieuphapluat.vn/cong-cu/gia-tri-dinh-duong-thuc-pham/thit-lon-nac-vai-tuoi.html,Bảng thành phần thực phẩm Việt Nam / Dữ Liệu Pháp Luật,exact,applied_to_staging,Explicitly supported per 100 g edible portion; no inferred missing values.
food_nutrients.csv,thit_nac_vai,protein_g,20.83,https://dulieuphapluat.vn/cong-cu/gia-tri-dinh-duong-thuc-pham/thit-lon-nac-vai-tuoi.html,Bảng thành phần thực phẩm Việt Nam / Dữ Liệu Pháp Luật,exact,applied_to_staging,Explicitly supported per 100 g edible portion; no inferred missing values.
food_nutrients.csv,thit_nac_vai,fat_g,7.29,https://dulieuphapluat.vn/cong-cu/gia-tri-dinh-duong-thuc-pham/thit-lon-nac-vai-tuoi.html,Bảng thành phần thực phẩm Việt Nam / Dữ Liệu Pháp Luật,exact,applied_to_staging,Explicitly supported per 100 g edible portion; no inferred missing values.
food_nutrients.csv,suon_heo,energy_kcal,187,https://www.fao.org/fileadmin/templates/food_composition/documents/pdf/VTN_FCT_2007.pdf,Bảng thành phần thực phẩm Việt Nam / Dữ Liệu Pháp Luật,exact,applied_to_staging,Explicitly supported per 100 g edible portion; no inferred missing values.
food_nutrients.csv,suon_heo,protein_g,17.9,https://www.fao.org/fileadmin/templates/food_composition/documents/pdf/VTN_FCT_2007.pdf,Bảng thành phần thực phẩm Việt Nam / Dữ Liệu Pháp Luật,exact,applied_to_staging,Explicitly supported per 100 g edible portion; no inferred missing values.
food_nutrients.csv,suon_heo,carbohydrate_g,0.0,https://www.fao.org/fileadmin/templates/food_composition/documents/pdf/VTN_FCT_2007.pdf,Bảng thành phần thực phẩm Việt Nam / Dữ Liệu Pháp Luật,exact,applied_to_staging,Explicitly supported per 100 g edible portion; no inferred missing values.
food_nutrients.csv,suon_heo,fat_g,12.8,https://www.fao.org/fileadmin/templates/food_composition/documents/pdf/VTN_FCT_2007.pdf,Bảng thành phần thực phẩm Việt Nam / Dữ Liệu Pháp Luật,exact,applied_to_staging,Explicitly supported per 100 g edible portion; no inferred missing values.
food_nutrients.csv,suon_heo,fibre_g,0.0,https://www.fao.org/fileadmin/templates/food_composition/documents/pdf/VTN_FCT_2007.pdf,Bảng thành phần thực phẩm Việt Nam / Dữ Liệu Pháp Luật,exact,applied_to_staging,Explicitly supported per 100 g edible portion; no inferred missing values.
food_nutrients.csv,suon_heo,sodium_mg,60,https://www.fao.org/fileadmin/templates/food_composition/documents/pdf/VTN_FCT_2007.pdf,Bảng thành phần thực phẩm Việt Nam / Dữ Liệu Pháp Luật,exact,applied_to_staging,Explicitly supported per 100 g edible portion; no inferred missing values.
food_nutrients.csv,thit_bo_bap,energy_kcal,122,https://dulieuphapluat.vn/cong-cu/gia-tri-dinh-duong-thuc-pham/thit-bo-bap-song.html,Bảng thành phần thực phẩm Việt Nam / Dữ Liệu Pháp Luật,exact,applied_to_staging,Explicitly supported per 100 g edible portion; no inferred missing values.
food_nutrients.csv,thit_bo_bap,protein_g,21.75,https://dulieuphapluat.vn/cong-cu/gia-tri-dinh-duong-thuc-pham/thit-bo-bap-song.html,Bảng thành phần thực phẩm Việt Nam / Dữ Liệu Pháp Luật,exact,applied_to_staging,Explicitly supported per 100 g edible portion; no inferred missing values.
food_nutrients.csv,thit_bo_bap,fat_g,3.85,https://dulieuphapluat.vn/cong-cu/gia-tri-dinh-duong-thuc-pham/thit-bo-bap-song.html,Bảng thành phần thực phẩm Việt Nam / Dữ Liệu Pháp Luật,exact,applied_to_staging,Explicitly supported per 100 g edible portion; no inferred missing values.
food_nutrients.csv,thit_bo_bap,sodium_mg,63,https://dulieuphapluat.vn/cong-cu/gia-tri-dinh-duong-thuc-pham/thit-bo-bap-song.html,Bảng thành phần thực phẩm Việt Nam / Dữ Liệu Pháp Luật,exact,applied_to_staging,Explicitly supported per 100 g edible portion; no inferred missing values.
food_nutrients.csv,ca_loc,energy_kcal,97,https://dulieuphapluat.vn/cong-cu/gia-tri-dinh-duong-thuc-pham/ca-qua-tuoi.html,Bảng thành phần thực phẩm Việt Nam / Dữ Liệu Pháp Luật,exact_synonym,applied_to_staging,Explicitly supported per 100 g edible portion; no inferred missing values.
food_nutrients.csv,ca_loc,protein_g,18.2,https://dulieuphapluat.vn/cong-cu/gia-tri-dinh-duong-thuc-pham/ca-qua-tuoi.html,Bảng thành phần thực phẩm Việt Nam / Dữ Liệu Pháp Luật,exact_synonym,applied_to_staging,Explicitly supported per 100 g edible portion; no inferred missing values.
food_nutrients.csv,ca_loc,fat_g,2.7,https://dulieuphapluat.vn/cong-cu/gia-tri-dinh-duong-thuc-pham/ca-qua-tuoi.html,Bảng thành phần thực phẩm Việt Nam / Dữ Liệu Pháp Luật,exact_synonym,applied_to_staging,Explicitly supported per 100 g edible portion; no inferred missing values.
food_nutrients.csv,ca_basa,energy_kcal,119,https://dulieuphapluat.vn/cong-cu/gia-tri-dinh-duong-thuc-pham/ca-basa-tuoi.html,Bảng thành phần thực phẩm Việt Nam / Dữ Liệu Pháp Luật,exact,applied_to_staging,Explicitly supported per 100 g edible portion; no inferred missing values.
food_nutrients.csv,ca_basa,protein_g,15.2,https://dulieuphapluat.vn/cong-cu/gia-tri-dinh-duong-thuc-pham/ca-basa-tuoi.html,Bảng thành phần thực phẩm Việt Nam / Dữ Liệu Pháp Luật,exact,applied_to_staging,Explicitly supported per 100 g edible portion; no inferred missing values.
food_nutrients.csv,ca_basa,fat_g,5.94,https://dulieuphapluat.vn/cong-cu/gia-tri-dinh-duong-thuc-pham/ca-basa-tuoi.html,Bảng thành phần thực phẩm Việt Nam / Dữ Liệu Pháp Luật,exact,applied_to_staging,Explicitly supported per 100 g edible portion; no inferred missing values.
food_nutrients.csv,ca_basa,sodium_mg,98,https://dulieuphapluat.vn/cong-cu/gia-tri-dinh-duong-thuc-pham/ca-basa-tuoi.html,Bảng thành phần thực phẩm Việt Nam / Dữ Liệu Pháp Luật,exact,applied_to_staging,Explicitly supported per 100 g edible portion; no inferred missing values.
food_nutrients.csv,ca_nuc,energy_kcal,111,https://dulieuphapluat.vn/cong-cu/gia-tri-dinh-duong-thuc-pham/ca-nuc-tuoi.html,Bảng thành phần thực phẩm Việt Nam / Dữ Liệu Pháp Luật,exact,applied_to_staging,Explicitly supported per 100 g edible portion; no inferred missing values.
food_nutrients.csv,ca_nuc,protein_g,20.2,https://dulieuphapluat.vn/cong-cu/gia-tri-dinh-duong-thuc-pham/ca-nuc-tuoi.html,Bảng thành phần thực phẩm Việt Nam / Dữ Liệu Pháp Luật,exact,applied_to_staging,Explicitly supported per 100 g edible portion; no inferred missing values.
food_nutrients.csv,ca_nuc,fat_g,3.3,https://dulieuphapluat.vn/cong-cu/gia-tri-dinh-duong-thuc-pham/ca-nuc-tuoi.html,Bảng thành phần thực phẩm Việt Nam / Dữ Liệu Pháp Luật,exact,applied_to_staging,Explicitly supported per 100 g edible portion; no inferred missing values.
food_nutrients.csv,ca_nuc,sodium_mg,104,https://dulieuphapluat.vn/cong-cu/gia-tri-dinh-duong-thuc-pham/ca-nuc-tuoi.html,Bảng thành phần thực phẩm Việt Nam / Dữ Liệu Pháp Luật,exact,applied_to_staging,Explicitly supported per 100 g edible portion; no inferred missing values.
food_nutrients.csv,trung_ga,energy_kcal,150,https://dulieuphapluat.vn/cong-cu/gia-tri-dinh-duong-thuc-pham/trung-ga-ta.html,Bảng thành phần thực phẩm Việt Nam / Dữ Liệu Pháp Luật,exact_common_variant,applied_to_staging,Explicitly supported per 100 g edible portion; no inferred missing values.
food_nutrients.csv,trung_ga,protein_g,12.96,https://dulieuphapluat.vn/cong-cu/gia-tri-dinh-duong-thuc-pham/trung-ga-ta.html,Bảng thành phần thực phẩm Việt Nam / Dữ Liệu Pháp Luật,exact_common_variant,applied_to_staging,Explicitly supported per 100 g edible portion; no inferred missing values.
food_nutrients.csv,trung_ga,carbohydrate_g,1.25,https://dulieuphapluat.vn/cong-cu/gia-tri-dinh-duong-thuc-pham/trung-ga-ta.html,Bảng thành phần thực phẩm Việt Nam / Dữ Liệu Pháp Luật,exact_common_variant,applied_to_staging,Explicitly supported per 100 g edible portion; no inferred missing values.
food_nutrients.csv,trung_ga,fat_g,10.33,https://dulieuphapluat.vn/cong-cu/gia-tri-dinh-duong-thuc-pham/trung-ga-ta.html,Bảng thành phần thực phẩm Việt Nam / Dữ Liệu Pháp Luật,exact_common_variant,applied_to_staging,Explicitly supported per 100 g edible portion; no inferred missing values.
food_nutrients.csv,trung_ga,sodium_mg,158,https://dulieuphapluat.vn/cong-cu/gia-tri-dinh-duong-thuc-pham/trung-ga-ta.html,Bảng thành phần thực phẩm Việt Nam / Dữ Liệu Pháp Luật,exact_common_variant,applied_to_staging,Explicitly supported per 100 g edible portion; no inferred missing values.
food_nutrients.csv,dau_hu_trang,energy_kcal,97,https://dulieuphapluat.vn/cong-cu/gia-tri-dinh-duong-thuc-pham/dau-phu-song.html,Bảng thành phần thực phẩm Việt Nam / Dữ Liệu Pháp Luật,exact_synonym,applied_to_staging,Explicitly supported per 100 g edible portion; no inferred missing values.
food_nutrients.csv,dau_hu_trang,protein_g,10.9,https://dulieuphapluat.vn/cong-cu/gia-tri-dinh-duong-thuc-pham/dau-phu-song.html,Bảng thành phần thực phẩm Việt Nam / Dữ Liệu Pháp Luật,exact_synonym,applied_to_staging,Explicitly supported per 100 g edible portion; no inferred missing values.
food_nutrients.csv,dau_hu_trang,carbohydrate_g,1.1,https://dulieuphapluat.vn/cong-cu/gia-tri-dinh-duong-thuc-pham/dau-phu-song.html,Bảng thành phần thực phẩm Việt Nam / Dữ Liệu Pháp Luật,exact_synonym,applied_to_staging,Explicitly supported per 100 g edible portion; no inferred missing values.
food_nutrients.csv,dau_hu_trang,fat_g,5.4,https://dulieuphapluat.vn/cong-cu/gia-tri-dinh-duong-thuc-pham/dau-phu-song.html,Bảng thành phần thực phẩm Việt Nam / Dữ Liệu Pháp Luật,exact_synonym,applied_to_staging,Explicitly supported per 100 g edible portion; no inferred missing values.
food_nutrients.csv,gao_te,energy_kcal,346,https://dulieuphapluat.vn/cong-cu/gia-tri-dinh-duong-thuc-pham/gao-trang-te-xat-may-song.html,Bảng thành phần thực phẩm Việt Nam / Dữ Liệu Pháp Luật,exact_common_form,applied_to_staging,Explicitly supported per 100 g edible portion; no inferred missing values.
food_nutrients.csv,gao_te,protein_g,7.9,https://dulieuphapluat.vn/cong-cu/gia-tri-dinh-duong-thuc-pham/gao-trang-te-xat-may-song.html,Bảng thành phần thực phẩm Việt Nam / Dữ Liệu Pháp Luật,exact_common_form,applied_to_staging,Explicitly supported per 100 g edible portion; no inferred missing values.
food_nutrients.csv,gao_te,carbohydrate_g,76.3,https://dulieuphapluat.vn/cong-cu/gia-tri-dinh-duong-thuc-pham/gao-trang-te-xat-may-song.html,Bảng thành phần thực phẩm Việt Nam / Dữ Liệu Pháp Luật,exact_common_form,applied_to_staging,Explicitly supported per 100 g edible portion; no inferred missing values.
food_nutrients.csv,gao_te,fat_g,1.0,https://dulieuphapluat.vn/cong-cu/gia-tri-dinh-duong-thuc-pham/gao-trang-te-xat-may-song.html,Bảng thành phần thực phẩm Việt Nam / Dữ Liệu Pháp Luật,exact_common_form,applied_to_staging,Explicitly supported per 100 g edible portion; no inferred missing values.
food_nutrients.csv,gao_te,fibre_g,0.4,https://dulieuphapluat.vn/cong-cu/gia-tri-dinh-duong-thuc-pham/gao-trang-te-xat-may-song.html,Bảng thành phần thực phẩm Việt Nam / Dữ Liệu Pháp Luật,exact_common_form,applied_to_staging,Explicitly supported per 100 g edible portion; no inferred missing values.
food_nutrients.csv,gao_te,sodium_mg,5,https://dulieuphapluat.vn/cong-cu/gia-tri-dinh-duong-thuc-pham/gao-trang-te-xat-may-song.html,Bảng thành phần thực phẩm Việt Nam / Dữ Liệu Pháp Luật,exact_common_form,applied_to_staging,Explicitly supported per 100 g edible portion; no inferred missing values.
food_nutrients.csv,rau_muong,energy_kcal,28,https://dulieuphapluat.vn/cong-cu/gia-tri-dinh-duong-thuc-pham/rau-muong-tuoi.html,Bảng thành phần thực phẩm Việt Nam / Dữ Liệu Pháp Luật,exact,applied_to_staging,Explicitly supported per 100 g edible portion; no inferred missing values.
food_nutrients.csv,rau_muong,protein_g,3.2,https://dulieuphapluat.vn/cong-cu/gia-tri-dinh-duong-thuc-pham/rau-muong-tuoi.html,Bảng thành phần thực phẩm Việt Nam / Dữ Liệu Pháp Luật,exact,applied_to_staging,Explicitly supported per 100 g edible portion; no inferred missing values.
food_nutrients.csv,rau_muong,carbohydrate_g,3.26,https://dulieuphapluat.vn/cong-cu/gia-tri-dinh-duong-thuc-pham/rau-muong-tuoi.html,Bảng thành phần thực phẩm Việt Nam / Dữ Liệu Pháp Luật,exact,applied_to_staging,Explicitly supported per 100 g edible portion; no inferred missing values.
food_nutrients.csv,rau_muong,fat_g,0.24,https://dulieuphapluat.vn/cong-cu/gia-tri-dinh-duong-thuc-pham/rau-muong-tuoi.html,Bảng thành phần thực phẩm Việt Nam / Dữ Liệu Pháp Luật,exact,applied_to_staging,Explicitly supported per 100 g edible portion; no inferred missing values.
food_nutrients.csv,rau_muong,fibre_g,1.0,https://dulieuphapluat.vn/cong-cu/gia-tri-dinh-duong-thuc-pham/rau-muong-tuoi.html,Bảng thành phần thực phẩm Việt Nam / Dữ Liệu Pháp Luật,exact,applied_to_staging,Explicitly supported per 100 g edible portion; no inferred missing values.
food_nutrients.csv,rau_muong,sodium_mg,37.4,https://dulieuphapluat.vn/cong-cu/gia-tri-dinh-duong-thuc-pham/rau-muong-tuoi.html,Bảng thành phần thực phẩm Việt Nam / Dữ Liệu Pháp Luật,exact,applied_to_staging,Explicitly supported per 100 g edible portion; no inferred missing values.
food_nutrients.csv,cai_ngot,energy_kcal,17,https://dulieuphapluat.vn/cong-cu/gia-tri-dinh-duong-thuc-pham/rau-cai-ngot-tuoi.html,Bảng thành phần thực phẩm Việt Nam / Dữ Liệu Pháp Luật,exact,applied_to_staging,Explicitly supported per 100 g edible portion; no inferred missing values.
food_nutrients.csv,cai_ngot,protein_g,1.4,https://dulieuphapluat.vn/cong-cu/gia-tri-dinh-duong-thuc-pham/rau-cai-ngot-tuoi.html,Bảng thành phần thực phẩm Việt Nam / Dữ Liệu Pháp Luật,exact,applied_to_staging,Explicitly supported per 100 g edible portion; no inferred missing values.
food_nutrients.csv,cai_ngot,carbohydrate_g,2.62,https://dulieuphapluat.vn/cong-cu/gia-tri-dinh-duong-thuc-pham/rau-cai-ngot-tuoi.html,Bảng thành phần thực phẩm Việt Nam / Dữ Liệu Pháp Luật,exact,applied_to_staging,Explicitly supported per 100 g edible portion; no inferred missing values.
food_nutrients.csv,cai_ngot,fat_g,0.1,https://dulieuphapluat.vn/cong-cu/gia-tri-dinh-duong-thuc-pham/rau-cai-ngot-tuoi.html,Bảng thành phần thực phẩm Việt Nam / Dữ Liệu Pháp Luật,exact,applied_to_staging,Explicitly supported per 100 g edible portion; no inferred missing values.
food_nutrients.csv,cai_thao,energy_kcal,14,https://dulieuphapluat.vn/cong-cu/gia-tri-dinh-duong-thuc-pham/rau-cai-thao-tuoi.html,Bảng thành phần thực phẩm Việt Nam / Dữ Liệu Pháp Luật,exact,applied_to_staging,Explicitly supported per 100 g edible portion; no inferred missing values.
food_nutrients.csv,cai_thao,protein_g,0.9,https://dulieuphapluat.vn/cong-cu/gia-tri-dinh-duong-thuc-pham/rau-cai-thao-tuoi.html,Bảng thành phần thực phẩm Việt Nam / Dữ Liệu Pháp Luật,exact,applied_to_staging,Explicitly supported per 100 g edible portion; no inferred missing values.
food_nutrients.csv,cai_thao,carbohydrate_g,2.57,https://dulieuphapluat.vn/cong-cu/gia-tri-dinh-duong-thuc-pham/rau-cai-thao-tuoi.html,Bảng thành phần thực phẩm Việt Nam / Dữ Liệu Pháp Luật,exact,applied_to_staging,Explicitly supported per 100 g edible portion; no inferred missing values.
food_nutrients.csv,bap_cai,energy_kcal,36,https://dulieuphapluat.vn/cong-cu/gia-tri-dinh-duong-thuc-pham/cai-bap-trang-tuoi.html,Bảng thành phần thực phẩm Việt Nam / Dữ Liệu Pháp Luật,common_white_cabbage,applied_to_staging,Explicitly supported per 100 g edible portion; no inferred missing values.
food_nutrients.csv,bap_cai,protein_g,1.8,https://dulieuphapluat.vn/cong-cu/gia-tri-dinh-duong-thuc-pham/cai-bap-trang-tuoi.html,Bảng thành phần thực phẩm Việt Nam / Dữ Liệu Pháp Luật,common_white_cabbage,applied_to_staging,Explicitly supported per 100 g edible portion; no inferred missing values.
food_nutrients.csv,bap_cai,carbohydrate_g,6.91,https://dulieuphapluat.vn/cong-cu/gia-tri-dinh-duong-thuc-pham/cai-bap-trang-tuoi.html,Bảng thành phần thực phẩm Việt Nam / Dữ Liệu Pháp Luật,common_white_cabbage,applied_to_staging,Explicitly supported per 100 g edible portion; no inferred missing values.
food_nutrients.csv,bap_cai,fat_g,0.09,https://dulieuphapluat.vn/cong-cu/gia-tri-dinh-duong-thuc-pham/cai-bap-trang-tuoi.html,Bảng thành phần thực phẩm Việt Nam / Dữ Liệu Pháp Luật,common_white_cabbage,applied_to_staging,Explicitly supported per 100 g edible portion; no inferred missing values.
food_nutrients.csv,bap_cai,fibre_g,1.6,https://dulieuphapluat.vn/cong-cu/gia-tri-dinh-duong-thuc-pham/cai-bap-trang-tuoi.html,Bảng thành phần thực phẩm Việt Nam / Dữ Liệu Pháp Luật,common_white_cabbage,applied_to_staging,Explicitly supported per 100 g edible portion; no inferred missing values.
food_nutrients.csv,bi_dao,energy_kcal,16,https://dulieuphapluat.vn/cong-cu/gia-tri-dinh-duong-thuc-pham/qua-bi-dao-bi-xanh-tuoi.html,Bảng thành phần thực phẩm Việt Nam / Dữ Liệu Pháp Luật,exact_synonym,applied_to_staging,Explicitly supported per 100 g edible portion; no inferred missing values.
food_nutrients.csv,bi_dao,protein_g,0.6,https://dulieuphapluat.vn/cong-cu/gia-tri-dinh-duong-thuc-pham/qua-bi-dao-bi-xanh-tuoi.html,Bảng thành phần thực phẩm Việt Nam / Dữ Liệu Pháp Luật,exact_synonym,applied_to_staging,Explicitly supported per 100 g edible portion; no inferred missing values.
food_nutrients.csv,bi_dao,carbohydrate_g,3.4,https://dulieuphapluat.vn/cong-cu/gia-tri-dinh-duong-thuc-pham/qua-bi-dao-bi-xanh-tuoi.html,Bảng thành phần thực phẩm Việt Nam / Dữ Liệu Pháp Luật,exact_synonym,applied_to_staging,Explicitly supported per 100 g edible portion; no inferred missing values.
food_nutrients.csv,bi_dao,sodium_mg,12.73,https://dulieuphapluat.vn/cong-cu/gia-tri-dinh-duong-thuc-pham/qua-bi-dao-bi-xanh-tuoi.html,Bảng thành phần thực phẩm Việt Nam / Dữ Liệu Pháp Luật,exact_synonym,applied_to_staging,Explicitly supported per 100 g edible portion; no inferred missing values.
food_nutrients.csv,bi_do,energy_kcal,29,https://dulieuphapluat.vn/cong-cu/gia-tri-dinh-duong-thuc-pham/qua-bi-ngo-tuoi.html,Bảng thành phần thực phẩm Việt Nam / Dữ Liệu Pháp Luật,exact_synonym,applied_to_staging,Explicitly supported per 100 g edible portion; no inferred missing values.
food_nutrients.csv,bi_do,protein_g,0.3,https://dulieuphapluat.vn/cong-cu/gia-tri-dinh-duong-thuc-pham/qua-bi-ngo-tuoi.html,Bảng thành phần thực phẩm Việt Nam / Dữ Liệu Pháp Luật,exact_synonym,applied_to_staging,Explicitly supported per 100 g edible portion; no inferred missing values.
food_nutrients.csv,bi_do,carbohydrate_g,6.83,https://dulieuphapluat.vn/cong-cu/gia-tri-dinh-duong-thuc-pham/qua-bi-ngo-tuoi.html,Bảng thành phần thực phẩm Việt Nam / Dữ Liệu Pháp Luật,exact_synonym,applied_to_staging,Explicitly supported per 100 g edible portion; no inferred missing values.
food_nutrients.csv,bi_do,fat_g,0.07,https://dulieuphapluat.vn/cong-cu/gia-tri-dinh-duong-thuc-pham/qua-bi-ngo-tuoi.html,Bảng thành phần thực phẩm Việt Nam / Dữ Liệu Pháp Luật,exact_synonym,applied_to_staging,Explicitly supported per 100 g edible portion; no inferred missing values.
food_nutrients.csv,bi_do,fibre_g,0.7,https://dulieuphapluat.vn/cong-cu/gia-tri-dinh-duong-thuc-pham/qua-bi-ngo-tuoi.html,Bảng thành phần thực phẩm Việt Nam / Dữ Liệu Pháp Luật,exact_synonym,applied_to_staging,Explicitly supported per 100 g edible portion; no inferred missing values.
food_nutrients.csv,bi_do,sodium_mg,8.4,https://dulieuphapluat.vn/cong-cu/gia-tri-dinh-duong-thuc-pham/qua-bi-ngo-tuoi.html,Bảng thành phần thực phẩm Việt Nam / Dữ Liệu Pháp Luật,exact_synonym,applied_to_staging,Explicitly supported per 100 g edible portion; no inferred missing values.
food_nutrients.csv,muop_huong,energy_kcal,18,https://dulieuphapluat.vn/cong-cu/gia-tri-dinh-duong-thuc-pham/muop-tuoi.html,Bảng thành phần thực phẩm Việt Nam / Dữ Liệu Pháp Luật,sponge_gourd_mapping,applied_to_staging,Explicitly supported per 100 g edible portion; no inferred missing values.
food_nutrients.csv,muop_huong,protein_g,0.9,https://dulieuphapluat.vn/cong-cu/gia-tri-dinh-duong-thuc-pham/muop-tuoi.html,Bảng thành phần thực phẩm Việt Nam / Dữ Liệu Pháp Luật,sponge_gourd_mapping,applied_to_staging,Explicitly supported per 100 g edible portion; no inferred missing values.
food_nutrients.csv,muop_huong,carbohydrate_g,3.36,https://dulieuphapluat.vn/cong-cu/gia-tri-dinh-duong-thuc-pham/muop-tuoi.html,Bảng thành phần thực phẩm Việt Nam / Dữ Liệu Pháp Luật,sponge_gourd_mapping,applied_to_staging,Explicitly supported per 100 g edible portion; no inferred missing values.
food_nutrients.csv,muop_huong,fat_g,0.14,https://dulieuphapluat.vn/cong-cu/gia-tri-dinh-duong-thuc-pham/muop-tuoi.html,Bảng thành phần thực phẩm Việt Nam / Dữ Liệu Pháp Luật,sponge_gourd_mapping,applied_to_staging,Explicitly supported per 100 g edible portion; no inferred missing values.
food_nutrients.csv,muop_huong,fibre_g,0.5,https://dulieuphapluat.vn/cong-cu/gia-tri-dinh-duong-thuc-pham/muop-tuoi.html,Bảng thành phần thực phẩm Việt Nam / Dữ Liệu Pháp Luật,sponge_gourd_mapping,applied_to_staging,Explicitly supported per 100 g edible portion; no inferred missing values.
food_nutrients.csv,su_su,energy_kcal,23,https://dulieuphapluat.vn/cong-cu/gia-tri-dinh-duong-thuc-pham/qua-su-su-tuoi.html,Bảng thành phần thực phẩm Việt Nam / Dữ Liệu Pháp Luật,exact,applied_to_staging,Explicitly supported per 100 g edible portion; no inferred missing values.
food_nutrients.csv,su_su,protein_g,0.8,https://dulieuphapluat.vn/cong-cu/gia-tri-dinh-duong-thuc-pham/qua-su-su-tuoi.html,Bảng thành phần thực phẩm Việt Nam / Dữ Liệu Pháp Luật,exact,applied_to_staging,Explicitly supported per 100 g edible portion; no inferred missing values.
food_nutrients.csv,su_su,carbohydrate_g,4.6,https://dulieuphapluat.vn/cong-cu/gia-tri-dinh-duong-thuc-pham/qua-su-su-tuoi.html,Bảng thành phần thực phẩm Việt Nam / Dữ Liệu Pháp Luật,exact,applied_to_staging,Explicitly supported per 100 g edible portion; no inferred missing values.
food_nutrients.csv,su_su,fat_g,0.1,https://dulieuphapluat.vn/cong-cu/gia-tri-dinh-duong-thuc-pham/qua-su-su-tuoi.html,Bảng thành phần thực phẩm Việt Nam / Dữ Liệu Pháp Luật,exact,applied_to_staging,Explicitly supported per 100 g edible portion; no inferred missing values.
food_nutrients.csv,su_su,fibre_g,1.0,https://dulieuphapluat.vn/cong-cu/gia-tri-dinh-duong-thuc-pham/qua-su-su-tuoi.html,Bảng thành phần thực phẩm Việt Nam / Dữ Liệu Pháp Luật,exact,applied_to_staging,Explicitly supported per 100 g edible portion; no inferred missing values.
food_nutrients.csv,ca_chua,energy_kcal,24,https://dulieuphapluat.vn/cong-cu/gia-tri-dinh-duong-thuc-pham/qua-ca-chua-tuoi.html,Bảng thành phần thực phẩm Việt Nam / Dữ Liệu Pháp Luật,exact,applied_to_staging,Explicitly supported per 100 g edible portion; no inferred missing values.
food_nutrients.csv,ca_chua,protein_g,0.6,https://dulieuphapluat.vn/cong-cu/gia-tri-dinh-duong-thuc-pham/qua-ca-chua-tuoi.html,Bảng thành phần thực phẩm Việt Nam / Dữ Liệu Pháp Luật,exact,applied_to_staging,Explicitly supported per 100 g edible portion; no inferred missing values.
food_nutrients.csv,ca_chua,carbohydrate_g,4.77,https://dulieuphapluat.vn/cong-cu/gia-tri-dinh-duong-thuc-pham/qua-ca-chua-tuoi.html,Bảng thành phần thực phẩm Việt Nam / Dữ Liệu Pháp Luật,exact,applied_to_staging,Explicitly supported per 100 g edible portion; no inferred missing values.
food_nutrients.csv,ca_chua,fat_g,0.23,https://dulieuphapluat.vn/cong-cu/gia-tri-dinh-duong-thuc-pham/qua-ca-chua-tuoi.html,Bảng thành phần thực phẩm Việt Nam / Dữ Liệu Pháp Luật,exact,applied_to_staging,Explicitly supported per 100 g edible portion; no inferred missing values.
food_nutrients.csv,ca_chua,fibre_g,0.8,https://dulieuphapluat.vn/cong-cu/gia-tri-dinh-duong-thuc-pham/qua-ca-chua-tuoi.html,Bảng thành phần thực phẩm Việt Nam / Dữ Liệu Pháp Luật,exact,applied_to_staging,Explicitly supported per 100 g edible portion; no inferred missing values.
food_nutrients.csv,ca_chua,sodium_mg,12.2,https://dulieuphapluat.vn/cong-cu/gia-tri-dinh-duong-thuc-pham/qua-ca-chua-tuoi.html,Bảng thành phần thực phẩm Việt Nam / Dữ Liệu Pháp Luật,exact,applied_to_staging,Explicitly supported per 100 g edible portion; no inferred missing values.
food_nutrients.csv,ca_rot,energy_kcal,44,https://dulieuphapluat.vn/cong-cu/gia-tri-dinh-duong-thuc-pham/cu-ca-rot-tuoi.html,Bảng thành phần thực phẩm Việt Nam / Dữ Liệu Pháp Luật,exact,applied_to_staging,Explicitly supported per 100 g edible portion; no inferred missing values.
food_nutrients.csv,ca_rot,protein_g,1.5,https://dulieuphapluat.vn/cong-cu/gia-tri-dinh-duong-thuc-pham/cu-ca-rot-tuoi.html,Bảng thành phần thực phẩm Việt Nam / Dữ Liệu Pháp Luật,exact,applied_to_staging,Explicitly supported per 100 g edible portion; no inferred missing values.
food_nutrients.csv,ca_rot,carbohydrate_g,9.03,https://dulieuphapluat.vn/cong-cu/gia-tri-dinh-duong-thuc-pham/cu-ca-rot-tuoi.html,Bảng thành phần thực phẩm Việt Nam / Dữ Liệu Pháp Luật,exact,applied_to_staging,Explicitly supported per 100 g edible portion; no inferred missing values.
food_nutrients.csv,ca_rot,fat_g,0.17,https://dulieuphapluat.vn/cong-cu/gia-tri-dinh-duong-thuc-pham/cu-ca-rot-tuoi.html,Bảng thành phần thực phẩm Việt Nam / Dữ Liệu Pháp Luật,exact,applied_to_staging,Explicitly supported per 100 g edible portion; no inferred missing values.
food_nutrients.csv,ca_rot,sodium_mg,52,https://dulieuphapluat.vn/cong-cu/gia-tri-dinh-duong-thuc-pham/cu-ca-rot-tuoi.html,Bảng thành phần thực phẩm Việt Nam / Dữ Liệu Pháp Luật,exact,applied_to_staging,Explicitly supported per 100 g edible portion; no inferred missing values.
food_nutrients.csv,khoai_tay,energy_kcal,96,https://dulieuphapluat.vn/cong-cu/gia-tri-dinh-duong-thuc-pham/khoai-tay-tuoi.html,Bảng thành phần thực phẩm Việt Nam / Dữ Liệu Pháp Luật,exact,applied_to_staging,Explicitly supported per 100 g edible portion; no inferred missing values.
food_nutrients.csv,khoai_tay,protein_g,2.0,https://dulieuphapluat.vn/cong-cu/gia-tri-dinh-duong-thuc-pham/khoai-tay-tuoi.html,Bảng thành phần thực phẩm Việt Nam / Dữ Liệu Pháp Luật,exact,applied_to_staging,Explicitly supported per 100 g edible portion; no inferred missing values.
food_nutrients.csv,khoai_tay,carbohydrate_g,21.93,https://dulieuphapluat.vn/cong-cu/gia-tri-dinh-duong-thuc-pham/khoai-tay-tuoi.html,Bảng thành phần thực phẩm Việt Nam / Dữ Liệu Pháp Luật,exact,applied_to_staging,Explicitly supported per 100 g edible portion; no inferred missing values.
food_nutrients.csv,khoai_tay,fat_g,0.07,https://dulieuphapluat.vn/cong-cu/gia-tri-dinh-duong-thuc-pham/khoai-tay-tuoi.html,Bảng thành phần thực phẩm Việt Nam / Dữ Liệu Pháp Luật,exact,applied_to_staging,Explicitly supported per 100 g edible portion; no inferred missing values.
food_nutrients.csv,khoai_tay,sodium_mg,7,https://dulieuphapluat.vn/cong-cu/gia-tri-dinh-duong-thuc-pham/khoai-tay-tuoi.html,Bảng thành phần thực phẩm Việt Nam / Dữ Liệu Pháp Luật,exact,applied_to_staging,Explicitly supported per 100 g edible portion; no inferred missing values.
food_nutrients.csv,dau_cove,energy_kcal,77,https://dulieuphapluat.vn/cong-cu/gia-tri-dinh-duong-thuc-pham/dau-co-ve-qua-tuoi.html,Bảng thành phần thực phẩm Việt Nam / Dữ Liệu Pháp Luật,exact,applied_to_staging,Explicitly supported per 100 g edible portion; no inferred missing values.
food_nutrients.csv,dau_cove,protein_g,5.0,https://dulieuphapluat.vn/cong-cu/gia-tri-dinh-duong-thuc-pham/dau-co-ve-qua-tuoi.html,Bảng thành phần thực phẩm Việt Nam / Dữ Liệu Pháp Luật,exact,applied_to_staging,Explicitly supported per 100 g edible portion; no inferred missing values.
food_nutrients.csv,dau_cove,carbohydrate_g,14.3,https://dulieuphapluat.vn/cong-cu/gia-tri-dinh-duong-thuc-pham/dau-co-ve-qua-tuoi.html,Bảng thành phần thực phẩm Việt Nam / Dữ Liệu Pháp Luật,exact,applied_to_staging,Explicitly supported per 100 g edible portion; no inferred missing values.
food_nutrients.csv,dau_cove,sodium_mg,95.7,https://dulieuphapluat.vn/cong-cu/gia-tri-dinh-duong-thuc-pham/dau-co-ve-qua-tuoi.html,Bảng thành phần thực phẩm Việt Nam / Dữ Liệu Pháp Luật,exact,applied_to_staging,Explicitly supported per 100 g edible portion; no inferred missing values.
food_nutrients.csv,gia_do,energy_kcal,52,https://dulieuphapluat.vn/cong-cu/gia-tri-dinh-duong-thuc-pham/gia-dau-xanh-tuoi.html,Bảng thành phần thực phẩm Việt Nam / Dữ Liệu Pháp Luật,exact_synonym,applied_to_staging,Explicitly supported per 100 g edible portion; no inferred missing values.
food_nutrients.csv,gia_do,protein_g,5.5,https://dulieuphapluat.vn/cong-cu/gia-tri-dinh-duong-thuc-pham/gia-dau-xanh-tuoi.html,Bảng thành phần thực phẩm Việt Nam / Dữ Liệu Pháp Luật,exact_synonym,applied_to_staging,Explicitly supported per 100 g edible portion; no inferred missing values.
food_nutrients.csv,gia_do,carbohydrate_g,7.17,https://dulieuphapluat.vn/cong-cu/gia-tri-dinh-duong-thuc-pham/gia-dau-xanh-tuoi.html,Bảng thành phần thực phẩm Việt Nam / Dữ Liệu Pháp Luật,exact_synonym,applied_to_staging,Explicitly supported per 100 g edible portion; no inferred missing values.
food_nutrients.csv,gia_do,fat_g,0.13,https://dulieuphapluat.vn/cong-cu/gia-tri-dinh-duong-thuc-pham/gia-dau-xanh-tuoi.html,Bảng thành phần thực phẩm Việt Nam / Dữ Liệu Pháp Luật,exact_synonym,applied_to_staging,Explicitly supported per 100 g edible portion; no inferred missing values.
food_nutrients.csv,gia_do,fibre_g,2.0,https://dulieuphapluat.vn/cong-cu/gia-tri-dinh-duong-thuc-pham/gia-dau-xanh-tuoi.html,Bảng thành phần thực phẩm Việt Nam / Dữ Liệu Pháp Luật,exact_synonym,applied_to_staging,Explicitly supported per 100 g edible portion; no inferred missing values.
food_nutrients.csv,gia_do,sodium_mg,23.02,https://dulieuphapluat.vn/cong-cu/gia-tri-dinh-duong-thuc-pham/gia-dau-xanh-tuoi.html,Bảng thành phần thực phẩm Việt Nam / Dữ Liệu Pháp Luật,exact_synonym,applied_to_staging,Explicitly supported per 100 g edible portion; no inferred missing values.
food_nutrients.csv,nam_rom,energy_kcal,61,https://dulieuphapluat.vn/cong-cu/gia-tri-dinh-duong-thuc-pham/nam-rom-tuoi.html,Bảng thành phần thực phẩm Việt Nam / Dữ Liệu Pháp Luật,exact,applied_to_staging,Explicitly supported per 100 g edible portion; no inferred missing values.
food_nutrients.csv,nam_rom,protein_g,3.6,https://dulieuphapluat.vn/cong-cu/gia-tri-dinh-duong-thuc-pham/nam-rom-tuoi.html,Bảng thành phần thực phẩm Việt Nam / Dữ Liệu Pháp Luật,exact,applied_to_staging,Explicitly supported per 100 g edible portion; no inferred missing values.
food_nutrients.csv,nam_rom,carbohydrate_g,4.5,https://dulieuphapluat.vn/cong-cu/gia-tri-dinh-duong-thuc-pham/nam-rom-tuoi.html,Bảng thành phần thực phẩm Việt Nam / Dữ Liệu Pháp Luật,exact,applied_to_staging,Explicitly supported per 100 g edible portion; no inferred missing values.
food_nutrients.csv,nam_rom,fat_g,3.2,https://dulieuphapluat.vn/cong-cu/gia-tri-dinh-duong-thuc-pham/nam-rom-tuoi.html,Bảng thành phần thực phẩm Việt Nam / Dữ Liệu Pháp Luật,exact,applied_to_staging,Explicitly supported per 100 g edible portion; no inferred missing values.
food_nutrients.csv,nam_rom,fibre_g,1.1,https://dulieuphapluat.vn/cong-cu/gia-tri-dinh-duong-thuc-pham/nam-rom-tuoi.html,Bảng thành phần thực phẩm Việt Nam / Dữ Liệu Pháp Luật,exact,applied_to_staging,Explicitly supported per 100 g edible portion; no inferred missing values.
food_nutrients.csv,hanh_tay,energy_kcal,45,https://dulieuphapluat.vn/cong-cu/gia-tri-dinh-duong-thuc-pham/hanh-tay-tuoi.html,Bảng thành phần thực phẩm Việt Nam / Dữ Liệu Pháp Luật,exact,applied_to_staging,Explicitly supported per 100 g edible portion; no inferred missing values.
food_nutrients.csv,hanh_tay,protein_g,1.8,https://dulieuphapluat.vn/cong-cu/gia-tri-dinh-duong-thuc-pham/hanh-tay-tuoi.html,Bảng thành phần thực phẩm Việt Nam / Dữ Liệu Pháp Luật,exact,applied_to_staging,Explicitly supported per 100 g edible portion; no inferred missing values.
food_nutrients.csv,hanh_tay,carbohydrate_g,9.29,https://dulieuphapluat.vn/cong-cu/gia-tri-dinh-duong-thuc-pham/hanh-tay-tuoi.html,Bảng thành phần thực phẩm Việt Nam / Dữ Liệu Pháp Luật,exact,applied_to_staging,Explicitly supported per 100 g edible portion; no inferred missing values.
food_nutrients.csv,hanh_tay,fat_g,0.11,https://dulieuphapluat.vn/cong-cu/gia-tri-dinh-duong-thuc-pham/hanh-tay-tuoi.html,Bảng thành phần thực phẩm Việt Nam / Dữ Liệu Pháp Luật,exact,applied_to_staging,Explicitly supported per 100 g edible portion; no inferred missing values.
food_nutrients.csv,hanh_tay,fibre_g,1.1,https://dulieuphapluat.vn/cong-cu/gia-tri-dinh-duong-thuc-pham/hanh-tay-tuoi.html,Bảng thành phần thực phẩm Việt Nam / Dữ Liệu Pháp Luật,exact,applied_to_staging,Explicitly supported per 100 g edible portion; no inferred missing values.
food_nutrients.csv,hanh_tay,sodium_mg,7.5,https://dulieuphapluat.vn/cong-cu/gia-tri-dinh-duong-thuc-pham/hanh-tay-tuoi.html,Bảng thành phần thực phẩm Việt Nam / Dữ Liệu Pháp Luật,exact,applied_to_staging,Explicitly supported per 100 g edible portion; no inferred missing values.
food_nutrients.csv,hanh_la,energy_kcal,26,https://dulieuphapluat.vn/cong-cu/gia-tri-dinh-duong-thuc-pham/hanh-la-hanh-hoa-tuoi.html,Bảng thành phần thực phẩm Việt Nam / Dữ Liệu Pháp Luật,exact_synonym,applied_to_staging,Explicitly supported per 100 g edible portion; no inferred missing values.
food_nutrients.csv,hanh_la,protein_g,1.3,https://dulieuphapluat.vn/cong-cu/gia-tri-dinh-duong-thuc-pham/hanh-la-hanh-hoa-tuoi.html,Bảng thành phần thực phẩm Việt Nam / Dữ Liệu Pháp Luật,exact_synonym,applied_to_staging,Explicitly supported per 100 g edible portion; no inferred missing values.
food_nutrients.csv,hanh_la,carbohydrate_g,5.2,https://dulieuphapluat.vn/cong-cu/gia-tri-dinh-duong-thuc-pham/hanh-la-hanh-hoa-tuoi.html,Bảng thành phần thực phẩm Việt Nam / Dữ Liệu Pháp Luật,exact_synonym,applied_to_staging,Explicitly supported per 100 g edible portion; no inferred missing values.
food_nutrients.csv,hanh_la,fibre_g,0.9,https://dulieuphapluat.vn/cong-cu/gia-tri-dinh-duong-thuc-pham/hanh-la-hanh-hoa-tuoi.html,Bảng thành phần thực phẩm Việt Nam / Dữ Liệu Pháp Luật,exact_synonym,applied_to_staging,Explicitly supported per 100 g edible portion; no inferred missing values.
food_nutrients.csv,hanh_la,sodium_mg,16,https://dulieuphapluat.vn/cong-cu/gia-tri-dinh-duong-thuc-pham/hanh-la-hanh-hoa-tuoi.html,Bảng thành phần thực phẩm Việt Nam / Dữ Liệu Pháp Luật,exact_synonym,applied_to_staging,Explicitly supported per 100 g edible portion; no inferred missing values.
food_nutrients.csv,toi,energy_kcal,126,https://dulieuphapluat.vn/cong-cu/gia-tri-dinh-duong-thuc-pham/toi-ta-tuoi.html,Bảng thành phần thực phẩm Việt Nam / Dữ Liệu Pháp Luật,exact_common_variant,applied_to_staging,Explicitly supported per 100 g edible portion; no inferred missing values.
food_nutrients.csv,toi,protein_g,6.0,https://dulieuphapluat.vn/cong-cu/gia-tri-dinh-duong-thuc-pham/toi-ta-tuoi.html,Bảng thành phần thực phẩm Việt Nam / Dữ Liệu Pháp Luật,exact_common_variant,applied_to_staging,Explicitly supported per 100 g edible portion; no inferred missing values.
food_nutrients.csv,toi,carbohydrate_g,24.65,https://dulieuphapluat.vn/cong-cu/gia-tri-dinh-duong-thuc-pham/toi-ta-tuoi.html,Bảng thành phần thực phẩm Việt Nam / Dữ Liệu Pháp Luật,exact_common_variant,applied_to_staging,Explicitly supported per 100 g edible portion; no inferred missing values.
food_nutrients.csv,toi,fat_g,0.35,https://dulieuphapluat.vn/cong-cu/gia-tri-dinh-duong-thuc-pham/toi-ta-tuoi.html,Bảng thành phần thực phẩm Việt Nam / Dữ Liệu Pháp Luật,exact_common_variant,applied_to_staging,Explicitly supported per 100 g edible portion; no inferred missing values.
food_nutrients.csv,toi,sodium_mg,18,https://dulieuphapluat.vn/cong-cu/gia-tri-dinh-duong-thuc-pham/toi-ta-tuoi.html,Bảng thành phần thực phẩm Việt Nam / Dữ Liệu Pháp Luật,exact_common_variant,applied_to_staging,Explicitly supported per 100 g edible portion; no inferred missing values.
food_nutrients.csv,gung,energy_kcal,41,https://dulieuphapluat.vn/cong-cu/gia-tri-dinh-duong-thuc-pham/gung-tuoi.html,Bảng thành phần thực phẩm Việt Nam / Dữ Liệu Pháp Luật,exact,applied_to_staging,Explicitly supported per 100 g edible portion; no inferred missing values.
food_nutrients.csv,gung,protein_g,0.4,https://dulieuphapluat.vn/cong-cu/gia-tri-dinh-duong-thuc-pham/gung-tuoi.html,Bảng thành phần thực phẩm Việt Nam / Dữ Liệu Pháp Luật,exact,applied_to_staging,Explicitly supported per 100 g edible portion; no inferred missing values.
food_nutrients.csv,gung,carbohydrate_g,8.59,https://dulieuphapluat.vn/cong-cu/gia-tri-dinh-duong-thuc-pham/gung-tuoi.html,Bảng thành phần thực phẩm Việt Nam / Dữ Liệu Pháp Luật,exact,applied_to_staging,Explicitly supported per 100 g edible portion; no inferred missing values.
food_nutrients.csv,gung,fat_g,0.51,https://dulieuphapluat.vn/cong-cu/gia-tri-dinh-duong-thuc-pham/gung-tuoi.html,Bảng thành phần thực phẩm Việt Nam / Dữ Liệu Pháp Luật,exact,applied_to_staging,Explicitly supported per 100 g edible portion; no inferred missing values.
food_nutrients.csv,gung,fibre_g,3.3,https://dulieuphapluat.vn/cong-cu/gia-tri-dinh-duong-thuc-pham/gung-tuoi.html,Bảng thành phần thực phẩm Việt Nam / Dữ Liệu Pháp Luật,exact,applied_to_staging,Explicitly supported per 100 g edible portion; no inferred missing values.
food_nutrients.csv,gung,sodium_mg,7,https://dulieuphapluat.vn/cong-cu/gia-tri-dinh-duong-thuc-pham/gung-tuoi.html,Bảng thành phần thực phẩm Việt Nam / Dữ Liệu Pháp Luật,exact,applied_to_staging,Explicitly supported per 100 g edible portion; no inferred missing values.
food_nutrients.csv,rau_ngo,energy_kcal,22,https://dulieuphapluat.vn/cong-cu/gia-tri-dinh-duong-thuc-pham/rau-mui-tuoi.html,Bảng thành phần thực phẩm Việt Nam / Dữ Liệu Pháp Luật,exact_synonym_coriander,applied_to_staging,Explicitly supported per 100 g edible portion; no inferred missing values.
food_nutrients.csv,rau_ngo,protein_g,2.6,https://dulieuphapluat.vn/cong-cu/gia-tri-dinh-duong-thuc-pham/rau-mui-tuoi.html,Bảng thành phần thực phẩm Việt Nam / Dữ Liệu Pháp Luật,exact_synonym_coriander,applied_to_staging,Explicitly supported per 100 g edible portion; no inferred missing values.
food_nutrients.csv,rau_ngo,carbohydrate_g,2.17,https://dulieuphapluat.vn/cong-cu/gia-tri-dinh-duong-thuc-pham/rau-mui-tuoi.html,Bảng thành phần thực phẩm Việt Nam / Dữ Liệu Pháp Luật,exact_synonym_coriander,applied_to_staging,Explicitly supported per 100 g edible portion; no inferred missing values.
food_nutrients.csv,rau_ngo,fat_g,0.33,https://dulieuphapluat.vn/cong-cu/gia-tri-dinh-duong-thuc-pham/rau-mui-tuoi.html,Bảng thành phần thực phẩm Việt Nam / Dữ Liệu Pháp Luật,exact_synonym_coriander,applied_to_staging,Explicitly supported per 100 g edible portion; no inferred missing values.
food_nutrients.csv,rau_ngo,fibre_g,1.8,https://dulieuphapluat.vn/cong-cu/gia-tri-dinh-duong-thuc-pham/rau-mui-tuoi.html,Bảng thành phần thực phẩm Việt Nam / Dữ Liệu Pháp Luật,exact_synonym_coriander,applied_to_staging,Explicitly supported per 100 g edible portion; no inferred missing values.
food_nutrients.csv,rau_ngo,sodium_mg,46,https://dulieuphapluat.vn/cong-cu/gia-tri-dinh-duong-thuc-pham/rau-mui-tuoi.html,Bảng thành phần thực phẩm Việt Nam / Dữ Liệu Pháp Luật,exact_synonym_coriander,applied_to_staging,Explicitly supported per 100 g edible portion; no inferred missing values.
food_nutrients.csv,me_chua,energy_kcal,35,https://dulieuphapluat.vn/cong-cu/gia-tri-dinh-duong-thuc-pham/qua-me-chua-tuoi.html,Bảng thành phần thực phẩm Việt Nam / Dữ Liệu Pháp Luật,exact,applied_to_staging,Explicitly supported per 100 g edible portion; no inferred missing values.
food_nutrients.csv,me_chua,protein_g,1.9,https://dulieuphapluat.vn/cong-cu/gia-tri-dinh-duong-thuc-pham/qua-me-chua-tuoi.html,Bảng thành phần thực phẩm Việt Nam / Dữ Liệu Pháp Luật,exact,applied_to_staging,Explicitly supported per 100 g edible portion; no inferred missing values.
food_nutrients.csv,me_chua,carbohydrate_g,6.8,https://dulieuphapluat.vn/cong-cu/gia-tri-dinh-duong-thuc-pham/qua-me-chua-tuoi.html,Bảng thành phần thực phẩm Việt Nam / Dữ Liệu Pháp Luật,exact,applied_to_staging,Explicitly supported per 100 g edible portion; no inferred missing values.
food_nutrients.csv,me_chua,fibre_g,2.0,https://dulieuphapluat.vn/cong-cu/gia-tri-dinh-duong-thuc-pham/qua-me-chua-tuoi.html,Bảng thành phần thực phẩm Việt Nam / Dữ Liệu Pháp Luật,exact,applied_to_staging,Explicitly supported per 100 g edible portion; no inferred missing values.
food_nutrients.csv,nuoc_tuong,energy_kcal,55,https://dulieuphapluat.vn/cong-cu/gia-tri-dinh-duong-thuc-pham/xi-dau.html,Bảng thành phần thực phẩm Việt Nam / Dữ Liệu Pháp Luật,exact_synonym,applied_to_staging,Explicitly supported per 100 g edible portion; no inferred missing values.
food_nutrients.csv,nuoc_tuong,protein_g,6.3,https://dulieuphapluat.vn/cong-cu/gia-tri-dinh-duong-thuc-pham/xi-dau.html,Bảng thành phần thực phẩm Việt Nam / Dữ Liệu Pháp Luật,exact_synonym,applied_to_staging,Explicitly supported per 100 g edible portion; no inferred missing values.
food_nutrients.csv,nuoc_tuong,carbohydrate_g,7.46,https://dulieuphapluat.vn/cong-cu/gia-tri-dinh-duong-thuc-pham/xi-dau.html,Bảng thành phần thực phẩm Việt Nam / Dữ Liệu Pháp Luật,exact_synonym,applied_to_staging,Explicitly supported per 100 g edible portion; no inferred missing values.
food_nutrients.csv,nuoc_tuong,fat_g,0.04,https://dulieuphapluat.vn/cong-cu/gia-tri-dinh-duong-thuc-pham/xi-dau.html,Bảng thành phần thực phẩm Việt Nam / Dữ Liệu Pháp Luật,exact_synonym,applied_to_staging,Explicitly supported per 100 g edible portion; no inferred missing values.
food_nutrients.csv,nuoc_tuong,sodium_mg,5637,https://dulieuphapluat.vn/cong-cu/gia-tri-dinh-duong-thuc-pham/xi-dau.html,Bảng thành phần thực phẩm Việt Nam / Dữ Liệu Pháp Luật,exact_synonym,applied_to_staging,Explicitly supported per 100 g edible portion; no inferred missing values.
food_nutrients.csv,muoi,energy_kcal,1,https://dulieuphapluat.vn/cong-cu/gia-tri-dinh-duong-thuc-pham/muoi.html,Bảng thành phần thực phẩm Việt Nam / Dữ Liệu Pháp Luật,exact,applied_to_staging,Explicitly supported per 100 g edible portion; no inferred missing values.
food_nutrients.csv,muoi,sodium_mg,38758,https://dulieuphapluat.vn/cong-cu/gia-tri-dinh-duong-thuc-pham/muoi.html,Bảng thành phần thực phẩm Việt Nam / Dữ Liệu Pháp Luật,exact,applied_to_staging,Explicitly supported per 100 g edible portion; no inferred missing values.
food_nutrients.csv,duong_cat,energy_kcal,383,https://dulieuphapluat.vn/cong-cu/gia-tri-dinh-duong-thuc-pham/duong-cat.html,Bảng thành phần thực phẩm Việt Nam / Dữ Liệu Pháp Luật,exact,applied_to_staging,Explicitly supported per 100 g edible portion; no inferred missing values.
food_nutrients.csv,duong_cat,protein_g,1.1,https://dulieuphapluat.vn/cong-cu/gia-tri-dinh-duong-thuc-pham/duong-cat.html,Bảng thành phần thực phẩm Việt Nam / Dữ Liệu Pháp Luật,exact,applied_to_staging,Explicitly supported per 100 g edible portion; no inferred missing values.
food_nutrients.csv,duong_cat,carbohydrate_g,94.6,https://dulieuphapluat.vn/cong-cu/gia-tri-dinh-duong-thuc-pham/duong-cat.html,Bảng thành phần thực phẩm Việt Nam / Dữ Liệu Pháp Luật,exact,applied_to_staging,Explicitly supported per 100 g edible portion; no inferred missing values.
food_nutrients.csv,duong_cat,sodium_mg,39,https://dulieuphapluat.vn/cong-cu/gia-tri-dinh-duong-thuc-pham/duong-cat.html,Bảng thành phần thực phẩm Việt Nam / Dữ Liệu Pháp Luật,exact,applied_to_staging,Explicitly supported per 100 g edible portion; no inferred missing values.
food_nutrients.csv,tieu_xay,energy_kcal,365,https://dulieuphapluat.vn/cong-cu/gia-tri-dinh-duong-thuc-pham/hat-tieu.html,Bảng thành phần thực phẩm Việt Nam / Dữ Liệu Pháp Luật,ingredient_same_ground_form,applied_to_staging,Explicitly supported per 100 g edible portion; no inferred missing values.
food_nutrients.csv,tieu_xay,protein_g,7.0,https://dulieuphapluat.vn/cong-cu/gia-tri-dinh-duong-thuc-pham/hat-tieu.html,Bảng thành phần thực phẩm Việt Nam / Dữ Liệu Pháp Luật,ingredient_same_ground_form,applied_to_staging,Explicitly supported per 100 g edible portion; no inferred missing values.
food_nutrients.csv,tieu_xay,carbohydrate_g,67.6,https://dulieuphapluat.vn/cong-cu/gia-tri-dinh-duong-thuc-pham/hat-tieu.html,Bảng thành phần thực phẩm Việt Nam / Dữ Liệu Pháp Luật,ingredient_same_ground_form,applied_to_staging,Explicitly supported per 100 g edible portion; no inferred missing values.
food_nutrients.csv,tieu_xay,fat_g,7.4,https://dulieuphapluat.vn/cong-cu/gia-tri-dinh-duong-thuc-pham/hat-tieu.html,Bảng thành phần thực phẩm Việt Nam / Dữ Liệu Pháp Luật,ingredient_same_ground_form,applied_to_staging,Explicitly supported per 100 g edible portion; no inferred missing values.
food_nutrients.csv,tieu_xay,fibre_g,33.5,https://dulieuphapluat.vn/cong-cu/gia-tri-dinh-duong-thuc-pham/hat-tieu.html,Bảng thành phần thực phẩm Việt Nam / Dữ Liệu Pháp Luật,ingredient_same_ground_form,applied_to_staging,Explicitly supported per 100 g edible portion; no inferred missing values.
food_nutrients.csv,tieu_xay,sodium_mg,44,https://dulieuphapluat.vn/cong-cu/gia-tri-dinh-duong-thuc-pham/hat-tieu.html,Bảng thành phần thực phẩm Việt Nam / Dữ Liệu Pháp Luật,ingredient_same_ground_form,applied_to_staging,Explicitly supported per 100 g edible portion; no inferred missing values.
food_nutrients.csv,hat_nem,energy_kcal,188,https://dulieuphapluat.vn/cong-cu/gia-tri-dinh-duong-thuc-pham/bot-nem.html,Bảng thành phần thực phẩm Việt Nam / Dữ Liệu Pháp Luật,exact_synonym,applied_to_staging,Explicitly supported per 100 g edible portion; no inferred missing values.
food_nutrients.csv,hat_nem,protein_g,12.73,https://dulieuphapluat.vn/cong-cu/gia-tri-dinh-duong-thuc-pham/bot-nem.html,Bảng thành phần thực phẩm Việt Nam / Dữ Liệu Pháp Luật,exact_synonym,applied_to_staging,Explicitly supported per 100 g edible portion; no inferred missing values.
food_nutrients.csv,hat_nem,carbohydrate_g,30.18,https://dulieuphapluat.vn/cong-cu/gia-tri-dinh-duong-thuc-pham/bot-nem.html,Bảng thành phần thực phẩm Việt Nam / Dữ Liệu Pháp Luật,exact_synonym,applied_to_staging,Explicitly supported per 100 g edible portion; no inferred missing values.
food_nutrients.csv,hat_nem,fat_g,1.82,https://dulieuphapluat.vn/cong-cu/gia-tri-dinh-duong-thuc-pham/bot-nem.html,Bảng thành phần thực phẩm Việt Nam / Dữ Liệu Pháp Luật,exact_synonym,applied_to_staging,Explicitly supported per 100 g edible portion; no inferred missing values.
food_nutrients.csv,hat_nem,fibre_g,0.36,https://dulieuphapluat.vn/cong-cu/gia-tri-dinh-duong-thuc-pham/bot-nem.html,Bảng thành phần thực phẩm Việt Nam / Dữ Liệu Pháp Luật,exact_synonym,applied_to_staging,Explicitly supported per 100 g edible portion; no inferred missing values.
food_nutrients.csv,hat_nem,sodium_mg,21818.18,https://dulieuphapluat.vn/cong-cu/gia-tri-dinh-duong-thuc-pham/bot-nem.html,Bảng thành phần thực phẩm Việt Nam / Dữ Liệu Pháp Luật,exact_synonym,applied_to_staging,Explicitly supported per 100 g edible portion; no inferred missing values.
foods.csv,ga_ta,edibleFraction,0.48,https://www.fao.org/fileadmin/templates/food_composition/documents/pdf/VTN_FCT_2007.pdf,Bảng thành phần thực phẩm Việt Nam 2007,exact,applied_to_staging,FAO table reports discard 52.0%; edible fraction = 1 - 0.52.
foods.csv,suon_heo,edibleFraction,0.43,https://www.fao.org/fileadmin/templates/food_composition/documents/pdf/VTN_FCT_2007.pdf,Bảng thành phần thực phẩm Việt Nam 2007,exact,applied_to_staging,FAO table reports discard 57.0%; edible fraction = 1 - 0.57.
prices.csv,thit_ba_chi,packagePriceVnd,199900,https://cooponline.vn/ba-roi-heo-chuan-ngon-s-kg--s250108623,Retailer product/listing discovered and extracted via Tavily,exact,applied_to_staging,Exact synonym ba rọi heo; sold by kg; Co.op Online price.
prices.csv,thit_nac_vai,packagePriceVnd,165000,https://cooponline.vn/nac-vai-heo-hm--s250515714,Retailer product/listing discovered and extracted via Tavily,exact,applied_to_staging,"Exact nạc vai heo; sold by kg; search result showed 165,000 VND/kg."
prices.csv,thit_bo_bap,packagePriceVnd,330000,https://cooponline.vn/search?router=productListing&query=Th%E1%BB%8Bt+b%E1%BA%AFp+b%C3%B2,Retailer product/listing discovered and extracted via Tavily,exact,applied_to_staging,"Exact bắp bò listing; sold by kg; generic product 330,000 VND/kg."
prices.csv,thit_bo_xay,packagePriceVnd,48000,https://cooponline.vn/thit-bo-xay-200g-hdt990-f--s250515402,Retailer product/listing discovered and extracted via Tavily,exact,applied_to_staging,"Exact thịt bò xay fixed pack 200g; 48,000 VND/vỉ."
prices.csv,ca_loc,packagePriceVnd,83300,https://cooponline.vn/c/ca,Retailer product/listing discovered and extracted via Tavily,exact_variant,applied_to_staging,"Cá lóc đen nguyên con làm sạch; sale price 83,300 VND/kg."
prices.csv,ca_basa,packagePriceVnd,69900,https://cooponline.vn/ca-basa-khong-dau--s250106285,Retailer product/listing discovered and extracted via Tavily,exact_variant,applied_to_staging,"Cá basa nguyên con bỏ đầu; 69,900 VND/kg."
prices.csv,ca_nuc,packagePriceVnd,75000,https://cooponline.vn/ca-nuc--s250107383,Retailer product/listing discovered and extracted via Tavily,exact,applied_to_staging,"Exact Cá Nục Kg listing; 75,000 VND/kg."
prices.csv,tom_the,packagePriceVnd,275000,https://www.bachhoaxanh.com/ca-tom-muc-ech/tom-nuong-muoi-ot,Retailer product/listing discovered and extracted via Tavily,exact,applied_to_staging,"Tôm thẻ C.P 1kg listing; 275,000 VND."
prices.csv,muc_ong,packagePriceVnd,39000,https://www.bachhoaxanh.com/ca-tom-muc-ech/muc-ong-nc-khay-250g,Retailer product/listing discovered and extracted via Tavily,exact,applied_to_staging,"Mực ống NC khay 250g; 39,000 VND/250g."
prices.csv,trung_ga,packagePriceVnd,24000,https://www.bachhoaxanh.com/trung/hop-10-trung-ga-tuoi-tfood,Retailer product/listing discovered and extracted via Tavily,exact,applied_to_staging,"Trứng gà hộp 10 quả; 24,000 VND/hộp."
prices.csv,dau_hu_trang,packagePriceVnd,10000,https://www.bachhoaxanh.com/do-chua-dua-muoi/dau-hu-trang-fuji-san-ichiban-cay-220g,Retailer product/listing discovered and extracted via Tavily,exact_brand_variant,applied_to_staging,"Đậu hũ trắng Fuji San Ichiban 220g; 10,000 VND/cây 220g."
food_allergens.csv,ga_ta:peanut,status,unknown,,Conservative catalog policy,policy,applied_to_staging,Deliberately not marked absent; product-specific evidence unavailable.
food_allergens.csv,ga_ta:tree_nut,status,unknown,,Conservative catalog policy,policy,applied_to_staging,Deliberately not marked absent; product-specific evidence unavailable.
food_allergens.csv,ga_ta:dairy,status,unknown,,Conservative catalog policy,policy,applied_to_staging,Deliberately not marked absent; product-specific evidence unavailable.
food_allergens.csv,ga_ta:egg,status,unknown,,Conservative catalog policy,policy,applied_to_staging,Deliberately not marked absent; product-specific evidence unavailable.
food_allergens.csv,ga_ta:soy,status,unknown,,Conservative catalog policy,policy,applied_to_staging,Deliberately not marked absent; product-specific evidence unavailable.
food_allergens.csv,ga_ta:wheat,status,unknown,,Conservative catalog policy,policy,applied_to_staging,Deliberately not marked absent; product-specific evidence unavailable.
food_allergens.csv,ga_ta:fish,status,unknown,,Conservative catalog policy,policy,applied_to_staging,Deliberately not marked absent; product-specific evidence unavailable.
food_allergens.csv,ga_ta:crustacean,status,unknown,,Conservative catalog policy,policy,applied_to_staging,Deliberately not marked absent; product-specific evidence unavailable.
food_allergens.csv,ga_ta:mollusc,status,unknown,,Conservative catalog policy,policy,applied_to_staging,Deliberately not marked absent; product-specific evidence unavailable.
food_allergens.csv,ga_ta:sesame,status,unknown,,Conservative catalog policy,policy,applied_to_staging,Deliberately not marked absent; product-specific evidence unavailable.
food_allergens.csv,thit_ba_chi:peanut,status,unknown,,Conservative catalog policy,policy,applied_to_staging,Deliberately not marked absent; product-specific evidence unavailable.
food_allergens.csv,thit_ba_chi:tree_nut,status,unknown,,Conservative catalog policy,policy,applied_to_staging,Deliberately not marked absent; product-specific evidence unavailable.
food_allergens.csv,thit_ba_chi:dairy,status,unknown,,Conservative catalog policy,policy,applied_to_staging,Deliberately not marked absent; product-specific evidence unavailable.
food_allergens.csv,thit_ba_chi:egg,status,unknown,,Conservative catalog policy,policy,applied_to_staging,Deliberately not marked absent; product-specific evidence unavailable.
food_allergens.csv,thit_ba_chi:soy,status,unknown,,Conservative catalog policy,policy,applied_to_staging,Deliberately not marked absent; product-specific evidence unavailable.
food_allergens.csv,thit_ba_chi:wheat,status,unknown,,Conservative catalog policy,policy,applied_to_staging,Deliberately not marked absent; product-specific evidence unavailable.
food_allergens.csv,thit_ba_chi:fish,status,unknown,,Conservative catalog policy,policy,applied_to_staging,Deliberately not marked absent; product-specific evidence unavailable.
food_allergens.csv,thit_ba_chi:crustacean,status,unknown,,Conservative catalog policy,policy,applied_to_staging,Deliberately not marked absent; product-specific evidence unavailable.
food_allergens.csv,thit_ba_chi:mollusc,status,unknown,,Conservative catalog policy,policy,applied_to_staging,Deliberately not marked absent; product-specific evidence unavailable.
food_allergens.csv,thit_ba_chi:sesame,status,unknown,,Conservative catalog policy,policy,applied_to_staging,Deliberately not marked absent; product-specific evidence unavailable.
food_allergens.csv,thit_nac_vai:peanut,status,unknown,,Conservative catalog policy,policy,applied_to_staging,Deliberately not marked absent; product-specific evidence unavailable.
food_allergens.csv,thit_nac_vai:tree_nut,status,unknown,,Conservative catalog policy,policy,applied_to_staging,Deliberately not marked absent; product-specific evidence unavailable.
food_allergens.csv,thit_nac_vai:dairy,status,unknown,,Conservative catalog policy,policy,applied_to_staging,Deliberately not marked absent; product-specific evidence unavailable.
food_allergens.csv,thit_nac_vai:egg,status,unknown,,Conservative catalog policy,policy,applied_to_staging,Deliberately not marked absent; product-specific evidence unavailable.
food_allergens.csv,thit_nac_vai:soy,status,unknown,,Conservative catalog policy,policy,applied_to_staging,Deliberately not marked absent; product-specific evidence unavailable.
food_allergens.csv,thit_nac_vai:wheat,status,unknown,,Conservative catalog policy,policy,applied_to_staging,Deliberately not marked absent; product-specific evidence unavailable.
food_allergens.csv,thit_nac_vai:fish,status,unknown,,Conservative catalog policy,policy,applied_to_staging,Deliberately not marked absent; product-specific evidence unavailable.
food_allergens.csv,thit_nac_vai:crustacean,status,unknown,,Conservative catalog policy,policy,applied_to_staging,Deliberately not marked absent; product-specific evidence unavailable.
food_allergens.csv,thit_nac_vai:mollusc,status,unknown,,Conservative catalog policy,policy,applied_to_staging,Deliberately not marked absent; product-specific evidence unavailable.
food_allergens.csv,thit_nac_vai:sesame,status,unknown,,Conservative catalog policy,policy,applied_to_staging,Deliberately not marked absent; product-specific evidence unavailable.
food_allergens.csv,suon_heo:peanut,status,unknown,,Conservative catalog policy,policy,applied_to_staging,Deliberately not marked absent; product-specific evidence unavailable.
food_allergens.csv,suon_heo:tree_nut,status,unknown,,Conservative catalog policy,policy,applied_to_staging,Deliberately not marked absent; product-specific evidence unavailable.
food_allergens.csv,suon_heo:dairy,status,unknown,,Conservative catalog policy,policy,applied_to_staging,Deliberately not marked absent; product-specific evidence unavailable.
food_allergens.csv,suon_heo:egg,status,unknown,,Conservative catalog policy,policy,applied_to_staging,Deliberately not marked absent; product-specific evidence unavailable.
food_allergens.csv,suon_heo:soy,status,unknown,,Conservative catalog policy,policy,applied_to_staging,Deliberately not marked absent; product-specific evidence unavailable.
food_allergens.csv,suon_heo:wheat,status,unknown,,Conservative catalog policy,policy,applied_to_staging,Deliberately not marked absent; product-specific evidence unavailable.
food_allergens.csv,suon_heo:fish,status,unknown,,Conservative catalog policy,policy,applied_to_staging,Deliberately not marked absent; product-specific evidence unavailable.
food_allergens.csv,suon_heo:crustacean,status,unknown,,Conservative catalog policy,policy,applied_to_staging,Deliberately not marked absent; product-specific evidence unavailable.
food_allergens.csv,suon_heo:mollusc,status,unknown,,Conservative catalog policy,policy,applied_to_staging,Deliberately not marked absent; product-specific evidence unavailable.
food_allergens.csv,suon_heo:sesame,status,unknown,,Conservative catalog policy,policy,applied_to_staging,Deliberately not marked absent; product-specific evidence unavailable.
food_allergens.csv,thit_bo_bap:peanut,status,unknown,,Conservative catalog policy,policy,applied_to_staging,Deliberately not marked absent; product-specific evidence unavailable.
food_allergens.csv,thit_bo_bap:tree_nut,status,unknown,,Conservative catalog policy,policy,applied_to_staging,Deliberately not marked absent; product-specific evidence unavailable.
food_allergens.csv,thit_bo_bap:dairy,status,unknown,,Conservative catalog policy,policy,applied_to_staging,Deliberately not marked absent; product-specific evidence unavailable.
food_allergens.csv,thit_bo_bap:egg,status,unknown,,Conservative catalog policy,policy,applied_to_staging,Deliberately not marked absent; product-specific evidence unavailable.
food_allergens.csv,thit_bo_bap:soy,status,unknown,,Conservative catalog policy,policy,applied_to_staging,Deliberately not marked absent; product-specific evidence unavailable.
food_allergens.csv,thit_bo_bap:wheat,status,unknown,,Conservative catalog policy,policy,applied_to_staging,Deliberately not marked absent; product-specific evidence unavailable.
food_allergens.csv,thit_bo_bap:fish,status,unknown,,Conservative catalog policy,policy,applied_to_staging,Deliberately not marked absent; product-specific evidence unavailable.
food_allergens.csv,thit_bo_bap:crustacean,status,unknown,,Conservative catalog policy,policy,applied_to_staging,Deliberately not marked absent; product-specific evidence unavailable.
food_allergens.csv,thit_bo_bap:mollusc,status,unknown,,Conservative catalog policy,policy,applied_to_staging,Deliberately not marked absent; product-specific evidence unavailable.
food_allergens.csv,thit_bo_bap:sesame,status,unknown,,Conservative catalog policy,policy,applied_to_staging,Deliberately not marked absent; product-specific evidence unavailable.
food_allergens.csv,thit_bo_xay:peanut,status,unknown,,Conservative catalog policy,policy,applied_to_staging,Deliberately not marked absent; product-specific evidence unavailable.
food_allergens.csv,thit_bo_xay:tree_nut,status,unknown,,Conservative catalog policy,policy,applied_to_staging,Deliberately not marked absent; product-specific evidence unavailable.
food_allergens.csv,thit_bo_xay:dairy,status,unknown,,Conservative catalog policy,policy,applied_to_staging,Deliberately not marked absent; product-specific evidence unavailable.
food_allergens.csv,thit_bo_xay:egg,status,unknown,,Conservative catalog policy,policy,applied_to_staging,Deliberately not marked absent; product-specific evidence unavailable.
food_allergens.csv,thit_bo_xay:soy,status,unknown,,Conservative catalog policy,policy,applied_to_staging,Deliberately not marked absent; product-specific evidence unavailable.
food_allergens.csv,thit_bo_xay:wheat,status,unknown,,Conservative catalog policy,policy,applied_to_staging,Deliberately not marked absent; product-specific evidence unavailable.
food_allergens.csv,thit_bo_xay:fish,status,unknown,,Conservative catalog policy,policy,applied_to_staging,Deliberately not marked absent; product-specific evidence unavailable.
food_allergens.csv,thit_bo_xay:crustacean,status,unknown,,Conservative catalog policy,policy,applied_to_staging,Deliberately not marked absent; product-specific evidence unavailable.
food_allergens.csv,thit_bo_xay:mollusc,status,unknown,,Conservative catalog policy,policy,applied_to_staging,Deliberately not marked absent; product-specific evidence unavailable.
food_allergens.csv,thit_bo_xay:sesame,status,unknown,,Conservative catalog policy,policy,applied_to_staging,Deliberately not marked absent; product-specific evidence unavailable.
food_allergens.csv,ca_loc:peanut,status,unknown,,Conservative catalog policy,policy,applied_to_staging,Deliberately not marked absent; product-specific evidence unavailable.
food_allergens.csv,ca_loc:tree_nut,status,unknown,,Conservative catalog policy,policy,applied_to_staging,Deliberately not marked absent; product-specific evidence unavailable.
food_allergens.csv,ca_loc:dairy,status,unknown,,Conservative catalog policy,policy,applied_to_staging,Deliberately not marked absent; product-specific evidence unavailable.
food_allergens.csv,ca_loc:egg,status,unknown,,Conservative catalog policy,policy,applied_to_staging,Deliberately not marked absent; product-specific evidence unavailable.
food_allergens.csv,ca_loc:soy,status,unknown,,Conservative catalog policy,policy,applied_to_staging,Deliberately not marked absent; product-specific evidence unavailable.
food_allergens.csv,ca_loc:wheat,status,unknown,,Conservative catalog policy,policy,applied_to_staging,Deliberately not marked absent; product-specific evidence unavailable.
food_allergens.csv,ca_loc:fish,status,contains,https://food.ec.europa.eu/food-safety/campaign-2026/allergies_en,European Commission — Allergies,exact,applied_to_staging,Intrinsic ingredient/allergen identity mapping; no cross-contact inference.
food_allergens.csv,ca_loc:crustacean,status,unknown,,Conservative catalog policy,policy,applied_to_staging,Deliberately not marked absent; product-specific evidence unavailable.
food_allergens.csv,ca_loc:mollusc,status,unknown,,Conservative catalog policy,policy,applied_to_staging,Deliberately not marked absent; product-specific evidence unavailable.
food_allergens.csv,ca_loc:sesame,status,unknown,,Conservative catalog policy,policy,applied_to_staging,Deliberately not marked absent; product-specific evidence unavailable.
food_allergens.csv,ca_basa:peanut,status,unknown,,Conservative catalog policy,policy,applied_to_staging,Deliberately not marked absent; product-specific evidence unavailable.
food_allergens.csv,ca_basa:tree_nut,status,unknown,,Conservative catalog policy,policy,applied_to_staging,Deliberately not marked absent; product-specific evidence unavailable.
food_allergens.csv,ca_basa:dairy,status,unknown,,Conservative catalog policy,policy,applied_to_staging,Deliberately not marked absent; product-specific evidence unavailable.
food_allergens.csv,ca_basa:egg,status,unknown,,Conservative catalog policy,policy,applied_to_staging,Deliberately not marked absent; product-specific evidence unavailable.
food_allergens.csv,ca_basa:soy,status,unknown,,Conservative catalog policy,policy,applied_to_staging,Deliberately not marked absent; product-specific evidence unavailable.
food_allergens.csv,ca_basa:wheat,status,unknown,,Conservative catalog policy,policy,applied_to_staging,Deliberately not marked absent; product-specific evidence unavailable.
food_allergens.csv,ca_basa:fish,status,contains,https://food.ec.europa.eu/food-safety/campaign-2026/allergies_en,European Commission — Allergies,exact,applied_to_staging,Intrinsic ingredient/allergen identity mapping; no cross-contact inference.
food_allergens.csv,ca_basa:crustacean,status,unknown,,Conservative catalog policy,policy,applied_to_staging,Deliberately not marked absent; product-specific evidence unavailable.
food_allergens.csv,ca_basa:mollusc,status,unknown,,Conservative catalog policy,policy,applied_to_staging,Deliberately not marked absent; product-specific evidence unavailable.
food_allergens.csv,ca_basa:sesame,status,unknown,,Conservative catalog policy,policy,applied_to_staging,Deliberately not marked absent; product-specific evidence unavailable.
food_allergens.csv,ca_nuc:peanut,status,unknown,,Conservative catalog policy,policy,applied_to_staging,Deliberately not marked absent; product-specific evidence unavailable.
food_allergens.csv,ca_nuc:tree_nut,status,unknown,,Conservative catalog policy,policy,applied_to_staging,Deliberately not marked absent; product-specific evidence unavailable.
food_allergens.csv,ca_nuc:dairy,status,unknown,,Conservative catalog policy,policy,applied_to_staging,Deliberately not marked absent; product-specific evidence unavailable.
food_allergens.csv,ca_nuc:egg,status,unknown,,Conservative catalog policy,policy,applied_to_staging,Deliberately not marked absent; product-specific evidence unavailable.
food_allergens.csv,ca_nuc:soy,status,unknown,,Conservative catalog policy,policy,applied_to_staging,Deliberately not marked absent; product-specific evidence unavailable.
food_allergens.csv,ca_nuc:wheat,status,unknown,,Conservative catalog policy,policy,applied_to_staging,Deliberately not marked absent; product-specific evidence unavailable.
food_allergens.csv,ca_nuc:fish,status,contains,https://food.ec.europa.eu/food-safety/campaign-2026/allergies_en,European Commission — Allergies,exact,applied_to_staging,Intrinsic ingredient/allergen identity mapping; no cross-contact inference.
food_allergens.csv,ca_nuc:crustacean,status,unknown,,Conservative catalog policy,policy,applied_to_staging,Deliberately not marked absent; product-specific evidence unavailable.
food_allergens.csv,ca_nuc:mollusc,status,unknown,,Conservative catalog policy,policy,applied_to_staging,Deliberately not marked absent; product-specific evidence unavailable.
food_allergens.csv,ca_nuc:sesame,status,unknown,,Conservative catalog policy,policy,applied_to_staging,Deliberately not marked absent; product-specific evidence unavailable.
food_allergens.csv,tom_the:peanut,status,unknown,,Conservative catalog policy,policy,applied_to_staging,Deliberately not marked absent; product-specific evidence unavailable.
food_allergens.csv,tom_the:tree_nut,status,unknown,,Conservative catalog policy,policy,applied_to_staging,Deliberately not marked absent; product-specific evidence unavailable.
food_allergens.csv,tom_the:dairy,status,unknown,,Conservative catalog policy,policy,applied_to_staging,Deliberately not marked absent; product-specific evidence unavailable.
food_allergens.csv,tom_the:egg,status,unknown,,Conservative catalog policy,policy,applied_to_staging,Deliberately not marked absent; product-specific evidence unavailable.
food_allergens.csv,tom_the:soy,status,unknown,,Conservative catalog policy,policy,applied_to_staging,Deliberately not marked absent; product-specific evidence unavailable.
food_allergens.csv,tom_the:wheat,status,unknown,,Conservative catalog policy,policy,applied_to_staging,Deliberately not marked absent; product-specific evidence unavailable.
food_allergens.csv,tom_the:fish,status,unknown,,Conservative catalog policy,policy,applied_to_staging,Deliberately not marked absent; product-specific evidence unavailable.
food_allergens.csv,tom_the:crustacean,status,contains,https://food.ec.europa.eu/food-safety/campaign-2026/allergies_en,European Commission — Allergies,exact,applied_to_staging,Intrinsic ingredient/allergen identity mapping; no cross-contact inference.
food_allergens.csv,tom_the:mollusc,status,unknown,,Conservative catalog policy,policy,applied_to_staging,Deliberately not marked absent; product-specific evidence unavailable.
food_allergens.csv,tom_the:sesame,status,unknown,,Conservative catalog policy,policy,applied_to_staging,Deliberately not marked absent; product-specific evidence unavailable.
food_allergens.csv,muc_ong:peanut,status,unknown,,Conservative catalog policy,policy,applied_to_staging,Deliberately not marked absent; product-specific evidence unavailable.
food_allergens.csv,muc_ong:tree_nut,status,unknown,,Conservative catalog policy,policy,applied_to_staging,Deliberately not marked absent; product-specific evidence unavailable.
food_allergens.csv,muc_ong:dairy,status,unknown,,Conservative catalog policy,policy,applied_to_staging,Deliberately not marked absent; product-specific evidence unavailable.
food_allergens.csv,muc_ong:egg,status,unknown,,Conservative catalog policy,policy,applied_to_staging,Deliberately not marked absent; product-specific evidence unavailable.
food_allergens.csv,muc_ong:soy,status,unknown,,Conservative catalog policy,policy,applied_to_staging,Deliberately not marked absent; product-specific evidence unavailable.
food_allergens.csv,muc_ong:wheat,status,unknown,,Conservative catalog policy,policy,applied_to_staging,Deliberately not marked absent; product-specific evidence unavailable.
food_allergens.csv,muc_ong:fish,status,unknown,,Conservative catalog policy,policy,applied_to_staging,Deliberately not marked absent; product-specific evidence unavailable.
food_allergens.csv,muc_ong:crustacean,status,unknown,,Conservative catalog policy,policy,applied_to_staging,Deliberately not marked absent; product-specific evidence unavailable.
food_allergens.csv,muc_ong:mollusc,status,contains,https://food.ec.europa.eu/food-safety/campaign-2026/allergies_en,European Commission — Allergies,exact,applied_to_staging,Intrinsic ingredient/allergen identity mapping; no cross-contact inference.
food_allergens.csv,muc_ong:sesame,status,unknown,,Conservative catalog policy,policy,applied_to_staging,Deliberately not marked absent; product-specific evidence unavailable.
food_allergens.csv,trung_ga:peanut,status,unknown,,Conservative catalog policy,policy,applied_to_staging,Deliberately not marked absent; product-specific evidence unavailable.
food_allergens.csv,trung_ga:tree_nut,status,unknown,,Conservative catalog policy,policy,applied_to_staging,Deliberately not marked absent; product-specific evidence unavailable.
food_allergens.csv,trung_ga:dairy,status,unknown,,Conservative catalog policy,policy,applied_to_staging,Deliberately not marked absent; product-specific evidence unavailable.
food_allergens.csv,trung_ga:egg,status,contains,https://food.ec.europa.eu/food-safety/campaign-2026/allergies_en,European Commission — Allergies,exact,applied_to_staging,Intrinsic ingredient/allergen identity mapping; no cross-contact inference.
food_allergens.csv,trung_ga:soy,status,unknown,,Conservative catalog policy,policy,applied_to_staging,Deliberately not marked absent; product-specific evidence unavailable.
food_allergens.csv,trung_ga:wheat,status,unknown,,Conservative catalog policy,policy,applied_to_staging,Deliberately not marked absent; product-specific evidence unavailable.
food_allergens.csv,trung_ga:fish,status,unknown,,Conservative catalog policy,policy,applied_to_staging,Deliberately not marked absent; product-specific evidence unavailable.
food_allergens.csv,trung_ga:crustacean,status,unknown,,Conservative catalog policy,policy,applied_to_staging,Deliberately not marked absent; product-specific evidence unavailable.
food_allergens.csv,trung_ga:mollusc,status,unknown,,Conservative catalog policy,policy,applied_to_staging,Deliberately not marked absent; product-specific evidence unavailable.
food_allergens.csv,trung_ga:sesame,status,unknown,,Conservative catalog policy,policy,applied_to_staging,Deliberately not marked absent; product-specific evidence unavailable.
food_allergens.csv,dau_hu_trang:peanut,status,unknown,,Conservative catalog policy,policy,applied_to_staging,Deliberately not marked absent; product-specific evidence unavailable.
food_allergens.csv,dau_hu_trang:tree_nut,status,unknown,,Conservative catalog policy,policy,applied_to_staging,Deliberately not marked absent; product-specific evidence unavailable.
food_allergens.csv,dau_hu_trang:dairy,status,unknown,,Conservative catalog policy,policy,applied_to_staging,Deliberately not marked absent; product-specific evidence unavailable.
food_allergens.csv,dau_hu_trang:egg,status,unknown,,Conservative catalog policy,policy,applied_to_staging,Deliberately not marked absent; product-specific evidence unavailable.
food_allergens.csv,dau_hu_trang:soy,status,contains,https://food.ec.europa.eu/food-safety/campaign-2026/allergies_en,European Commission — Allergies,exact,applied_to_staging,Intrinsic ingredient/allergen identity mapping; no cross-contact inference.
food_allergens.csv,dau_hu_trang:wheat,status,unknown,,Conservative catalog policy,policy,applied_to_staging,Deliberately not marked absent; product-specific evidence unavailable.
food_allergens.csv,dau_hu_trang:fish,status,unknown,,Conservative catalog policy,policy,applied_to_staging,Deliberately not marked absent; product-specific evidence unavailable.
food_allergens.csv,dau_hu_trang:crustacean,status,unknown,,Conservative catalog policy,policy,applied_to_staging,Deliberately not marked absent; product-specific evidence unavailable.
food_allergens.csv,dau_hu_trang:mollusc,status,unknown,,Conservative catalog policy,policy,applied_to_staging,Deliberately not marked absent; product-specific evidence unavailable.
food_allergens.csv,dau_hu_trang:sesame,status,unknown,,Conservative catalog policy,policy,applied_to_staging,Deliberately not marked absent; product-specific evidence unavailable.
food_allergens.csv,gao_te:peanut,status,unknown,,Conservative catalog policy,policy,applied_to_staging,Deliberately not marked absent; product-specific evidence unavailable.
food_allergens.csv,gao_te:tree_nut,status,unknown,,Conservative catalog policy,policy,applied_to_staging,Deliberately not marked absent; product-specific evidence unavailable.
food_allergens.csv,gao_te:dairy,status,unknown,,Conservative catalog policy,policy,applied_to_staging,Deliberately not marked absent; product-specific evidence unavailable.
food_allergens.csv,gao_te:egg,status,unknown,,Conservative catalog policy,policy,applied_to_staging,Deliberately not marked absent; product-specific evidence unavailable.
food_allergens.csv,gao_te:soy,status,unknown,,Conservative catalog policy,policy,applied_to_staging,Deliberately not marked absent; product-specific evidence unavailable.
food_allergens.csv,gao_te:wheat,status,unknown,,Conservative catalog policy,policy,applied_to_staging,Deliberately not marked absent; product-specific evidence unavailable.
food_allergens.csv,gao_te:fish,status,unknown,,Conservative catalog policy,policy,applied_to_staging,Deliberately not marked absent; product-specific evidence unavailable.
food_allergens.csv,gao_te:crustacean,status,unknown,,Conservative catalog policy,policy,applied_to_staging,Deliberately not marked absent; product-specific evidence unavailable.
food_allergens.csv,gao_te:mollusc,status,unknown,,Conservative catalog policy,policy,applied_to_staging,Deliberately not marked absent; product-specific evidence unavailable.
food_allergens.csv,gao_te:sesame,status,unknown,,Conservative catalog policy,policy,applied_to_staging,Deliberately not marked absent; product-specific evidence unavailable.
food_allergens.csv,rau_muong:peanut,status,unknown,,Conservative catalog policy,policy,applied_to_staging,Deliberately not marked absent; product-specific evidence unavailable.
food_allergens.csv,rau_muong:tree_nut,status,unknown,,Conservative catalog policy,policy,applied_to_staging,Deliberately not marked absent; product-specific evidence unavailable.
food_allergens.csv,rau_muong:dairy,status,unknown,,Conservative catalog policy,policy,applied_to_staging,Deliberately not marked absent; product-specific evidence unavailable.
food_allergens.csv,rau_muong:egg,status,unknown,,Conservative catalog policy,policy,applied_to_staging,Deliberately not marked absent; product-specific evidence unavailable.
food_allergens.csv,rau_muong:soy,status,unknown,,Conservative catalog policy,policy,applied_to_staging,Deliberately not marked absent; product-specific evidence unavailable.
food_allergens.csv,rau_muong:wheat,status,unknown,,Conservative catalog policy,policy,applied_to_staging,Deliberately not marked absent; product-specific evidence unavailable.
food_allergens.csv,rau_muong:fish,status,unknown,,Conservative catalog policy,policy,applied_to_staging,Deliberately not marked absent; product-specific evidence unavailable.
food_allergens.csv,rau_muong:crustacean,status,unknown,,Conservative catalog policy,policy,applied_to_staging,Deliberately not marked absent; product-specific evidence unavailable.
food_allergens.csv,rau_muong:mollusc,status,unknown,,Conservative catalog policy,policy,applied_to_staging,Deliberately not marked absent; product-specific evidence unavailable.
food_allergens.csv,rau_muong:sesame,status,unknown,,Conservative catalog policy,policy,applied_to_staging,Deliberately not marked absent; product-specific evidence unavailable.
food_allergens.csv,cai_ngot:peanut,status,unknown,,Conservative catalog policy,policy,applied_to_staging,Deliberately not marked absent; product-specific evidence unavailable.
food_allergens.csv,cai_ngot:tree_nut,status,unknown,,Conservative catalog policy,policy,applied_to_staging,Deliberately not marked absent; product-specific evidence unavailable.
food_allergens.csv,cai_ngot:dairy,status,unknown,,Conservative catalog policy,policy,applied_to_staging,Deliberately not marked absent; product-specific evidence unavailable.
food_allergens.csv,cai_ngot:egg,status,unknown,,Conservative catalog policy,policy,applied_to_staging,Deliberately not marked absent; product-specific evidence unavailable.
food_allergens.csv,cai_ngot:soy,status,unknown,,Conservative catalog policy,policy,applied_to_staging,Deliberately not marked absent; product-specific evidence unavailable.
food_allergens.csv,cai_ngot:wheat,status,unknown,,Conservative catalog policy,policy,applied_to_staging,Deliberately not marked absent; product-specific evidence unavailable.
food_allergens.csv,cai_ngot:fish,status,unknown,,Conservative catalog policy,policy,applied_to_staging,Deliberately not marked absent; product-specific evidence unavailable.
food_allergens.csv,cai_ngot:crustacean,status,unknown,,Conservative catalog policy,policy,applied_to_staging,Deliberately not marked absent; product-specific evidence unavailable.
food_allergens.csv,cai_ngot:mollusc,status,unknown,,Conservative catalog policy,policy,applied_to_staging,Deliberately not marked absent; product-specific evidence unavailable.
food_allergens.csv,cai_ngot:sesame,status,unknown,,Conservative catalog policy,policy,applied_to_staging,Deliberately not marked absent; product-specific evidence unavailable.
food_allergens.csv,cai_thao:peanut,status,unknown,,Conservative catalog policy,policy,applied_to_staging,Deliberately not marked absent; product-specific evidence unavailable.
food_allergens.csv,cai_thao:tree_nut,status,unknown,,Conservative catalog policy,policy,applied_to_staging,Deliberately not marked absent; product-specific evidence unavailable.
food_allergens.csv,cai_thao:dairy,status,unknown,,Conservative catalog policy,policy,applied_to_staging,Deliberately not marked absent; product-specific evidence unavailable.
food_allergens.csv,cai_thao:egg,status,unknown,,Conservative catalog policy,policy,applied_to_staging,Deliberately not marked absent; product-specific evidence unavailable.
food_allergens.csv,cai_thao:soy,status,unknown,,Conservative catalog policy,policy,applied_to_staging,Deliberately not marked absent; product-specific evidence unavailable.
food_allergens.csv,cai_thao:wheat,status,unknown,,Conservative catalog policy,policy,applied_to_staging,Deliberately not marked absent; product-specific evidence unavailable.
food_allergens.csv,cai_thao:fish,status,unknown,,Conservative catalog policy,policy,applied_to_staging,Deliberately not marked absent; product-specific evidence unavailable.
food_allergens.csv,cai_thao:crustacean,status,unknown,,Conservative catalog policy,policy,applied_to_staging,Deliberately not marked absent; product-specific evidence unavailable.
food_allergens.csv,cai_thao:mollusc,status,unknown,,Conservative catalog policy,policy,applied_to_staging,Deliberately not marked absent; product-specific evidence unavailable.
food_allergens.csv,cai_thao:sesame,status,unknown,,Conservative catalog policy,policy,applied_to_staging,Deliberately not marked absent; product-specific evidence unavailable.
food_allergens.csv,bap_cai:peanut,status,unknown,,Conservative catalog policy,policy,applied_to_staging,Deliberately not marked absent; product-specific evidence unavailable.
food_allergens.csv,bap_cai:tree_nut,status,unknown,,Conservative catalog policy,policy,applied_to_staging,Deliberately not marked absent; product-specific evidence unavailable.
food_allergens.csv,bap_cai:dairy,status,unknown,,Conservative catalog policy,policy,applied_to_staging,Deliberately not marked absent; product-specific evidence unavailable.
food_allergens.csv,bap_cai:egg,status,unknown,,Conservative catalog policy,policy,applied_to_staging,Deliberately not marked absent; product-specific evidence unavailable.
food_allergens.csv,bap_cai:soy,status,unknown,,Conservative catalog policy,policy,applied_to_staging,Deliberately not marked absent; product-specific evidence unavailable.
food_allergens.csv,bap_cai:wheat,status,unknown,,Conservative catalog policy,policy,applied_to_staging,Deliberately not marked absent; product-specific evidence unavailable.
food_allergens.csv,bap_cai:fish,status,unknown,,Conservative catalog policy,policy,applied_to_staging,Deliberately not marked absent; product-specific evidence unavailable.
food_allergens.csv,bap_cai:crustacean,status,unknown,,Conservative catalog policy,policy,applied_to_staging,Deliberately not marked absent; product-specific evidence unavailable.
food_allergens.csv,bap_cai:mollusc,status,unknown,,Conservative catalog policy,policy,applied_to_staging,Deliberately not marked absent; product-specific evidence unavailable.
food_allergens.csv,bap_cai:sesame,status,unknown,,Conservative catalog policy,policy,applied_to_staging,Deliberately not marked absent; product-specific evidence unavailable.
food_allergens.csv,rau_den:peanut,status,unknown,,Conservative catalog policy,policy,applied_to_staging,Deliberately not marked absent; product-specific evidence unavailable.
food_allergens.csv,rau_den:tree_nut,status,unknown,,Conservative catalog policy,policy,applied_to_staging,Deliberately not marked absent; product-specific evidence unavailable.
food_allergens.csv,rau_den:dairy,status,unknown,,Conservative catalog policy,policy,applied_to_staging,Deliberately not marked absent; product-specific evidence unavailable.
food_allergens.csv,rau_den:egg,status,unknown,,Conservative catalog policy,policy,applied_to_staging,Deliberately not marked absent; product-specific evidence unavailable.
food_allergens.csv,rau_den:soy,status,unknown,,Conservative catalog policy,policy,applied_to_staging,Deliberately not marked absent; product-specific evidence unavailable.
food_allergens.csv,rau_den:wheat,status,unknown,,Conservative catalog policy,policy,applied_to_staging,Deliberately not marked absent; product-specific evidence unavailable.
food_allergens.csv,rau_den:fish,status,unknown,,Conservative catalog policy,policy,applied_to_staging,Deliberately not marked absent; product-specific evidence unavailable.
food_allergens.csv,rau_den:crustacean,status,unknown,,Conservative catalog policy,policy,applied_to_staging,Deliberately not marked absent; product-specific evidence unavailable.
food_allergens.csv,rau_den:mollusc,status,unknown,,Conservative catalog policy,policy,applied_to_staging,Deliberately not marked absent; product-specific evidence unavailable.
food_allergens.csv,rau_den:sesame,status,unknown,,Conservative catalog policy,policy,applied_to_staging,Deliberately not marked absent; product-specific evidence unavailable.
food_allergens.csv,bi_dao:peanut,status,unknown,,Conservative catalog policy,policy,applied_to_staging,Deliberately not marked absent; product-specific evidence unavailable.
food_allergens.csv,bi_dao:tree_nut,status,unknown,,Conservative catalog policy,policy,applied_to_staging,Deliberately not marked absent; product-specific evidence unavailable.
food_allergens.csv,bi_dao:dairy,status,unknown,,Conservative catalog policy,policy,applied_to_staging,Deliberately not marked absent; product-specific evidence unavailable.
food_allergens.csv,bi_dao:egg,status,unknown,,Conservative catalog policy,policy,applied_to_staging,Deliberately not marked absent; product-specific evidence unavailable.
food_allergens.csv,bi_dao:soy,status,unknown,,Conservative catalog policy,policy,applied_to_staging,Deliberately not marked absent; product-specific evidence unavailable.
food_allergens.csv,bi_dao:wheat,status,unknown,,Conservative catalog policy,policy,applied_to_staging,Deliberately not marked absent; product-specific evidence unavailable.
food_allergens.csv,bi_dao:fish,status,unknown,,Conservative catalog policy,policy,applied_to_staging,Deliberately not marked absent; product-specific evidence unavailable.
food_allergens.csv,bi_dao:crustacean,status,unknown,,Conservative catalog policy,policy,applied_to_staging,Deliberately not marked absent; product-specific evidence unavailable.
food_allergens.csv,bi_dao:mollusc,status,unknown,,Conservative catalog policy,policy,applied_to_staging,Deliberately not marked absent; product-specific evidence unavailable.
food_allergens.csv,bi_dao:sesame,status,unknown,,Conservative catalog policy,policy,applied_to_staging,Deliberately not marked absent; product-specific evidence unavailable.
food_allergens.csv,bi_do:peanut,status,unknown,,Conservative catalog policy,policy,applied_to_staging,Deliberately not marked absent; product-specific evidence unavailable.
food_allergens.csv,bi_do:tree_nut,status,unknown,,Conservative catalog policy,policy,applied_to_staging,Deliberately not marked absent; product-specific evidence unavailable.
food_allergens.csv,bi_do:dairy,status,unknown,,Conservative catalog policy,policy,applied_to_staging,Deliberately not marked absent; product-specific evidence unavailable.
food_allergens.csv,bi_do:egg,status,unknown,,Conservative catalog policy,policy,applied_to_staging,Deliberately not marked absent; product-specific evidence unavailable.
food_allergens.csv,bi_do:soy,status,unknown,,Conservative catalog policy,policy,applied_to_staging,Deliberately not marked absent; product-specific evidence unavailable.
food_allergens.csv,bi_do:wheat,status,unknown,,Conservative catalog policy,policy,applied_to_staging,Deliberately not marked absent; product-specific evidence unavailable.
food_allergens.csv,bi_do:fish,status,unknown,,Conservative catalog policy,policy,applied_to_staging,Deliberately not marked absent; product-specific evidence unavailable.
food_allergens.csv,bi_do:crustacean,status,unknown,,Conservative catalog policy,policy,applied_to_staging,Deliberately not marked absent; product-specific evidence unavailable.
food_allergens.csv,bi_do:mollusc,status,unknown,,Conservative catalog policy,policy,applied_to_staging,Deliberately not marked absent; product-specific evidence unavailable.
food_allergens.csv,bi_do:sesame,status,unknown,,Conservative catalog policy,policy,applied_to_staging,Deliberately not marked absent; product-specific evidence unavailable.
food_allergens.csv,muop_huong:peanut,status,unknown,,Conservative catalog policy,policy,applied_to_staging,Deliberately not marked absent; product-specific evidence unavailable.
food_allergens.csv,muop_huong:tree_nut,status,unknown,,Conservative catalog policy,policy,applied_to_staging,Deliberately not marked absent; product-specific evidence unavailable.
food_allergens.csv,muop_huong:dairy,status,unknown,,Conservative catalog policy,policy,applied_to_staging,Deliberately not marked absent; product-specific evidence unavailable.
food_allergens.csv,muop_huong:egg,status,unknown,,Conservative catalog policy,policy,applied_to_staging,Deliberately not marked absent; product-specific evidence unavailable.
food_allergens.csv,muop_huong:soy,status,unknown,,Conservative catalog policy,policy,applied_to_staging,Deliberately not marked absent; product-specific evidence unavailable.
food_allergens.csv,muop_huong:wheat,status,unknown,,Conservative catalog policy,policy,applied_to_staging,Deliberately not marked absent; product-specific evidence unavailable.
food_allergens.csv,muop_huong:fish,status,unknown,,Conservative catalog policy,policy,applied_to_staging,Deliberately not marked absent; product-specific evidence unavailable.
food_allergens.csv,muop_huong:crustacean,status,unknown,,Conservative catalog policy,policy,applied_to_staging,Deliberately not marked absent; product-specific evidence unavailable.
food_allergens.csv,muop_huong:mollusc,status,unknown,,Conservative catalog policy,policy,applied_to_staging,Deliberately not marked absent; product-specific evidence unavailable.
food_allergens.csv,muop_huong:sesame,status,unknown,,Conservative catalog policy,policy,applied_to_staging,Deliberately not marked absent; product-specific evidence unavailable.
food_allergens.csv,su_su:peanut,status,unknown,,Conservative catalog policy,policy,applied_to_staging,Deliberately not marked absent; product-specific evidence unavailable.
food_allergens.csv,su_su:tree_nut,status,unknown,,Conservative catalog policy,policy,applied_to_staging,Deliberately not marked absent; product-specific evidence unavailable.
food_allergens.csv,su_su:dairy,status,unknown,,Conservative catalog policy,policy,applied_to_staging,Deliberately not marked absent; product-specific evidence unavailable.
food_allergens.csv,su_su:egg,status,unknown,,Conservative catalog policy,policy,applied_to_staging,Deliberately not marked absent; product-specific evidence unavailable.
food_allergens.csv,su_su:soy,status,unknown,,Conservative catalog policy,policy,applied_to_staging,Deliberately not marked absent; product-specific evidence unavailable.
food_allergens.csv,su_su:wheat,status,unknown,,Conservative catalog policy,policy,applied_to_staging,Deliberately not marked absent; product-specific evidence unavailable.
food_allergens.csv,su_su:fish,status,unknown,,Conservative catalog policy,policy,applied_to_staging,Deliberately not marked absent; product-specific evidence unavailable.
food_allergens.csv,su_su:crustacean,status,unknown,,Conservative catalog policy,policy,applied_to_staging,Deliberately not marked absent; product-specific evidence unavailable.
food_allergens.csv,su_su:mollusc,status,unknown,,Conservative catalog policy,policy,applied_to_staging,Deliberately not marked absent; product-specific evidence unavailable.
food_allergens.csv,su_su:sesame,status,unknown,,Conservative catalog policy,policy,applied_to_staging,Deliberately not marked absent; product-specific evidence unavailable.
food_allergens.csv,ca_chua:peanut,status,unknown,,Conservative catalog policy,policy,applied_to_staging,Deliberately not marked absent; product-specific evidence unavailable.
food_allergens.csv,ca_chua:tree_nut,status,unknown,,Conservative catalog policy,policy,applied_to_staging,Deliberately not marked absent; product-specific evidence unavailable.
food_allergens.csv,ca_chua:dairy,status,unknown,,Conservative catalog policy,policy,applied_to_staging,Deliberately not marked absent; product-specific evidence unavailable.
food_allergens.csv,ca_chua:egg,status,unknown,,Conservative catalog policy,policy,applied_to_staging,Deliberately not marked absent; product-specific evidence unavailable.
food_allergens.csv,ca_chua:soy,status,unknown,,Conservative catalog policy,policy,applied_to_staging,Deliberately not marked absent; product-specific evidence unavailable.
food_allergens.csv,ca_chua:wheat,status,unknown,,Conservative catalog policy,policy,applied_to_staging,Deliberately not marked absent; product-specific evidence unavailable.
food_allergens.csv,ca_chua:fish,status,unknown,,Conservative catalog policy,policy,applied_to_staging,Deliberately not marked absent; product-specific evidence unavailable.
food_allergens.csv,ca_chua:crustacean,status,unknown,,Conservative catalog policy,policy,applied_to_staging,Deliberately not marked absent; product-specific evidence unavailable.
food_allergens.csv,ca_chua:mollusc,status,unknown,,Conservative catalog policy,policy,applied_to_staging,Deliberately not marked absent; product-specific evidence unavailable.
food_allergens.csv,ca_chua:sesame,status,unknown,,Conservative catalog policy,policy,applied_to_staging,Deliberately not marked absent; product-specific evidence unavailable.
food_allergens.csv,ca_rot:peanut,status,unknown,,Conservative catalog policy,policy,applied_to_staging,Deliberately not marked absent; product-specific evidence unavailable.
food_allergens.csv,ca_rot:tree_nut,status,unknown,,Conservative catalog policy,policy,applied_to_staging,Deliberately not marked absent; product-specific evidence unavailable.
food_allergens.csv,ca_rot:dairy,status,unknown,,Conservative catalog policy,policy,applied_to_staging,Deliberately not marked absent; product-specific evidence unavailable.
food_allergens.csv,ca_rot:egg,status,unknown,,Conservative catalog policy,policy,applied_to_staging,Deliberately not marked absent; product-specific evidence unavailable.
food_allergens.csv,ca_rot:soy,status,unknown,,Conservative catalog policy,policy,applied_to_staging,Deliberately not marked absent; product-specific evidence unavailable.
food_allergens.csv,ca_rot:wheat,status,unknown,,Conservative catalog policy,policy,applied_to_staging,Deliberately not marked absent; product-specific evidence unavailable.
food_allergens.csv,ca_rot:fish,status,unknown,,Conservative catalog policy,policy,applied_to_staging,Deliberately not marked absent; product-specific evidence unavailable.
food_allergens.csv,ca_rot:crustacean,status,unknown,,Conservative catalog policy,policy,applied_to_staging,Deliberately not marked absent; product-specific evidence unavailable.
food_allergens.csv,ca_rot:mollusc,status,unknown,,Conservative catalog policy,policy,applied_to_staging,Deliberately not marked absent; product-specific evidence unavailable.
food_allergens.csv,ca_rot:sesame,status,unknown,,Conservative catalog policy,policy,applied_to_staging,Deliberately not marked absent; product-specific evidence unavailable.
food_allergens.csv,khoai_tay:peanut,status,unknown,,Conservative catalog policy,policy,applied_to_staging,Deliberately not marked absent; product-specific evidence unavailable.
food_allergens.csv,khoai_tay:tree_nut,status,unknown,,Conservative catalog policy,policy,applied_to_staging,Deliberately not marked absent; product-specific evidence unavailable.
food_allergens.csv,khoai_tay:dairy,status,unknown,,Conservative catalog policy,policy,applied_to_staging,Deliberately not marked absent; product-specific evidence unavailable.
food_allergens.csv,khoai_tay:egg,status,unknown,,Conservative catalog policy,policy,applied_to_staging,Deliberately not marked absent; product-specific evidence unavailable.
food_allergens.csv,khoai_tay:soy,status,unknown,,Conservative catalog policy,policy,applied_to_staging,Deliberately not marked absent; product-specific evidence unavailable.
food_allergens.csv,khoai_tay:wheat,status,unknown,,Conservative catalog policy,policy,applied_to_staging,Deliberately not marked absent; product-specific evidence unavailable.
food_allergens.csv,khoai_tay:fish,status,unknown,,Conservative catalog policy,policy,applied_to_staging,Deliberately not marked absent; product-specific evidence unavailable.
food_allergens.csv,khoai_tay:crustacean,status,unknown,,Conservative catalog policy,policy,applied_to_staging,Deliberately not marked absent; product-specific evidence unavailable.
food_allergens.csv,khoai_tay:mollusc,status,unknown,,Conservative catalog policy,policy,applied_to_staging,Deliberately not marked absent; product-specific evidence unavailable.
food_allergens.csv,khoai_tay:sesame,status,unknown,,Conservative catalog policy,policy,applied_to_staging,Deliberately not marked absent; product-specific evidence unavailable.
food_allergens.csv,dau_cove:peanut,status,unknown,,Conservative catalog policy,policy,applied_to_staging,Deliberately not marked absent; product-specific evidence unavailable.
food_allergens.csv,dau_cove:tree_nut,status,unknown,,Conservative catalog policy,policy,applied_to_staging,Deliberately not marked absent; product-specific evidence unavailable.
food_allergens.csv,dau_cove:dairy,status,unknown,,Conservative catalog policy,policy,applied_to_staging,Deliberately not marked absent; product-specific evidence unavailable.
food_allergens.csv,dau_cove:egg,status,unknown,,Conservative catalog policy,policy,applied_to_staging,Deliberately not marked absent; product-specific evidence unavailable.
food_allergens.csv,dau_cove:soy,status,unknown,,Conservative catalog policy,policy,applied_to_staging,Deliberately not marked absent; product-specific evidence unavailable.
food_allergens.csv,dau_cove:wheat,status,unknown,,Conservative catalog policy,policy,applied_to_staging,Deliberately not marked absent; product-specific evidence unavailable.
food_allergens.csv,dau_cove:fish,status,unknown,,Conservative catalog policy,policy,applied_to_staging,Deliberately not marked absent; product-specific evidence unavailable.
food_allergens.csv,dau_cove:crustacean,status,unknown,,Conservative catalog policy,policy,applied_to_staging,Deliberately not marked absent; product-specific evidence unavailable.
food_allergens.csv,dau_cove:mollusc,status,unknown,,Conservative catalog policy,policy,applied_to_staging,Deliberately not marked absent; product-specific evidence unavailable.
food_allergens.csv,dau_cove:sesame,status,unknown,,Conservative catalog policy,policy,applied_to_staging,Deliberately not marked absent; product-specific evidence unavailable.
food_allergens.csv,gia_do:peanut,status,unknown,,Conservative catalog policy,policy,applied_to_staging,Deliberately not marked absent; product-specific evidence unavailable.
food_allergens.csv,gia_do:tree_nut,status,unknown,,Conservative catalog policy,policy,applied_to_staging,Deliberately not marked absent; product-specific evidence unavailable.
food_allergens.csv,gia_do:dairy,status,unknown,,Conservative catalog policy,policy,applied_to_staging,Deliberately not marked absent; product-specific evidence unavailable.
food_allergens.csv,gia_do:egg,status,unknown,,Conservative catalog policy,policy,applied_to_staging,Deliberately not marked absent; product-specific evidence unavailable.
food_allergens.csv,gia_do:soy,status,unknown,,Conservative catalog policy,policy,applied_to_staging,Deliberately not marked absent; product-specific evidence unavailable.
food_allergens.csv,gia_do:wheat,status,unknown,,Conservative catalog policy,policy,applied_to_staging,Deliberately not marked absent; product-specific evidence unavailable.
food_allergens.csv,gia_do:fish,status,unknown,,Conservative catalog policy,policy,applied_to_staging,Deliberately not marked absent; product-specific evidence unavailable.
food_allergens.csv,gia_do:crustacean,status,unknown,,Conservative catalog policy,policy,applied_to_staging,Deliberately not marked absent; product-specific evidence unavailable.
food_allergens.csv,gia_do:mollusc,status,unknown,,Conservative catalog policy,policy,applied_to_staging,Deliberately not marked absent; product-specific evidence unavailable.
food_allergens.csv,gia_do:sesame,status,unknown,,Conservative catalog policy,policy,applied_to_staging,Deliberately not marked absent; product-specific evidence unavailable.
food_allergens.csv,nam_rom:peanut,status,unknown,,Conservative catalog policy,policy,applied_to_staging,Deliberately not marked absent; product-specific evidence unavailable.
food_allergens.csv,nam_rom:tree_nut,status,unknown,,Conservative catalog policy,policy,applied_to_staging,Deliberately not marked absent; product-specific evidence unavailable.
food_allergens.csv,nam_rom:dairy,status,unknown,,Conservative catalog policy,policy,applied_to_staging,Deliberately not marked absent; product-specific evidence unavailable.
food_allergens.csv,nam_rom:egg,status,unknown,,Conservative catalog policy,policy,applied_to_staging,Deliberately not marked absent; product-specific evidence unavailable.
food_allergens.csv,nam_rom:soy,status,unknown,,Conservative catalog policy,policy,applied_to_staging,Deliberately not marked absent; product-specific evidence unavailable.
food_allergens.csv,nam_rom:wheat,status,unknown,,Conservative catalog policy,policy,applied_to_staging,Deliberately not marked absent; product-specific evidence unavailable.
food_allergens.csv,nam_rom:fish,status,unknown,,Conservative catalog policy,policy,applied_to_staging,Deliberately not marked absent; product-specific evidence unavailable.
food_allergens.csv,nam_rom:crustacean,status,unknown,,Conservative catalog policy,policy,applied_to_staging,Deliberately not marked absent; product-specific evidence unavailable.
food_allergens.csv,nam_rom:mollusc,status,unknown,,Conservative catalog policy,policy,applied_to_staging,Deliberately not marked absent; product-specific evidence unavailable.
food_allergens.csv,nam_rom:sesame,status,unknown,,Conservative catalog policy,policy,applied_to_staging,Deliberately not marked absent; product-specific evidence unavailable.
food_allergens.csv,hanh_tay:peanut,status,unknown,,Conservative catalog policy,policy,applied_to_staging,Deliberately not marked absent; product-specific evidence unavailable.
food_allergens.csv,hanh_tay:tree_nut,status,unknown,,Conservative catalog policy,policy,applied_to_staging,Deliberately not marked absent; product-specific evidence unavailable.
food_allergens.csv,hanh_tay:dairy,status,unknown,,Conservative catalog policy,policy,applied_to_staging,Deliberately not marked absent; product-specific evidence unavailable.
food_allergens.csv,hanh_tay:egg,status,unknown,,Conservative catalog policy,policy,applied_to_staging,Deliberately not marked absent; product-specific evidence unavailable.
food_allergens.csv,hanh_tay:soy,status,unknown,,Conservative catalog policy,policy,applied_to_staging,Deliberately not marked absent; product-specific evidence unavailable.
food_allergens.csv,hanh_tay:wheat,status,unknown,,Conservative catalog policy,policy,applied_to_staging,Deliberately not marked absent; product-specific evidence unavailable.
food_allergens.csv,hanh_tay:fish,status,unknown,,Conservative catalog policy,policy,applied_to_staging,Deliberately not marked absent; product-specific evidence unavailable.
food_allergens.csv,hanh_tay:crustacean,status,unknown,,Conservative catalog policy,policy,applied_to_staging,Deliberately not marked absent; product-specific evidence unavailable.
food_allergens.csv,hanh_tay:mollusc,status,unknown,,Conservative catalog policy,policy,applied_to_staging,Deliberately not marked absent; product-specific evidence unavailable.
food_allergens.csv,hanh_tay:sesame,status,unknown,,Conservative catalog policy,policy,applied_to_staging,Deliberately not marked absent; product-specific evidence unavailable.
food_allergens.csv,hanh_la:peanut,status,unknown,,Conservative catalog policy,policy,applied_to_staging,Deliberately not marked absent; product-specific evidence unavailable.
food_allergens.csv,hanh_la:tree_nut,status,unknown,,Conservative catalog policy,policy,applied_to_staging,Deliberately not marked absent; product-specific evidence unavailable.
food_allergens.csv,hanh_la:dairy,status,unknown,,Conservative catalog policy,policy,applied_to_staging,Deliberately not marked absent; product-specific evidence unavailable.
food_allergens.csv,hanh_la:egg,status,unknown,,Conservative catalog policy,policy,applied_to_staging,Deliberately not marked absent; product-specific evidence unavailable.
food_allergens.csv,hanh_la:soy,status,unknown,,Conservative catalog policy,policy,applied_to_staging,Deliberately not marked absent; product-specific evidence unavailable.
food_allergens.csv,hanh_la:wheat,status,unknown,,Conservative catalog policy,policy,applied_to_staging,Deliberately not marked absent; product-specific evidence unavailable.
food_allergens.csv,hanh_la:fish,status,unknown,,Conservative catalog policy,policy,applied_to_staging,Deliberately not marked absent; product-specific evidence unavailable.
food_allergens.csv,hanh_la:crustacean,status,unknown,,Conservative catalog policy,policy,applied_to_staging,Deliberately not marked absent; product-specific evidence unavailable.
food_allergens.csv,hanh_la:mollusc,status,unknown,,Conservative catalog policy,policy,applied_to_staging,Deliberately not marked absent; product-specific evidence unavailable.
food_allergens.csv,hanh_la:sesame,status,unknown,,Conservative catalog policy,policy,applied_to_staging,Deliberately not marked absent; product-specific evidence unavailable.
food_allergens.csv,hanh_tim:peanut,status,unknown,,Conservative catalog policy,policy,applied_to_staging,Deliberately not marked absent; product-specific evidence unavailable.
food_allergens.csv,hanh_tim:tree_nut,status,unknown,,Conservative catalog policy,policy,applied_to_staging,Deliberately not marked absent; product-specific evidence unavailable.
food_allergens.csv,hanh_tim:dairy,status,unknown,,Conservative catalog policy,policy,applied_to_staging,Deliberately not marked absent; product-specific evidence unavailable.
food_allergens.csv,hanh_tim:egg,status,unknown,,Conservative catalog policy,policy,applied_to_staging,Deliberately not marked absent; product-specific evidence unavailable.
food_allergens.csv,hanh_tim:soy,status,unknown,,Conservative catalog policy,policy,applied_to_staging,Deliberately not marked absent; product-specific evidence unavailable.
food_allergens.csv,hanh_tim:wheat,status,unknown,,Conservative catalog policy,policy,applied_to_staging,Deliberately not marked absent; product-specific evidence unavailable.
food_allergens.csv,hanh_tim:fish,status,unknown,,Conservative catalog policy,policy,applied_to_staging,Deliberately not marked absent; product-specific evidence unavailable.
food_allergens.csv,hanh_tim:crustacean,status,unknown,,Conservative catalog policy,policy,applied_to_staging,Deliberately not marked absent; product-specific evidence unavailable.
food_allergens.csv,hanh_tim:mollusc,status,unknown,,Conservative catalog policy,policy,applied_to_staging,Deliberately not marked absent; product-specific evidence unavailable.
food_allergens.csv,hanh_tim:sesame,status,unknown,,Conservative catalog policy,policy,applied_to_staging,Deliberately not marked absent; product-specific evidence unavailable.
food_allergens.csv,toi:peanut,status,unknown,,Conservative catalog policy,policy,applied_to_staging,Deliberately not marked absent; product-specific evidence unavailable.
food_allergens.csv,toi:tree_nut,status,unknown,,Conservative catalog policy,policy,applied_to_staging,Deliberately not marked absent; product-specific evidence unavailable.
food_allergens.csv,toi:dairy,status,unknown,,Conservative catalog policy,policy,applied_to_staging,Deliberately not marked absent; product-specific evidence unavailable.
food_allergens.csv,toi:egg,status,unknown,,Conservative catalog policy,policy,applied_to_staging,Deliberately not marked absent; product-specific evidence unavailable.
food_allergens.csv,toi:soy,status,unknown,,Conservative catalog policy,policy,applied_to_staging,Deliberately not marked absent; product-specific evidence unavailable.
food_allergens.csv,toi:wheat,status,unknown,,Conservative catalog policy,policy,applied_to_staging,Deliberately not marked absent; product-specific evidence unavailable.
food_allergens.csv,toi:fish,status,unknown,,Conservative catalog policy,policy,applied_to_staging,Deliberately not marked absent; product-specific evidence unavailable.
food_allergens.csv,toi:crustacean,status,unknown,,Conservative catalog policy,policy,applied_to_staging,Deliberately not marked absent; product-specific evidence unavailable.
food_allergens.csv,toi:mollusc,status,unknown,,Conservative catalog policy,policy,applied_to_staging,Deliberately not marked absent; product-specific evidence unavailable.
food_allergens.csv,toi:sesame,status,unknown,,Conservative catalog policy,policy,applied_to_staging,Deliberately not marked absent; product-specific evidence unavailable.
food_allergens.csv,gung:peanut,status,unknown,,Conservative catalog policy,policy,applied_to_staging,Deliberately not marked absent; product-specific evidence unavailable.
food_allergens.csv,gung:tree_nut,status,unknown,,Conservative catalog policy,policy,applied_to_staging,Deliberately not marked absent; product-specific evidence unavailable.
food_allergens.csv,gung:dairy,status,unknown,,Conservative catalog policy,policy,applied_to_staging,Deliberately not marked absent; product-specific evidence unavailable.
food_allergens.csv,gung:egg,status,unknown,,Conservative catalog policy,policy,applied_to_staging,Deliberately not marked absent; product-specific evidence unavailable.
food_allergens.csv,gung:soy,status,unknown,,Conservative catalog policy,policy,applied_to_staging,Deliberately not marked absent; product-specific evidence unavailable.
food_allergens.csv,gung:wheat,status,unknown,,Conservative catalog policy,policy,applied_to_staging,Deliberately not marked absent; product-specific evidence unavailable.
food_allergens.csv,gung:fish,status,unknown,,Conservative catalog policy,policy,applied_to_staging,Deliberately not marked absent; product-specific evidence unavailable.
food_allergens.csv,gung:crustacean,status,unknown,,Conservative catalog policy,policy,applied_to_staging,Deliberately not marked absent; product-specific evidence unavailable.
food_allergens.csv,gung:mollusc,status,unknown,,Conservative catalog policy,policy,applied_to_staging,Deliberately not marked absent; product-specific evidence unavailable.
food_allergens.csv,gung:sesame,status,unknown,,Conservative catalog policy,policy,applied_to_staging,Deliberately not marked absent; product-specific evidence unavailable.
food_allergens.csv,sa:peanut,status,unknown,,Conservative catalog policy,policy,applied_to_staging,Deliberately not marked absent; product-specific evidence unavailable.
food_allergens.csv,sa:tree_nut,status,unknown,,Conservative catalog policy,policy,applied_to_staging,Deliberately not marked absent; product-specific evidence unavailable.
food_allergens.csv,sa:dairy,status,unknown,,Conservative catalog policy,policy,applied_to_staging,Deliberately not marked absent; product-specific evidence unavailable.
food_allergens.csv,sa:egg,status,unknown,,Conservative catalog policy,policy,applied_to_staging,Deliberately not marked absent; product-specific evidence unavailable.
food_allergens.csv,sa:soy,status,unknown,,Conservative catalog policy,policy,applied_to_staging,Deliberately not marked absent; product-specific evidence unavailable.
food_allergens.csv,sa:wheat,status,unknown,,Conservative catalog policy,policy,applied_to_staging,Deliberately not marked absent; product-specific evidence unavailable.
food_allergens.csv,sa:fish,status,unknown,,Conservative catalog policy,policy,applied_to_staging,Deliberately not marked absent; product-specific evidence unavailable.
food_allergens.csv,sa:crustacean,status,unknown,,Conservative catalog policy,policy,applied_to_staging,Deliberately not marked absent; product-specific evidence unavailable.
food_allergens.csv,sa:mollusc,status,unknown,,Conservative catalog policy,policy,applied_to_staging,Deliberately not marked absent; product-specific evidence unavailable.
food_allergens.csv,sa:sesame,status,unknown,,Conservative catalog policy,policy,applied_to_staging,Deliberately not marked absent; product-specific evidence unavailable.
food_allergens.csv,ot_hiem:peanut,status,unknown,,Conservative catalog policy,policy,applied_to_staging,Deliberately not marked absent; product-specific evidence unavailable.
food_allergens.csv,ot_hiem:tree_nut,status,unknown,,Conservative catalog policy,policy,applied_to_staging,Deliberately not marked absent; product-specific evidence unavailable.
food_allergens.csv,ot_hiem:dairy,status,unknown,,Conservative catalog policy,policy,applied_to_staging,Deliberately not marked absent; product-specific evidence unavailable.
food_allergens.csv,ot_hiem:egg,status,unknown,,Conservative catalog policy,policy,applied_to_staging,Deliberately not marked absent; product-specific evidence unavailable.
food_allergens.csv,ot_hiem:soy,status,unknown,,Conservative catalog policy,policy,applied_to_staging,Deliberately not marked absent; product-specific evidence unavailable.
food_allergens.csv,ot_hiem:wheat,status,unknown,,Conservative catalog policy,policy,applied_to_staging,Deliberately not marked absent; product-specific evidence unavailable.
food_allergens.csv,ot_hiem:fish,status,unknown,,Conservative catalog policy,policy,applied_to_staging,Deliberately not marked absent; product-specific evidence unavailable.
food_allergens.csv,ot_hiem:crustacean,status,unknown,,Conservative catalog policy,policy,applied_to_staging,Deliberately not marked absent; product-specific evidence unavailable.
food_allergens.csv,ot_hiem:mollusc,status,unknown,,Conservative catalog policy,policy,applied_to_staging,Deliberately not marked absent; product-specific evidence unavailable.
food_allergens.csv,ot_hiem:sesame,status,unknown,,Conservative catalog policy,policy,applied_to_staging,Deliberately not marked absent; product-specific evidence unavailable.
food_allergens.csv,rau_ngo:peanut,status,unknown,,Conservative catalog policy,policy,applied_to_staging,Deliberately not marked absent; product-specific evidence unavailable.
food_allergens.csv,rau_ngo:tree_nut,status,unknown,,Conservative catalog policy,policy,applied_to_staging,Deliberately not marked absent; product-specific evidence unavailable.
food_allergens.csv,rau_ngo:dairy,status,unknown,,Conservative catalog policy,policy,applied_to_staging,Deliberately not marked absent; product-specific evidence unavailable.
food_allergens.csv,rau_ngo:egg,status,unknown,,Conservative catalog policy,policy,applied_to_staging,Deliberately not marked absent; product-specific evidence unavailable.
food_allergens.csv,rau_ngo:soy,status,unknown,,Conservative catalog policy,policy,applied_to_staging,Deliberately not marked absent; product-specific evidence unavailable.
food_allergens.csv,rau_ngo:wheat,status,unknown,,Conservative catalog policy,policy,applied_to_staging,Deliberately not marked absent; product-specific evidence unavailable.
food_allergens.csv,rau_ngo:fish,status,unknown,,Conservative catalog policy,policy,applied_to_staging,Deliberately not marked absent; product-specific evidence unavailable.
food_allergens.csv,rau_ngo:crustacean,status,unknown,,Conservative catalog policy,policy,applied_to_staging,Deliberately not marked absent; product-specific evidence unavailable.
food_allergens.csv,rau_ngo:mollusc,status,unknown,,Conservative catalog policy,policy,applied_to_staging,Deliberately not marked absent; product-specific evidence unavailable.
food_allergens.csv,rau_ngo:sesame,status,unknown,,Conservative catalog policy,policy,applied_to_staging,Deliberately not marked absent; product-specific evidence unavailable.
food_allergens.csv,me_chua:peanut,status,unknown,,Conservative catalog policy,policy,applied_to_staging,Deliberately not marked absent; product-specific evidence unavailable.
food_allergens.csv,me_chua:tree_nut,status,unknown,,Conservative catalog policy,policy,applied_to_staging,Deliberately not marked absent; product-specific evidence unavailable.
food_allergens.csv,me_chua:dairy,status,unknown,,Conservative catalog policy,policy,applied_to_staging,Deliberately not marked absent; product-specific evidence unavailable.
food_allergens.csv,me_chua:egg,status,unknown,,Conservative catalog policy,policy,applied_to_staging,Deliberately not marked absent; product-specific evidence unavailable.
food_allergens.csv,me_chua:soy,status,unknown,,Conservative catalog policy,policy,applied_to_staging,Deliberately not marked absent; product-specific evidence unavailable.
food_allergens.csv,me_chua:wheat,status,unknown,,Conservative catalog policy,policy,applied_to_staging,Deliberately not marked absent; product-specific evidence unavailable.
food_allergens.csv,me_chua:fish,status,unknown,,Conservative catalog policy,policy,applied_to_staging,Deliberately not marked absent; product-specific evidence unavailable.
food_allergens.csv,me_chua:crustacean,status,unknown,,Conservative catalog policy,policy,applied_to_staging,Deliberately not marked absent; product-specific evidence unavailable.
food_allergens.csv,me_chua:mollusc,status,unknown,,Conservative catalog policy,policy,applied_to_staging,Deliberately not marked absent; product-specific evidence unavailable.
food_allergens.csv,me_chua:sesame,status,unknown,,Conservative catalog policy,policy,applied_to_staging,Deliberately not marked absent; product-specific evidence unavailable.
food_allergens.csv,nuoc_mam:peanut,status,unknown,,Conservative catalog policy,policy,applied_to_staging,Deliberately not marked absent; product-specific evidence unavailable.
food_allergens.csv,nuoc_mam:tree_nut,status,unknown,,Conservative catalog policy,policy,applied_to_staging,Deliberately not marked absent; product-specific evidence unavailable.
food_allergens.csv,nuoc_mam:dairy,status,unknown,,Conservative catalog policy,policy,applied_to_staging,Deliberately not marked absent; product-specific evidence unavailable.
food_allergens.csv,nuoc_mam:egg,status,unknown,,Conservative catalog policy,policy,applied_to_staging,Deliberately not marked absent; product-specific evidence unavailable.
food_allergens.csv,nuoc_mam:soy,status,unknown,,Conservative catalog policy,policy,applied_to_staging,Deliberately not marked absent; product-specific evidence unavailable.
food_allergens.csv,nuoc_mam:wheat,status,unknown,,Conservative catalog policy,policy,applied_to_staging,Deliberately not marked absent; product-specific evidence unavailable.
food_allergens.csv,nuoc_mam:fish,status,contains,https://food.ec.europa.eu/food-safety/campaign-2026/allergies_en,European Commission — Allergies,exact,applied_to_staging,Intrinsic ingredient/allergen identity mapping; no cross-contact inference.
food_allergens.csv,nuoc_mam:crustacean,status,unknown,,Conservative catalog policy,policy,applied_to_staging,Deliberately not marked absent; product-specific evidence unavailable.
food_allergens.csv,nuoc_mam:mollusc,status,unknown,,Conservative catalog policy,policy,applied_to_staging,Deliberately not marked absent; product-specific evidence unavailable.
food_allergens.csv,nuoc_mam:sesame,status,unknown,,Conservative catalog policy,policy,applied_to_staging,Deliberately not marked absent; product-specific evidence unavailable.
food_allergens.csv,nuoc_tuong:peanut,status,unknown,,Conservative catalog policy,policy,applied_to_staging,Deliberately not marked absent; product-specific evidence unavailable.
food_allergens.csv,nuoc_tuong:tree_nut,status,unknown,,Conservative catalog policy,policy,applied_to_staging,Deliberately not marked absent; product-specific evidence unavailable.
food_allergens.csv,nuoc_tuong:dairy,status,unknown,,Conservative catalog policy,policy,applied_to_staging,Deliberately not marked absent; product-specific evidence unavailable.
food_allergens.csv,nuoc_tuong:egg,status,unknown,,Conservative catalog policy,policy,applied_to_staging,Deliberately not marked absent; product-specific evidence unavailable.
food_allergens.csv,nuoc_tuong:soy,status,contains,https://food.ec.europa.eu/food-safety/campaign-2026/allergies_en,European Commission — Allergies,exact,applied_to_staging,Intrinsic ingredient/allergen identity mapping; no cross-contact inference.
food_allergens.csv,nuoc_tuong:wheat,status,unknown,,Conservative catalog policy,policy,applied_to_staging,Deliberately not marked absent; product-specific evidence unavailable.
food_allergens.csv,nuoc_tuong:fish,status,unknown,,Conservative catalog policy,policy,applied_to_staging,Deliberately not marked absent; product-specific evidence unavailable.
food_allergens.csv,nuoc_tuong:crustacean,status,unknown,,Conservative catalog policy,policy,applied_to_staging,Deliberately not marked absent; product-specific evidence unavailable.
food_allergens.csv,nuoc_tuong:mollusc,status,unknown,,Conservative catalog policy,policy,applied_to_staging,Deliberately not marked absent; product-specific evidence unavailable.
food_allergens.csv,nuoc_tuong:sesame,status,unknown,,Conservative catalog policy,policy,applied_to_staging,Deliberately not marked absent; product-specific evidence unavailable.
food_allergens.csv,dau_an:peanut,status,unknown,,Conservative catalog policy,policy,applied_to_staging,Deliberately not marked absent; product-specific evidence unavailable.
food_allergens.csv,dau_an:tree_nut,status,unknown,,Conservative catalog policy,policy,applied_to_staging,Deliberately not marked absent; product-specific evidence unavailable.
food_allergens.csv,dau_an:dairy,status,unknown,,Conservative catalog policy,policy,applied_to_staging,Deliberately not marked absent; product-specific evidence unavailable.
food_allergens.csv,dau_an:egg,status,unknown,,Conservative catalog policy,policy,applied_to_staging,Deliberately not marked absent; product-specific evidence unavailable.
food_allergens.csv,dau_an:soy,status,unknown,,Conservative catalog policy,policy,applied_to_staging,Deliberately not marked absent; product-specific evidence unavailable.
food_allergens.csv,dau_an:wheat,status,unknown,,Conservative catalog policy,policy,applied_to_staging,Deliberately not marked absent; product-specific evidence unavailable.
food_allergens.csv,dau_an:fish,status,unknown,,Conservative catalog policy,policy,applied_to_staging,Deliberately not marked absent; product-specific evidence unavailable.
food_allergens.csv,dau_an:crustacean,status,unknown,,Conservative catalog policy,policy,applied_to_staging,Deliberately not marked absent; product-specific evidence unavailable.
food_allergens.csv,dau_an:mollusc,status,unknown,,Conservative catalog policy,policy,applied_to_staging,Deliberately not marked absent; product-specific evidence unavailable.
food_allergens.csv,dau_an:sesame,status,unknown,,Conservative catalog policy,policy,applied_to_staging,Deliberately not marked absent; product-specific evidence unavailable.
food_allergens.csv,muoi:peanut,status,unknown,,Conservative catalog policy,policy,applied_to_staging,Deliberately not marked absent; product-specific evidence unavailable.
food_allergens.csv,muoi:tree_nut,status,unknown,,Conservative catalog policy,policy,applied_to_staging,Deliberately not marked absent; product-specific evidence unavailable.
food_allergens.csv,muoi:dairy,status,unknown,,Conservative catalog policy,policy,applied_to_staging,Deliberately not marked absent; product-specific evidence unavailable.
food_allergens.csv,muoi:egg,status,unknown,,Conservative catalog policy,policy,applied_to_staging,Deliberately not marked absent; product-specific evidence unavailable.
food_allergens.csv,muoi:soy,status,unknown,,Conservative catalog policy,policy,applied_to_staging,Deliberately not marked absent; product-specific evidence unavailable.
food_allergens.csv,muoi:wheat,status,unknown,,Conservative catalog policy,policy,applied_to_staging,Deliberately not marked absent; product-specific evidence unavailable.
food_allergens.csv,muoi:fish,status,unknown,,Conservative catalog policy,policy,applied_to_staging,Deliberately not marked absent; product-specific evidence unavailable.
food_allergens.csv,muoi:crustacean,status,unknown,,Conservative catalog policy,policy,applied_to_staging,Deliberately not marked absent; product-specific evidence unavailable.
food_allergens.csv,muoi:mollusc,status,unknown,,Conservative catalog policy,policy,applied_to_staging,Deliberately not marked absent; product-specific evidence unavailable.
food_allergens.csv,muoi:sesame,status,unknown,,Conservative catalog policy,policy,applied_to_staging,Deliberately not marked absent; product-specific evidence unavailable.
food_allergens.csv,duong_cat:peanut,status,unknown,,Conservative catalog policy,policy,applied_to_staging,Deliberately not marked absent; product-specific evidence unavailable.
food_allergens.csv,duong_cat:tree_nut,status,unknown,,Conservative catalog policy,policy,applied_to_staging,Deliberately not marked absent; product-specific evidence unavailable.
food_allergens.csv,duong_cat:dairy,status,unknown,,Conservative catalog policy,policy,applied_to_staging,Deliberately not marked absent; product-specific evidence unavailable.
food_allergens.csv,duong_cat:egg,status,unknown,,Conservative catalog policy,policy,applied_to_staging,Deliberately not marked absent; product-specific evidence unavailable.
food_allergens.csv,duong_cat:soy,status,unknown,,Conservative catalog policy,policy,applied_to_staging,Deliberately not marked absent; product-specific evidence unavailable.
food_allergens.csv,duong_cat:wheat,status,unknown,,Conservative catalog policy,policy,applied_to_staging,Deliberately not marked absent; product-specific evidence unavailable.
food_allergens.csv,duong_cat:fish,status,unknown,,Conservative catalog policy,policy,applied_to_staging,Deliberately not marked absent; product-specific evidence unavailable.
food_allergens.csv,duong_cat:crustacean,status,unknown,,Conservative catalog policy,policy,applied_to_staging,Deliberately not marked absent; product-specific evidence unavailable.
food_allergens.csv,duong_cat:mollusc,status,unknown,,Conservative catalog policy,policy,applied_to_staging,Deliberately not marked absent; product-specific evidence unavailable.
food_allergens.csv,duong_cat:sesame,status,unknown,,Conservative catalog policy,policy,applied_to_staging,Deliberately not marked absent; product-specific evidence unavailable.
food_allergens.csv,tieu_xay:peanut,status,unknown,,Conservative catalog policy,policy,applied_to_staging,Deliberately not marked absent; product-specific evidence unavailable.
food_allergens.csv,tieu_xay:tree_nut,status,unknown,,Conservative catalog policy,policy,applied_to_staging,Deliberately not marked absent; product-specific evidence unavailable.
food_allergens.csv,tieu_xay:dairy,status,unknown,,Conservative catalog policy,policy,applied_to_staging,Deliberately not marked absent; product-specific evidence unavailable.
food_allergens.csv,tieu_xay:egg,status,unknown,,Conservative catalog policy,policy,applied_to_staging,Deliberately not marked absent; product-specific evidence unavailable.
food_allergens.csv,tieu_xay:soy,status,unknown,,Conservative catalog policy,policy,applied_to_staging,Deliberately not marked absent; product-specific evidence unavailable.
food_allergens.csv,tieu_xay:wheat,status,unknown,,Conservative catalog policy,policy,applied_to_staging,Deliberately not marked absent; product-specific evidence unavailable.
food_allergens.csv,tieu_xay:fish,status,unknown,,Conservative catalog policy,policy,applied_to_staging,Deliberately not marked absent; product-specific evidence unavailable.
food_allergens.csv,tieu_xay:crustacean,status,unknown,,Conservative catalog policy,policy,applied_to_staging,Deliberately not marked absent; product-specific evidence unavailable.
food_allergens.csv,tieu_xay:mollusc,status,unknown,,Conservative catalog policy,policy,applied_to_staging,Deliberately not marked absent; product-specific evidence unavailable.
food_allergens.csv,tieu_xay:sesame,status,unknown,,Conservative catalog policy,policy,applied_to_staging,Deliberately not marked absent; product-specific evidence unavailable.
food_allergens.csv,hat_nem:peanut,status,unknown,,Conservative catalog policy,policy,applied_to_staging,Deliberately not marked absent; product-specific evidence unavailable.
food_allergens.csv,hat_nem:tree_nut,status,unknown,,Conservative catalog policy,policy,applied_to_staging,Deliberately not marked absent; product-specific evidence unavailable.
food_allergens.csv,hat_nem:dairy,status,unknown,,Conservative catalog policy,policy,applied_to_staging,Deliberately not marked absent; product-specific evidence unavailable.
food_allergens.csv,hat_nem:egg,status,unknown,,Conservative catalog policy,policy,applied_to_staging,Deliberately not marked absent; product-specific evidence unavailable.
food_allergens.csv,hat_nem:soy,status,unknown,,Conservative catalog policy,policy,applied_to_staging,Deliberately not marked absent; product-specific evidence unavailable.
food_allergens.csv,hat_nem:wheat,status,unknown,,Conservative catalog policy,policy,applied_to_staging,Deliberately not marked absent; product-specific evidence unavailable.
food_allergens.csv,hat_nem:fish,status,unknown,,Conservative catalog policy,policy,applied_to_staging,Deliberately not marked absent; product-specific evidence unavailable.
food_allergens.csv,hat_nem:crustacean,status,unknown,,Conservative catalog policy,policy,applied_to_staging,Deliberately not marked absent; product-specific evidence unavailable.
food_allergens.csv,hat_nem:mollusc,status,unknown,,Conservative catalog policy,policy,applied_to_staging,Deliberately not marked absent; product-specific evidence unavailable.
food_allergens.csv,hat_nem:sesame,status,unknown,,Conservative catalog policy,policy,applied_to_staging,Deliberately not marked absent; product-specific evidence unavailable.
food_conversions.csv,ga_ta,displayStep,5,,Catalog UI policy,policy,applied_to_staging,5 g/ml display step; 1 item for count units.
food_conversions.csv,ga_ta,provenance,SI identity,,SI unit definition,definition,applied_to_staging,No web research needed for 1 g = 1 g identity.
food_conversions.csv,thit_ba_chi,displayStep,5,,Catalog UI policy,policy,applied_to_staging,5 g/ml display step; 1 item for count units.
food_conversions.csv,thit_ba_chi,provenance,SI identity,,SI unit definition,definition,applied_to_staging,No web research needed for 1 g = 1 g identity.
food_conversions.csv,thit_nac_vai,displayStep,5,,Catalog UI policy,policy,applied_to_staging,5 g/ml display step; 1 item for count units.
food_conversions.csv,thit_nac_vai,provenance,SI identity,,SI unit definition,definition,applied_to_staging,No web research needed for 1 g = 1 g identity.
food_conversions.csv,suon_heo,displayStep,5,,Catalog UI policy,policy,applied_to_staging,5 g/ml display step; 1 item for count units.
food_conversions.csv,suon_heo,provenance,SI identity,,SI unit definition,definition,applied_to_staging,No web research needed for 1 g = 1 g identity.
food_conversions.csv,thit_bo_bap,displayStep,5,,Catalog UI policy,policy,applied_to_staging,5 g/ml display step; 1 item for count units.
food_conversions.csv,thit_bo_bap,provenance,SI identity,,SI unit definition,definition,applied_to_staging,No web research needed for 1 g = 1 g identity.
food_conversions.csv,thit_bo_xay,displayStep,5,,Catalog UI policy,policy,applied_to_staging,5 g/ml display step; 1 item for count units.
food_conversions.csv,thit_bo_xay,provenance,SI identity,,SI unit definition,definition,applied_to_staging,No web research needed for 1 g = 1 g identity.
food_conversions.csv,ca_loc,displayStep,5,,Catalog UI policy,policy,applied_to_staging,5 g/ml display step; 1 item for count units.
food_conversions.csv,ca_loc,provenance,SI identity,,SI unit definition,definition,applied_to_staging,No web research needed for 1 g = 1 g identity.
food_conversions.csv,ca_basa,displayStep,5,,Catalog UI policy,policy,applied_to_staging,5 g/ml display step; 1 item for count units.
food_conversions.csv,ca_basa,provenance,SI identity,,SI unit definition,definition,applied_to_staging,No web research needed for 1 g = 1 g identity.
food_conversions.csv,ca_nuc,displayStep,5,,Catalog UI policy,policy,applied_to_staging,5 g/ml display step; 1 item for count units.
food_conversions.csv,ca_nuc,provenance,SI identity,,SI unit definition,definition,applied_to_staging,No web research needed for 1 g = 1 g identity.
food_conversions.csv,tom_the,displayStep,5,,Catalog UI policy,policy,applied_to_staging,5 g/ml display step; 1 item for count units.
food_conversions.csv,tom_the,provenance,SI identity,,SI unit definition,definition,applied_to_staging,No web research needed for 1 g = 1 g identity.
food_conversions.csv,muc_ong,displayStep,5,,Catalog UI policy,policy,applied_to_staging,5 g/ml display step; 1 item for count units.
food_conversions.csv,muc_ong,provenance,SI identity,,SI unit definition,definition,applied_to_staging,No web research needed for 1 g = 1 g identity.
food_conversions.csv,trung_ga,displayStep,1,,Catalog UI policy,policy,applied_to_staging,5 g/ml display step; 1 item for count units.
food_conversions.csv,trung_ga,grossGramsPerUnit,56.7,https://www.ams.usda.gov/sites/default/files/media/Egg%20Grading%20Manual.pdf,USDA Egg Grading Manual,exact,applied_to_staging,US large class: 24 oz/dozen => 56.7 g/egg gross shell weight.
food_conversions.csv,dau_hu_trang,displayStep,5,,Catalog UI policy,policy,applied_to_staging,5 g/ml display step; 1 item for count units.
food_conversions.csv,dau_hu_trang,provenance,SI identity,,SI unit definition,definition,applied_to_staging,No web research needed for 1 g = 1 g identity.
food_conversions.csv,gao_te,displayStep,5,,Catalog UI policy,policy,applied_to_staging,5 g/ml display step; 1 item for count units.
food_conversions.csv,gao_te,provenance,SI identity,,SI unit definition,definition,applied_to_staging,No web research needed for 1 g = 1 g identity.
food_conversions.csv,rau_muong,displayStep,5,,Catalog UI policy,policy,applied_to_staging,5 g/ml display step; 1 item for count units.
food_conversions.csv,rau_muong,provenance,SI identity,,SI unit definition,definition,applied_to_staging,No web research needed for 1 g = 1 g identity.
food_conversions.csv,cai_ngot,displayStep,5,,Catalog UI policy,policy,applied_to_staging,5 g/ml display step; 1 item for count units.
food_conversions.csv,cai_ngot,provenance,SI identity,,SI unit definition,definition,applied_to_staging,No web research needed for 1 g = 1 g identity.
food_conversions.csv,cai_thao,displayStep,5,,Catalog UI policy,policy,applied_to_staging,5 g/ml display step; 1 item for count units.
food_conversions.csv,cai_thao,provenance,SI identity,,SI unit definition,definition,applied_to_staging,No web research needed for 1 g = 1 g identity.
food_conversions.csv,bap_cai,displayStep,5,,Catalog UI policy,policy,applied_to_staging,5 g/ml display step; 1 item for count units.
food_conversions.csv,bap_cai,provenance,SI identity,,SI unit definition,definition,applied_to_staging,No web research needed for 1 g = 1 g identity.
food_conversions.csv,rau_den,displayStep,5,,Catalog UI policy,policy,applied_to_staging,5 g/ml display step; 1 item for count units.
food_conversions.csv,rau_den,provenance,SI identity,,SI unit definition,definition,applied_to_staging,No web research needed for 1 g = 1 g identity.
food_conversions.csv,bi_dao,displayStep,5,,Catalog UI policy,policy,applied_to_staging,5 g/ml display step; 1 item for count units.
food_conversions.csv,bi_dao,provenance,SI identity,,SI unit definition,definition,applied_to_staging,No web research needed for 1 g = 1 g identity.
food_conversions.csv,bi_do,displayStep,5,,Catalog UI policy,policy,applied_to_staging,5 g/ml display step; 1 item for count units.
food_conversions.csv,bi_do,provenance,SI identity,,SI unit definition,definition,applied_to_staging,No web research needed for 1 g = 1 g identity.
food_conversions.csv,muop_huong,displayStep,5,,Catalog UI policy,policy,applied_to_staging,5 g/ml display step; 1 item for count units.
food_conversions.csv,muop_huong,provenance,SI identity,,SI unit definition,definition,applied_to_staging,No web research needed for 1 g = 1 g identity.
food_conversions.csv,su_su,displayStep,5,,Catalog UI policy,policy,applied_to_staging,5 g/ml display step; 1 item for count units.
food_conversions.csv,su_su,provenance,SI identity,,SI unit definition,definition,applied_to_staging,No web research needed for 1 g = 1 g identity.
food_conversions.csv,ca_chua,displayStep,5,,Catalog UI policy,policy,applied_to_staging,5 g/ml display step; 1 item for count units.
food_conversions.csv,ca_chua,provenance,SI identity,,SI unit definition,definition,applied_to_staging,No web research needed for 1 g = 1 g identity.
food_conversions.csv,ca_rot,displayStep,5,,Catalog UI policy,policy,applied_to_staging,5 g/ml display step; 1 item for count units.
food_conversions.csv,ca_rot,provenance,SI identity,,SI unit definition,definition,applied_to_staging,No web research needed for 1 g = 1 g identity.
food_conversions.csv,khoai_tay,displayStep,5,,Catalog UI policy,policy,applied_to_staging,5 g/ml display step; 1 item for count units.
food_conversions.csv,khoai_tay,provenance,SI identity,,SI unit definition,definition,applied_to_staging,No web research needed for 1 g = 1 g identity.
food_conversions.csv,dau_cove,displayStep,5,,Catalog UI policy,policy,applied_to_staging,5 g/ml display step; 1 item for count units.
food_conversions.csv,dau_cove,provenance,SI identity,,SI unit definition,definition,applied_to_staging,No web research needed for 1 g = 1 g identity.
food_conversions.csv,gia_do,displayStep,5,,Catalog UI policy,policy,applied_to_staging,5 g/ml display step; 1 item for count units.
food_conversions.csv,gia_do,provenance,SI identity,,SI unit definition,definition,applied_to_staging,No web research needed for 1 g = 1 g identity.
food_conversions.csv,nam_rom,displayStep,5,,Catalog UI policy,policy,applied_to_staging,5 g/ml display step; 1 item for count units.
food_conversions.csv,nam_rom,provenance,SI identity,,SI unit definition,definition,applied_to_staging,No web research needed for 1 g = 1 g identity.
food_conversions.csv,hanh_tay,displayStep,5,,Catalog UI policy,policy,applied_to_staging,5 g/ml display step; 1 item for count units.
food_conversions.csv,hanh_tay,provenance,SI identity,,SI unit definition,definition,applied_to_staging,No web research needed for 1 g = 1 g identity.
food_conversions.csv,hanh_la,displayStep,5,,Catalog UI policy,policy,applied_to_staging,5 g/ml display step; 1 item for count units.
food_conversions.csv,hanh_la,provenance,SI identity,,SI unit definition,definition,applied_to_staging,No web research needed for 1 g = 1 g identity.
food_conversions.csv,hanh_tim,displayStep,5,,Catalog UI policy,policy,applied_to_staging,5 g/ml display step; 1 item for count units.
food_conversions.csv,hanh_tim,provenance,SI identity,,SI unit definition,definition,applied_to_staging,No web research needed for 1 g = 1 g identity.
food_conversions.csv,toi,displayStep,5,,Catalog UI policy,policy,applied_to_staging,5 g/ml display step; 1 item for count units.
food_conversions.csv,toi,provenance,SI identity,,SI unit definition,definition,applied_to_staging,No web research needed for 1 g = 1 g identity.
food_conversions.csv,gung,displayStep,5,,Catalog UI policy,policy,applied_to_staging,5 g/ml display step; 1 item for count units.
food_conversions.csv,gung,provenance,SI identity,,SI unit definition,definition,applied_to_staging,No web research needed for 1 g = 1 g identity.
food_conversions.csv,sa,displayStep,5,,Catalog UI policy,policy,applied_to_staging,5 g/ml display step; 1 item for count units.
food_conversions.csv,sa,provenance,SI identity,,SI unit definition,definition,applied_to_staging,No web research needed for 1 g = 1 g identity.
food_conversions.csv,ot_hiem,displayStep,5,,Catalog UI policy,policy,applied_to_staging,5 g/ml display step; 1 item for count units.
food_conversions.csv,ot_hiem,provenance,SI identity,,SI unit definition,definition,applied_to_staging,No web research needed for 1 g = 1 g identity.
food_conversions.csv,rau_ngo,displayStep,5,,Catalog UI policy,policy,applied_to_staging,5 g/ml display step; 1 item for count units.
food_conversions.csv,rau_ngo,provenance,SI identity,,SI unit definition,definition,applied_to_staging,No web research needed for 1 g = 1 g identity.
food_conversions.csv,me_chua,displayStep,5,,Catalog UI policy,policy,applied_to_staging,5 g/ml display step; 1 item for count units.
food_conversions.csv,me_chua,provenance,SI identity,,SI unit definition,definition,applied_to_staging,No web research needed for 1 g = 1 g identity.
food_conversions.csv,nuoc_mam,displayStep,5,,Catalog UI policy,policy,applied_to_staging,5 g/ml display step; 1 item for count units.
food_conversions.csv,nuoc_mam,grossGramsPerUnit,1.21,https://www.ncbi.nlm.nih.gov/books/NBK234680,National Research Council / NCBI,exact,applied_to_staging,Specific gravity 1.21; interpreted as 1.21 g/mL.
food_conversions.csv,nuoc_tuong,displayStep,5,,Catalog UI policy,policy,applied_to_staging,5 g/ml display step; 1 item for count units.
food_conversions.csv,nuoc_tuong,grossGramsPerUnit,1.12,https://www.fao.org/4/ap815e/ap815e.pdf,FAO/INFOODS Density Database v2.0,exact,applied_to_staging,"Sauce, soy density 1.12 g/mL."
food_conversions.csv,dau_an,displayStep,5,,Catalog UI policy,policy,applied_to_staging,5 g/ml display step; 1 item for count units.
food_conversions.csv,dau_an,grossGramsPerUnit,0.92,https://www.fao.org/input/download/standards/336/CXS_210e_2015.pdf,FAO/Codex Standard for Named Vegetable Oils,exact,applied_to_staging,Representative catalog conversion within Codex apparent-density range for common edible oils; exact oil varies.
food_conversions.csv,muoi,displayStep,5,,Catalog UI policy,policy,applied_to_staging,5 g/ml display step; 1 item for count units.
food_conversions.csv,muoi,provenance,SI identity,,SI unit definition,definition,applied_to_staging,No web research needed for 1 g = 1 g identity.
food_conversions.csv,duong_cat,displayStep,5,,Catalog UI policy,policy,applied_to_staging,5 g/ml display step; 1 item for count units.
food_conversions.csv,duong_cat,provenance,SI identity,,SI unit definition,definition,applied_to_staging,No web research needed for 1 g = 1 g identity.
food_conversions.csv,tieu_xay,displayStep,5,,Catalog UI policy,policy,applied_to_staging,5 g/ml display step; 1 item for count units.
food_conversions.csv,tieu_xay,provenance,SI identity,,SI unit definition,definition,applied_to_staging,No web research needed for 1 g = 1 g identity.
food_conversions.csv,hat_nem,displayStep,5,,Catalog UI policy,policy,applied_to_staging,5 g/ml display step; 1 item for count units.
food_conversions.csv,hat_nem,provenance,SI identity,,SI unit definition,definition,applied_to_staging,No web research needed for 1 g = 1 g identity.
recipes.csv,ga_kho_gung,yieldAdultEquivalent,6,https://getvanvan.com/blogs/recipes/ga-kho-gung,,exact,applied,source-stated servings/yield
recipes.csv,ga_chien_nuoc_mam,yieldAdultEquivalent,4,https://bunbobae.com/vietnamese-fish-sauce-glazed-chicken-wings-canh-ga-chien-nuoc-mam,,exact,applied,source-stated servings/yield
recipes.csv,ga_chien_nuoc_mam,activeMinutes,20,https://bunbobae.com/vietnamese-fish-sauce-glazed-chicken-wings-canh-ga-chien-nuoc-mam,,exact,applied,source-stated prep/active time
recipes.csv,ga_chien_nuoc_mam,elapsedMinutes,40,https://bunbobae.com/vietnamese-fish-sauce-glazed-chicken-wings-canh-ga-chien-nuoc-mam,,exact,applied,source-stated total/elapsed time
recipes.csv,ga_xao_sa_ot,yieldAdultEquivalent,3,https://delightfulplate.com/vietnamese-lemongrass-chicken-stir-fry-ga-xao-sa-ot,,exact,applied,source-stated servings/yield
recipes.csv,ga_xao_sa_ot,activeMinutes,15,https://delightfulplate.com/vietnamese-lemongrass-chicken-stir-fry-ga-xao-sa-ot,,exact,applied,source-stated prep/active time
recipes.csv,ga_xao_sa_ot,elapsedMinutes,30,https://delightfulplate.com/vietnamese-lemongrass-chicken-stir-fry-ga-xao-sa-ot,,exact,applied,source-stated total/elapsed time
recipes.csv,thit_xao_dau_cove,yieldAdultEquivalent,4,https://www.dienmayxanh.com/vao-bep/cach-lam-dau-que-xao-thit-heo-xanh-muot-gion-ngon-kho-cuong-11536,,exact,applied,source-stated servings/yield
recipes.csv,thit_xao_dau_cove,activeMinutes,10,https://www.dienmayxanh.com/vao-bep/cach-lam-dau-que-xao-thit-heo-xanh-muot-gion-ngon-kho-cuong-11536,,exact,applied,source-stated prep/active time
recipes.csv,thit_xao_dau_cove,elapsedMinutes,35,https://www.dienmayxanh.com/vao-bep/cach-lam-dau-que-xao-thit-heo-xanh-muot-gion-ngon-kho-cuong-11536,,exact,applied,source-stated total/elapsed time
recipes.csv,bo_xao_hanh_tay,yieldAdultEquivalent,4,https://www.cet.edu.vn/cach-lam-mon-thit-bo-xao-hanh-tay,,exact,applied,source-stated servings/yield
recipes.csv,tom_rim_man,yieldAdultEquivalent,6,https://www.wokandkin.com/tom-rim,,exact,applied,source-stated servings/yield
recipes.csv,tom_rim_man,activeMinutes,30,https://www.wokandkin.com/tom-rim,,exact,applied,source-stated prep/active time
recipes.csv,tom_rim_man,elapsedMinutes,65,https://www.wokandkin.com/tom-rim,,exact,applied,source-stated total/elapsed time
recipes.csv,su_su_xao_ca_rot,yieldAdultEquivalent,6,https://www.dienmayxanh.com/vao-bep/cach-lam-su-su-xao-ca-rot-don-gian-thanh-dam-cho-bua-com-gia-11740,,exact,applied,source-stated servings/yield
recipes.csv,canh_chua_ca_loc,yieldAdultEquivalent,4,https://www.dienmayxanh.com/vao-bep/cach-nau-canh-chua-ca-loc-chuan-nhat-ngon-00828,,exact,applied,source-stated servings/yield
recipes.csv,canh_chua_ca_loc,activeMinutes,10,https://www.dienmayxanh.com/vao-bep/cach-nau-canh-chua-ca-loc-chuan-nhat-ngon-00828,,exact,applied,source-stated prep/active time
recipes.csv,canh_chua_ca_loc,elapsedMinutes,40,https://www.dienmayxanh.com/vao-bep/cach-nau-canh-chua-ca-loc-chuan-nhat-ngon-00828,,exact,applied,source-stated total/elapsed time
recipes.csv,canh_cai_thao_thit,yieldAdultEquivalent,2,https://www.dienmayxanh.com/vao-bep/cach-nau-canh-cai-thao-thit-bam-thom-ngon-thanh-dam-chi-voi-11806,,exact,applied,source-stated servings/yield
recipe_ingredients.csv,ga_kho_gung|nuoc_mam,quantity,30,https://getvanvan.com/blogs/recipes/ga-kho-gung,,exact,applied,2 tbsp converted at 15 ml/tbsp
recipe_ingredients.csv,ga_chien_nuoc_mam|ga_ta,quantity,1360.8,https://bunbobae.com/vietnamese-fish-sauce-glazed-chicken-wings-canh-ga-chien-nuoc-mam,,exact,applied,3 lb chicken wings converted to grams
recipe_ingredients.csv,ga_chien_nuoc_mam|nuoc_mam,quantity,45,https://bunbobae.com/vietnamese-fish-sauce-glazed-chicken-wings-canh-ga-chien-nuoc-mam,,exact,applied,3 tbsp converted at 15 ml/tbsp
recipe_ingredients.csv,ga_chien_nuoc_mam|dau_an,quantity,1182.9,https://bunbobae.com/vietnamese-fish-sauce-glazed-chicken-wings-canh-ga-chien-nuoc-mam,,exact,applied,5 US cups frying oil converted to ml
recipe_ingredients.csv,ga_xao_sa_ot|ga_ta,quantity,450,https://delightfulplate.com/vietnamese-lemongrass-chicken-stir-fry-ga-xao-sa-ot,,exact,applied,source states about 450 g chicken thighs
recipe_ingredients.csv,ga_xao_sa_ot|nuoc_mam,quantity,5,https://delightfulplate.com/vietnamese-lemongrass-chicken-stir-fry-ga-xao-sa-ot,,exact,applied,1 tsp converted at 5 ml/tsp
recipe_ingredients.csv,ga_xao_sa_ot|dau_an,quantity,10,https://delightfulplate.com/vietnamese-lemongrass-chicken-stir-fry-ga-xao-sa-ot,,exact,applied,"2 tsp explicitly measured; source also says additional oil for stir-frying, not quantified"
recipe_ingredients.csv,ga_kho_nam|ga_ta,quantity,1000,https://vtcnews.vn/cach-lam-ga-kho-nam-ngon-mem-don-gian-ar913467.html,,exact,applied,1 kg chicken
recipe_ingredients.csv,ga_kho_nam|nuoc_mam,quantity,30,https://vtcnews.vn/cach-lam-ga-kho-nam-ngon-mem-don-gian-ar913467.html,,exact,applied,2 tbsp explicitly used in cooking step; converted at 15 ml/tbsp
recipe_ingredients.csv,suon_ram_man|suon_heo,quantity,680.4,https://redboatfishsauce.com/blogs/recipes/suon-ram-man,,exact,applied,1.5 lb spare ribs converted to grams
recipe_ingredients.csv,thit_xao_dau_cove|dau_cove,quantity,400,https://www.dienmayxanh.com/vao-bep/cach-lam-dau-que-xao-thit-heo-xanh-muot-gion-ngon-kho-cuong-11536,,exact,applied,400 g green beans
recipe_ingredients.csv,thit_xao_dau_cove|nuoc_mam,quantity,30,https://www.dienmayxanh.com/vao-bep/cach-lam-dau-que-xao-thit-heo-xanh-muot-gion-ngon-kho-cuong-11536,,exact,applied,2 tbsp converted at 15 ml/tbsp
recipe_ingredients.csv,thit_xao_dau_cove|dau_an,quantity,15,https://www.dienmayxanh.com/vao-bep/cach-lam-dau-que-xao-thit-heo-xanh-muot-gion-ngon-kho-cuong-11536,,exact,applied,1 tbsp converted at 15 ml/tbsp
recipe_ingredients.csv,thit_xao_hanh_tay|hanh_tay,quantity,200,https://marketplace.tripmap.vn/recipes/thit-heo-xao-hanh-tay-ca-chua,,exact,applied,1 large onion stated approximately 200 g
recipe_ingredients.csv,thit_xao_hanh_tay|dau_an,quantity,15,https://marketplace.tripmap.vn/recipes/thit-heo-xao-hanh-tay-ca-chua,,exact,applied,about 1 tbsp converted at 15 ml/tbsp
recipe_ingredients.csv,suon_kho_khoai_tay|suon_heo,quantity,500,https://www.youtube.com/watch?v=DGzgT67-m4Q,,exact,applied,500 g pork ribs
recipe_ingredients.csv,suon_kho_khoai_tay|khoai_tay,quantity,500,https://www.youtube.com/watch?v=DGzgT67-m4Q,,exact,applied,500 g potatoes
recipe_ingredients.csv,bo_xao_gia|thit_bo_bap,quantity,300,https://gofood.vn/tin-tuc/cach-lam-thit-bo-xao-gia-do.html,,close_match,applied,300 g beef; source does not specify shank cut
recipe_ingredients.csv,bo_xao_gia|gia_do,quantity,100,https://gofood.vn/tin-tuc/cach-lam-thit-bo-xao-gia-do.html,,exact,applied,100 g bean sprouts
recipe_ingredients.csv,bo_xao_gia|dau_an,quantity,30,https://gofood.vn/tin-tuc/cach-lam-thit-bo-xao-gia-do.html,,exact,applied,2 tbsp converted at 15 ml/tbsp
recipe_ingredients.csv,bo_xao_hanh_tay|thit_bo_bap,quantity,500,https://www.cet.edu.vn/cach-lam-mon-thit-bo-xao-hanh-tay,,close_match,applied,500 g beef; source does not specify shank cut
recipe_ingredients.csv,ca_basa_chien_gion|ca_basa,quantity,300,https://clpangafish.com.vn/vi/cook/ca-basa-chien-gion,,exact,applied,300 g basa fillet
recipe_ingredients.csv,ca_basa_kho_tieu|nuoc_mam,quantity,15,https://www.dienmayxanh.com/vao-bep/cach-lam-ca-basa-kho-tieu-ngon-dam-da-cuc-hao-com-11339,,exact,applied,1 tbsp converted at 15 ml/tbsp
recipe_ingredients.csv,tom_rim_man|tom_the,quantity,1000,https://www.wokandkin.com/tom-rim,,close_match,applied,1 kg fresh prawns; species not explicitly whiteleg shrimp
recipe_ingredients.csv,tom_rim_man|nuoc_mam,quantity,45,https://www.wokandkin.com/tom-rim,,exact,applied,3 tbsp converted at 15 ml/tbsp
recipe_ingredients.csv,tom_rim_man|dau_an,quantity,60,https://www.wokandkin.com/tom-rim,,exact,applied,4 tbsp converted at 15 ml/tbsp
recipe_ingredients.csv,muc_xao_ca_chua|muc_ong,quantity,1000,https://pasgo.vn/blog/cach-lam-muc-xao-ca-chua-mau-sac-bat-mat-ngon-tuyet-dinh-tai-nha-4268,,exact,applied,1 kg fresh squid
recipe_ingredients.csv,dau_hu_sot_ca_chua|dau_hu_trang,quantity,120,https://www.dienmayxanh.com/vao-bep/cach-lam-dau-hu-sot-ca-chua-chay-don-gian-de-lam-cho-bua-com-10227,,exact,applied,120 g tofu
recipe_ingredients.csv,dau_hu_sot_ca_chua|nuoc_tuong,quantity,10,https://www.dienmayxanh.com/vao-bep/cach-lam-dau-hu-sot-ca-chua-chay-don-gian-de-lam-cho-bua-com-10227,,exact,applied,2 tsp converted at 5 ml/tsp
recipe_ingredients.csv,dau_hu_sot_ca_chua|dau_an,quantity,10,https://www.dienmayxanh.com/vao-bep/cach-lam-dau-hu-sot-ca-chua-chay-don-gian-de-lam-cho-bua-com-10227,,exact,applied,2 tsp converted at 5 ml/tsp
recipe_ingredients.csv,dau_hu_chien_sa|dau_hu_trang,quantity,400,https://www.dienmayxanh.com/vao-bep/cach-lam-dau-hu-chien-sa-ot-gion-rum-thom-ngon-chay-man-deu-11220,,exact,applied,400 g tofu
recipe_ingredients.csv,dau_hu_chien_sa|dau_an,quantity,130,https://www.dienmayxanh.com/vao-bep/cach-lam-dau-hu-chien-sa-ot-gion-rum-thom-ngon-chay-man-deu-11220,,exact,applied,130 ml oil
recipe_ingredients.csv,rau_muong_xao_toi|rau_muong,quantity,500,https://www.huongnghiepaau.com/rau-muong-xao-toi,,exact,applied,500 g water spinach
recipe_ingredients.csv,bap_cai_xao|bap_cai,quantity,500,https://cookbeo.com/recipes/bap-cai-xao-toi,,exact,applied,about 500 g cabbage
recipe_ingredients.csv,su_su_xao_ca_rot|dau_an,quantity,7.5,https://www.dienmayxanh.com/vao-bep/cach-lam-su-su-xao-ca-rot-don-gian-thanh-dam-cho-bua-com-gia-11740,,exact,applied,1/2 tbsp converted at 15 ml/tbsp
recipe_ingredients.csv,canh_chua_ca_loc|ca_loc,quantity,300,https://www.dienmayxanh.com/vao-bep/cach-nau-canh-chua-ca-loc-chuan-nhat-ngon-00828,,exact,applied,300 g snakehead fish
recipe_ingredients.csv,canh_chua_ca_loc|gia_do,quantity,200,https://www.dienmayxanh.com/vao-bep/cach-nau-canh-chua-ca-loc-chuan-nhat-ngon-00828,,exact,applied,200 g bean sprouts
recipe_ingredients.csv,canh_chua_ca_loc|nuoc_mam,quantity,5,https://www.dienmayxanh.com/vao-bep/cach-nau-canh-chua-ca-loc-chuan-nhat-ngon-00828,,exact,applied,1 tsp converted at 5 ml/tsp
recipe_ingredients.csv,canh_cai_thao_thit|thit_nac_vai,quantity,200,https://www.dienmayxanh.com/vao-bep/cach-nau-canh-cai-thao-thit-bam-thom-ngon-thanh-dam-chi-voi-11806,,close_match,applied,200 g minced pork; source does not specify shoulder cut
recipe_ingredients.csv,canh_bi_do_thit_bam|bi_do,quantity,500,https://fptshop.com.vn/tin-tuc/dien-may/cach-nau-canh-bi-do-182011,,exact,applied,500 g pumpkin
recipe_ingredients.csv,canh_bi_do_thit_bam|thit_bo_xay,quantity,200,https://fptshop.com.vn/tin-tuc/dien-may/cach-nau-canh-bi-do-182011,,approximate,review_required,"200 g minced meat; source describes pork belly rather than beef, so mapping is approximate and should be reviewed"
food_nutrients.csv,thit_ba_chi|energy_kcal,amountPer100g,518,https://batchbase.com.au/usda-foods/167812,,exact,applied,exact USDA FDC 167812 pork belly raw
food_nutrients.csv,thit_ba_chi|protein_g,amountPer100g,9.34,https://batchbase.com.au/usda-foods/167812,,exact,applied,exact USDA FDC 167812 pork belly raw
food_nutrients.csv,thit_ba_chi|carbohydrate_g,amountPer100g,0,https://batchbase.com.au/usda-foods/167812,,exact,applied,exact USDA FDC 167812 pork belly raw
food_nutrients.csv,thit_ba_chi|fat_g,amountPer100g,53,https://batchbase.com.au/usda-foods/167812,,exact,applied,exact USDA FDC 167812 pork belly raw
food_nutrients.csv,thit_ba_chi|fibre_g,amountPer100g,0,https://batchbase.com.au/usda-foods/167812,,exact,applied,exact USDA FDC 167812 pork belly raw
food_nutrients.csv,thit_ba_chi|sodium_mg,amountPer100g,32,https://batchbase.com.au/usda-foods/167812,,exact,applied,exact USDA FDC 167812 pork belly raw
food_nutrients.csv,tom_the|energy_kcal,amountPer100g,85,https://batchbase.com.au/usda-foods/175179,,close_match,applied,"close match: generic raw shrimp, USDA FDC 175179; cross-checked with RawPawIQ"
food_nutrients.csv,tom_the|protein_g,amountPer100g,20.1,https://batchbase.com.au/usda-foods/175179,,close_match,applied,"close match: generic raw shrimp, USDA FDC 175179; cross-checked with RawPawIQ"
food_nutrients.csv,tom_the|carbohydrate_g,amountPer100g,0,https://batchbase.com.au/usda-foods/175179,,close_match,applied,"close match: generic raw shrimp, USDA FDC 175179; cross-checked with RawPawIQ"
food_nutrients.csv,tom_the|fat_g,amountPer100g,0.51,https://batchbase.com.au/usda-foods/175179,,close_match,applied,"close match: generic raw shrimp, USDA FDC 175179; cross-checked with RawPawIQ"
food_nutrients.csv,tom_the|fibre_g,amountPer100g,0,https://batchbase.com.au/usda-foods/175179,,close_match,applied,"close match: generic raw shrimp, USDA FDC 175179; cross-checked with RawPawIQ"
food_nutrients.csv,tom_the|sodium_mg,amountPer100g,119,https://batchbase.com.au/usda-foods/175179,,close_match,applied,"close match: generic raw shrimp, USDA FDC 175179; cross-checked with RawPawIQ"
food_nutrients.csv,dau_hu_trang|fibre_g,amountPer100g,2.3,https://batchbase.com.au/usda-foods/172475,,exact,applied,USDA firm tofu with calcium sulfate; cross-checked
food_nutrients.csv,dau_hu_trang|sodium_mg,amountPer100g,14,https://batchbase.com.au/usda-foods/172475,,exact,applied,USDA firm tofu with calcium sulfate; cross-checked
food_nutrients.csv,su_su|sodium_mg,amountPer100g,2,https://batchbase.com.au/usda-foods/170402,,exact,applied,USDA chayote raw; sodium corroborated
food_nutrients.csv,hanh_tim|energy_kcal,amountPer100g,72,https://batchbase.com.au/usda-foods/170499,,exact,applied,USDA shallots raw; cross-checked
food_nutrients.csv,hanh_tim|protein_g,amountPer100g,2.5,https://batchbase.com.au/usda-foods/170499,,exact,applied,USDA shallots raw; cross-checked
food_nutrients.csv,hanh_tim|carbohydrate_g,amountPer100g,16.8,https://batchbase.com.au/usda-foods/170499,,exact,applied,USDA shallots raw; cross-checked
food_nutrients.csv,hanh_tim|fat_g,amountPer100g,0.1,https://batchbase.com.au/usda-foods/170499,,exact,applied,USDA shallots raw; cross-checked
food_nutrients.csv,hanh_tim|fibre_g,amountPer100g,3.2,https://batchbase.com.au/usda-foods/170499,,exact,applied,USDA shallots raw; cross-checked
food_nutrients.csv,hanh_tim|sodium_mg,amountPer100g,12,https://batchbase.com.au/usda-foods/170499,,exact,applied,USDA shallots raw; cross-checked
food_nutrients.csv,ot_hiem|fibre_g,amountPer100g,1.5,https://batchbase.com.au/usda-foods/170106,,close_match,applied,close match: hot red chili pepper raw; corroborated
food_nutrients.csv,ot_hiem|sodium_mg,amountPer100g,9,https://batchbase.com.au/usda-foods/170106,,close_match,applied,close match: hot red chili pepper raw; corroborated
foods.csv,ca_nuc,edibleFraction,0.65,https://www.fao.org/fileadmin/templates/food_composition/documents/pdf/VTN_FCT_2007.pdf,Bảng thành phần thực phẩm Việt Nam 2007,approximate,applied,"Cá thu (mackerel proxy, not cá nục); Thải bỏ 35.0% -> edibleFraction = 0.65"
foods.csv,tom_the,edibleFraction,0.46,https://www.fao.org/fileadmin/templates/food_composition/documents/pdf/VTN_FCT_2007.pdf,Bảng thành phần thực phẩm Việt Nam 2007,approximate,applied,Tôm biển (sea shrimp proxy); Thải bỏ 54.0% -> edibleFraction = 0.46
foods.csv,muc_ong,edibleFraction,0.78,https://www.fao.org/fileadmin/templates/food_composition/documents/pdf/VTN_FCT_2007.pdf,Bảng thành phần thực phẩm Việt Nam 2007,approximate,applied,Mực tươi (cuttlefish/squid proxy); Thải bỏ 22.0% -> edibleFraction = 0.78
foods.csv,trung_ga,edibleFraction,0.86,https://www.fao.org/fileadmin/templates/food_composition/documents/pdf/VTN_FCT_2007.pdf,Bảng thành phần thực phẩm Việt Nam 2007,exact,applied,Trứng gà sống nguyên quả; Thải bỏ 14.0% -> edibleFraction = 0.86
foods.csv,rau_muong,edibleFraction,0.625,https://www.fao.org/fileadmin/templates/food_composition/documents/pdf/VTN_FCT_2007.pdf,Bảng thành phần thực phẩm Việt Nam 2007,exact,applied,Rau muống; Thải bỏ 37.5% -> edibleFraction = 0.625
foods.csv,bap_cai,edibleFraction,0.9,https://www.fao.org/fileadmin/templates/food_composition/documents/pdf/VTN_FCT_2007.pdf,Bảng thành phần thực phẩm Việt Nam 2007,exact,applied,Cải bắp; Thải bỏ 10.0% -> edibleFraction = 0.9
foods.csv,bi_dao,edibleFraction,0.75,https://www.fao.org/fileadmin/templates/food_composition/documents/pdf/VTN_FCT_2007.pdf,Bảng thành phần thực phẩm Việt Nam 2007,exact,applied,Bí đao (bí xanh); Thải bỏ 25.0% -> edibleFraction = 0.75
foods.csv,bi_do,edibleFraction,0.817,https://www.fao.org/fileadmin/templates/food_composition/documents/pdf/VTN_FCT_2007.pdf,Bảng thành phần thực phẩm Việt Nam 2007,exact,applied,Bí ngô; Thải bỏ 18.3% -> edibleFraction = 0.817
foods.csv,muop_huong,edibleFraction,0.812,https://www.fao.org/fileadmin/templates/food_composition/documents/pdf/VTN_FCT_2007.pdf,Bảng thành phần thực phẩm Việt Nam 2007,approximate,applied,Mướp / sponge gourd; Thải bỏ 18.8% -> edibleFraction = 0.812
foods.csv,su_su,edibleFraction,0.8,https://www.fao.org/fileadmin/templates/food_composition/documents/pdf/VTN_FCT_2007.pdf,Bảng thành phần thực phẩm Việt Nam 2007,exact,applied,"Su su, quả; Thải bỏ 20.0% -> edibleFraction = 0.8"
foods.csv,ca_chua,edibleFraction,0.95,https://www.fao.org/fileadmin/templates/food_composition/documents/pdf/VTN_FCT_2007.pdf,Bảng thành phần thực phẩm Việt Nam 2007,exact,applied,Cà chua; Thải bỏ 5.0% -> edibleFraction = 0.95
foods.csv,khoai_tay,edibleFraction,0.87,https://www.fao.org/fileadmin/templates/food_composition/documents/pdf/VTN_FCT_2007.pdf,Bảng thành phần thực phẩm Việt Nam 2007,exact,applied,Khoai tây; Thải bỏ 13.0% -> edibleFraction = 0.87
foods.csv,dau_cove,edibleFraction,0.9,https://www.fao.org/fileadmin/templates/food_composition/documents/pdf/VTN_FCT_2007.pdf,Bảng thành phần thực phẩm Việt Nam 2007,exact,applied,Đậu cô ve; Thải bỏ 10.0% -> edibleFraction = 0.9
foods.csv,gia_do,edibleFraction,0.95,https://www.fao.org/fileadmin/templates/food_composition/documents/pdf/VTN_FCT_2007.pdf,Bảng thành phần thực phẩm Việt Nam 2007,exact,applied,Giá đậu xanh; Thải bỏ 5.0% -> edibleFraction = 0.95
foods.csv,nam_rom,edibleFraction,0.9,https://www.fao.org/fileadmin/templates/food_composition/documents/pdf/VTN_FCT_2007.pdf,Bảng thành phần thực phẩm Việt Nam 2007,exact,applied,Nấm rơm; Thải bỏ 10.0% -> edibleFraction = 0.9
foods.csv,hanh_tay,edibleFraction,0.83,https://www.fao.org/fileadmin/templates/food_composition/documents/pdf/VTN_FCT_2007.pdf,Bảng thành phần thực phẩm Việt Nam 2007,exact,applied,Hành tây; Thải bỏ 17.0% -> edibleFraction = 0.83
foods.csv,hanh_la,edibleFraction,0.8,https://www.fao.org/fileadmin/templates/food_composition/documents/pdf/VTN_FCT_2007.pdf,Bảng thành phần thực phẩm Việt Nam 2007,exact,applied,Hành lá (hành hoa); Thải bỏ 20.0% -> edibleFraction = 0.8
foods.csv,toi,edibleFraction,0.8,https://www.fao.org/fileadmin/templates/food_composition/documents/pdf/VTN_FCT_2007.pdf,Bảng thành phần thực phẩm Việt Nam 2007,exact,applied,Tỏi ta; Thải bỏ 20.0% -> edibleFraction = 0.8
foods.csv,gung,edibleFraction,0.9,https://www.fao.org/fileadmin/templates/food_composition/documents/pdf/VTN_FCT_2007.pdf,Bảng thành phần thực phẩm Việt Nam 2007,exact,applied,Gừng tươi; Thải bỏ 10.0% -> edibleFraction = 0.9
foods.csv,rau_ngo,edibleFraction,0.85,https://www.fao.org/fileadmin/templates/food_composition/documents/pdf/VTN_FCT_2007.pdf,Bảng thành phần thực phẩm Việt Nam 2007,exact,applied,Rau mùi; Thải bỏ 15.0% -> edibleFraction = 0.85
foods.csv,me_chua,edibleFraction,0.85,https://www.fao.org/fileadmin/templates/food_composition/documents/pdf/VTN_FCT_2007.pdf,Bảng thành phần thực phẩm Việt Nam 2007,exact,applied,Quả me chua; Thải bỏ 15.0% -> edibleFraction = 0.85
food_nutrients.csv,muc_ong,energy_kcal,73,https://www.fao.org/fileadmin/templates/food_composition/documents/pdf/VTN_FCT_2007.pdf,Bảng thành phần thực phẩm Việt Nam 2007,approximate,applied,"Mực tươi (Cuttle fish, raw / Squid); per 100g edible portion"
food_nutrients.csv,muc_ong,protein_g,16.3,https://www.fao.org/fileadmin/templates/food_composition/documents/pdf/VTN_FCT_2007.pdf,Bảng thành phần thực phẩm Việt Nam 2007,approximate,applied,"Mực tươi (Cuttle fish, raw / Squid); per 100g edible portion"
food_nutrients.csv,muc_ong,carbohydrate_g,0.0,https://www.fao.org/fileadmin/templates/food_composition/documents/pdf/VTN_FCT_2007.pdf,Bảng thành phần thực phẩm Việt Nam 2007,approximate,applied,"Mực tươi (Cuttle fish, raw / Squid); per 100g edible portion"
food_nutrients.csv,muc_ong,fat_g,0.9,https://www.fao.org/fileadmin/templates/food_composition/documents/pdf/VTN_FCT_2007.pdf,Bảng thành phần thực phẩm Việt Nam 2007,approximate,applied,"Mực tươi (Cuttle fish, raw / Squid); per 100g edible portion"
food_nutrients.csv,muc_ong,fibre_g,0.0,https://www.fao.org/fileadmin/templates/food_composition/documents/pdf/VTN_FCT_2007.pdf,Bảng thành phần thực phẩm Việt Nam 2007,approximate,applied,"Mực tươi (Cuttle fish, raw / Squid); per 100g edible portion"
food_nutrients.csv,muc_ong,sodium_mg,44,https://www.fao.org/fileadmin/templates/food_composition/documents/pdf/VTN_FCT_2007.pdf,Bảng thành phần thực phẩm Việt Nam 2007,approximate,applied,"Mực tươi (Cuttle fish, raw / Squid); per 100g edible portion"
food_nutrients.csv,bi_dao,fibre_g,1.0,https://www.fao.org/fileadmin/templates/food_composition/documents/pdf/VTN_FCT_2007.pdf,Bảng thành phần thực phẩm Việt Nam 2007,exact,applied,Bí đao (bí xanh); per 100g edible portion
food_nutrients.csv,khoai_tay,fibre_g,1.0,https://www.fao.org/fileadmin/templates/food_composition/documents/pdf/VTN_FCT_2007.pdf,Bảng thành phần thực phẩm Việt Nam 2007,exact,applied,Khoai tây; per 100g edible portion
food_nutrients.csv,dau_cove,fibre_g,1.0,https://www.fao.org/fileadmin/templates/food_composition/documents/pdf/VTN_FCT_2007.pdf,Bảng thành phần thực phẩm Việt Nam 2007,exact,applied,Đậu cô ve; per 100g edible portion
food_nutrients.csv,toi,fibre_g,1.5,https://www.fao.org/fileadmin/templates/food_composition/documents/pdf/VTN_FCT_2007.pdf,Bảng thành phần thực phẩm Việt Nam 2007,exact,applied,Tỏi ta; per 100g edible portion
prices.csv,rau_muong,packagePriceVnd,5000,https://www.bachhoaxanh.com/rau-sach/combo-rau-muong-xao-toi,Bách hóa XANH,exact,applied,"Rau muống nước/hạt 400g listed at 5,000đ; selected 400g retail reference."
prices.csv,rau_muong,packageBaseQuantity,400,https://www.bachhoaxanh.com/rau-sach/combo-rau-muong-xao-toi,Bách hóa XANH,exact,applied,"Rau muống nước/hạt 400g listed at 5,000đ; selected 400g retail reference."
prices.csv,cai_ngot,packagePriceVnd,5000,https://www.bachhoaxanh.com/rau-cu-trai-cay,Bách hóa XANH,exact,applied,"Cải ngọt 400g listed at 5,000đ on retailer catalog."
prices.csv,cai_ngot,packageBaseQuantity,400,https://www.bachhoaxanh.com/rau-cu-trai-cay,Bách hóa XANH,exact,applied,"Cải ngọt 400g listed at 5,000đ on retailer catalog."
prices.csv,rau_den,packagePriceVnd,5000,https://www.bachhoaxanh.com/rau-sach/rau-den-goi-300g,Bách hóa XANH,exact,applied,"Product page/search index identifies Rau dền 400g at 5,000đ."
prices.csv,rau_den,packageBaseQuantity,400,https://www.bachhoaxanh.com/rau-sach/rau-den-goi-300g,Bách hóa XANH,exact,applied,"Product page/search index identifies Rau dền 400g at 5,000đ."
prices.csv,ca_chua,packagePriceVnd,12000,https://www.bachhoaxanh.com/cu/hanh-tay-300gr,Bách hóa XANH,exact,applied,"Cà chua 500g listed 12,000đ (25,000đ/kg) in retailer recommendations."
prices.csv,ca_chua,packageBaseQuantity,500,https://www.bachhoaxanh.com/cu/hanh-tay-300gr,Bách hóa XANH,exact,applied,"Cà chua 500g listed 12,000đ (25,000đ/kg) in retailer recommendations."
prices.csv,ca_rot,packagePriceVnd,16500,https://www.bachhoaxanh.com/cu/hanh-tay-300gr,Bách hóa XANH,exact,applied,"Cà rốt 500g listed 16,500đ (33,000đ/kg) in retailer recommendations."
prices.csv,ca_rot,packageBaseQuantity,500,https://www.bachhoaxanh.com/cu/hanh-tay-300gr,Bách hóa XANH,exact,applied,"Cà rốt 500g listed 16,500đ (33,000đ/kg) in retailer recommendations."
prices.csv,hanh_tay,packagePriceVnd,17500,https://www.bachhoaxanh.com/cu/hanh-tay-300gr,Bách hóa XANH,exact,applied,"Hành tây 500g listed 17,500đ (35,000đ/kg)."
prices.csv,hanh_tay,packageBaseQuantity,500,https://www.bachhoaxanh.com/cu/hanh-tay-300gr,Bách hóa XANH,exact,applied,"Hành tây 500g listed 17,500đ (35,000đ/kg)."
prices.csv,hanh_la,packagePriceVnd,6400,https://www.bachhoaxanh.com/rau-sach/hanh-la-goi-100g,Bách hóa XANH,exact,applied,"Direct product result: Hành lá 100g, 6,400đ."
prices.csv,hanh_la,packageBaseQuantity,100,https://www.bachhoaxanh.com/rau-sach/hanh-la-goi-100g,Bách hóa XANH,exact,applied,"Direct product result: Hành lá 100g, 6,400đ."
prices.csv,ot_hiem,packagePriceVnd,4900,https://www.bachhoaxanh.com/mi/mi-a-one-lau-tom-ot-xanh-goi-79gr-thung-30,Bách hóa XANH,retailer_related_listing,applied,"Retail related-product listing: Ớt hiểm 50g, 4,900đ."
prices.csv,ot_hiem,packageBaseQuantity,50,https://www.bachhoaxanh.com/mi/mi-a-one-lau-tom-ot-xanh-goi-79gr-thung-30,Bách hóa XANH,retailer_related_listing,applied,"Retail related-product listing: Ớt hiểm 50g, 4,900đ."
prices.csv,nuoc_mam,packagePriceVnd,81000,https://www.bachhoaxanh.com/gao-gao-nep/combo-gia-vi-am-no-gao-dau-an-nuoc-mam,Bách hóa XANH,exact,applied,"Nước mắm cá cơm Thuận Phát 40 độ đạm chai 610ml, 81,000đ."
prices.csv,nuoc_mam,packageBaseQuantity,610,https://www.bachhoaxanh.com/gao-gao-nep/combo-gia-vi-am-no-gao-dau-an-nuoc-mam,Bách hóa XANH,exact,applied,"Nước mắm cá cơm Thuận Phát 40 độ đạm chai 610ml, 81,000đ."
prices.csv,nuoc_tuong,packagePriceVnd,20000,https://www.bachhoaxanh.com/nuoc-tuong,Bách hóa XANH,exact,applied,"Nước tương đậm đặc Nam Dương 500ml, 20,000đ."
prices.csv,nuoc_tuong,packageBaseQuantity,500,https://www.bachhoaxanh.com/nuoc-tuong,Bách hóa XANH,exact,applied,"Nước tương đậm đặc Nam Dương 500ml, 20,000đ."
prices.csv,dau_an,packagePriceVnd,60000,https://www.bachhoaxanh.com/gao-gao-nep/combo-gia-vi-am-no-gao-dau-an-nuoc-mam,Bách hóa XANH,exact,applied,"Dầu đậu nành nguyên chất Simply chai 1 lít, 60,000đ."
prices.csv,dau_an,packageBaseQuantity,1000,https://www.bachhoaxanh.com/gao-gao-nep/combo-gia-vi-am-no-gao-dau-an-nuoc-mam,Bách hóa XANH,exact,applied,"Dầu đậu nành nguyên chất Simply chai 1 lít, 60,000đ."
prices.csv,muoi,packagePriceVnd,8000,https://www.bachhoaxanh.com/muoi-an,Bách hóa XANH,exact,applied,"Muối sấy I-ốt Sosal Group 1kg, 8,000đ."
prices.csv,muoi,packageBaseQuantity,1000,https://www.bachhoaxanh.com/muoi-an,Bách hóa XANH,exact,applied,"Muối sấy I-ốt Sosal Group 1kg, 8,000đ."
prices.csv,duong_cat,packagePriceVnd,25000,https://www.bachhoaxanh.com/hat-nem/combo-bot-ngot-duong-muoi,Bách hóa XANH,exact,applied,"Đường mía thượng hạng Biên Hòa 1kg, 25,000đ."
prices.csv,duong_cat,packageBaseQuantity,1000,https://www.bachhoaxanh.com/hat-nem/combo-bot-ngot-duong-muoi,Bách hóa XANH,exact,applied,"Đường mía thượng hạng Biên Hòa 1kg, 25,000đ."
prices.csv,tieu_xay,packagePriceVnd,20000,https://www.bachhoaxanh.com/tieu,Bách hóa XANH,exact,applied,"Tiêu đen xay 50g, 20,000đ."
prices.csv,tieu_xay,packageBaseQuantity,50,https://www.bachhoaxanh.com/tieu,Bách hóa XANH,exact,applied,"Tiêu đen xay 50g, 20,000đ."
prices.csv,hat_nem,packagePriceVnd,79000,https://www.bachhoaxanh.com/hat-nem,Bách hóa XANH,exact,applied,"Hạt nêm vị heo Aji-ngon 900g, 79,000đ."
prices.csv,hat_nem,packageBaseQuantity,900,https://www.bachhoaxanh.com/hat-nem,Bách hóa XANH,exact,applied,"Hạt nêm vị heo Aji-ngon 900g, 79,000đ."
prices.csv,suon_heo,packagePriceVnd,179000,https://cooponline.vn/suon-non-heo-dong-lanh--s250515385,Co.op Online,retail_proxy,applied,Sườn non heo đông lạnh kg selected as retail proxy for generic sườn heo.
prices.csv,suon_heo,packageBaseQuantity,1000,https://cooponline.vn/suon-non-heo-dong-lanh--s250515385,Co.op Online,retail_proxy,applied,Sườn non heo đông lạnh kg selected as retail proxy for generic sườn heo.
prices.csv,gao_te,packagePriceVnd,85700,https://cooponline.vn/gao-thom-lang-ta-vua-gao-5kg--s250108994,Co.op Online,exact_generic,applied,"Product is 100% white rice, 5kg; used as retail reference for gạo tẻ."
prices.csv,gao_te,packageBaseQuantity,5000,https://cooponline.vn/gao-thom-lang-ta-vua-gao-5kg--s250108994,Co.op Online,exact_generic,applied,"Product is 100% white rice, 5kg; used as retail reference for gạo tẻ."
prices.csv,cai_thao,packagePriceVnd,47500,https://cooponline.vn/bap-cai-thao-giong-dai-loan--s250108579,Co.op Online,exact,applied,"Bắp cải thảo giống Đài Loan kg, main page price 47,500₫."
prices.csv,cai_thao,packageBaseQuantity,1000,https://cooponline.vn/bap-cai-thao-giong-dai-loan--s250108579,Co.op Online,exact,applied,"Bắp cải thảo giống Đài Loan kg, main page price 47,500₫."
prices.csv,bap_cai,packagePriceVnd,19300,https://cooponline.vn/bap-cai-trang-coop-select-kg-tnx--s250100546,Co.op Online,exact,applied,"Bắp cải trắng Co.op Select kg, main page price 19,300₫."
prices.csv,bap_cai,packageBaseQuantity,1000,https://cooponline.vn/bap-cai-trang-coop-select-kg-tnx--s250100546,Co.op Online,exact,applied,"Bắp cải trắng Co.op Select kg, main page price 19,300₫."
prices.csv,bi_dao,packagePriceVnd,26900,https://cooponline.vn/bi-dao-coop-select-kg--s250100669,Co.op Online,exact,applied,"Bí đao Co.op Select kg, direct product search price 26,900₫."
prices.csv,bi_dao,packageBaseQuantity,1000,https://cooponline.vn/bi-dao-coop-select-kg--s250100669,Co.op Online,exact,applied,"Bí đao Co.op Select kg, direct product search price 26,900₫."
prices.csv,bi_do,packagePriceVnd,26500,https://cooponline.vn/bi-do-tron--s250107834,Co.op Online,exact,applied,"Bí đỏ tròn kg, main page price 26,500₫."
prices.csv,bi_do,packageBaseQuantity,1000,https://cooponline.vn/bi-do-tron--s250107834,Co.op Online,exact,applied,"Bí đỏ tròn kg, main page price 26,500₫."
prices.csv,muop_huong,packagePriceVnd,29900,https://cooponline.vn/muop-huong-coop-select-kg--s250100672,Co.op Online,exact,applied,"Mướp hương Co.op Select kg, main page price 29,900₫."
prices.csv,muop_huong,packageBaseQuantity,1000,https://cooponline.vn/muop-huong-coop-select-kg--s250100672,Co.op Online,exact,applied,"Mướp hương Co.op Select kg, main page price 29,900₫."
prices.csv,su_su,packagePriceVnd,29000,https://cooponline.vn/su-su-kg--s250105954,Co.op Online,exact,applied,"Su su kg, main page price 29,000₫."
prices.csv,su_su,packageBaseQuantity,1000,https://cooponline.vn/su-su-kg--s250105954,Co.op Online,exact,applied,"Su su kg, main page price 29,000₫."
prices.csv,khoai_tay,packagePriceVnd,42900,https://cooponline.vn/tin-tuc/khoai-tay-vang-voi-khoai-tay-trang-loai-nao-de-chien-lam-sup,Co.op Online,exact_retail_listing,applied,"Khoai tây vàng Co.op Select kg – VietFarm listed at 42,900₫/kg."
prices.csv,khoai_tay,packageBaseQuantity,1000,https://cooponline.vn/tin-tuc/khoai-tay-vang-voi-khoai-tay-trang-loai-nao-de-chien-lam-sup,Co.op Online,exact_retail_listing,applied,"Khoai tây vàng Co.op Select kg – VietFarm listed at 42,900₫/kg."
prices.csv,dau_cove,packagePriceVnd,51900,https://cooponline.vn/dau-cove-co-op-organic-300g-ql--s250105264,Co.op Online,exact,applied,"Đậu cove Co.op Organic 300g, main page price 51,900₫."
prices.csv,dau_cove,packageBaseQuantity,300,https://cooponline.vn/dau-cove-co-op-organic-300g-ql--s250105264,Co.op Online,exact,applied,"Đậu cove Co.op Organic 300g, main page price 51,900₫."
prices.csv,nam_rom,packagePriceVnd,29500,https://cooponline.vn/nam-rom-tuoi-200g-nam-xanh-f--s250516133,Co.op Online,exact,applied,"Nấm rơm tươi 200g, main page price 29,500₫."
prices.csv,nam_rom,packageBaseQuantity,200,https://cooponline.vn/nam-rom-tuoi-200g-nam-xanh-f--s250516133,Co.op Online,exact,applied,"Nấm rơm tươi 200g, main page price 29,500₫."
prices.csv,hanh_tim,packagePriceVnd,93900,https://cooponline.vn/hanh-tim--s250106131,Co.op Online,exact,applied,"Hành tím Vĩnh Châu xá kg, main page price 93,900₫."
prices.csv,hanh_tim,packageBaseQuantity,1000,https://cooponline.vn/hanh-tim--s250106131,Co.op Online,exact,applied,"Hành tím Vĩnh Châu xá kg, main page price 93,900₫."
prices.csv,toi,packagePriceVnd,14900,https://cooponline.vn/toi-hai-duong-100g--s250618968,Co.op Online,exact,applied,"Tỏi Hải Dương 100g, main page price 14,900₫."
prices.csv,toi,packageBaseQuantity,100,https://cooponline.vn/toi-hai-duong-100g--s250618968,Co.op Online,exact,applied,"Tỏi Hải Dương 100g, main page price 14,900₫."
prices.csv,gung,packagePriceVnd,88900,https://cooponline.vn/gung-kg-td--s250707912,Co.op Online,exact,applied,"Gừng kg-TD, main page price 88,900₫."
prices.csv,gung,packageBaseQuantity,1000,https://cooponline.vn/gung-kg-td--s250707912,Co.op Online,exact,applied,"Gừng kg-TD, main page price 88,900₫."
prices.csv,sa,packagePriceVnd,27000,https://cooponline.vn/sa-cay-kg--s250108019,Co.op Online,exact,applied,"Sả cây kg, main page price 27,000₫."
prices.csv,sa,packageBaseQuantity,1000,https://cooponline.vn/sa-cay-kg--s250108019,Co.op Online,exact,applied,"Sả cây kg, main page price 27,000₫."
prices.csv,ga_ta,packagePriceVnd,155880,https://winmart.vn/products/3f-ga-ta--s10620356,WinMart,exact,applied,"Gà ta nguyên con 3F; page explicitly offers type 1.2KG at 155,880₫."
prices.csv,ga_ta,packageBaseQuantity,1200,https://winmart.vn/products/3f-ga-ta--s10620356,WinMart,exact,applied,"Gà ta nguyên con 3F; page explicitly offers type 1.2KG at 155,880₫."
prices.csv,gia_do,packagePriceVnd,11600,https://www.bachhoaxanh.com/rau-sach/gia-dau-xanh-tui-300g,Bách hóa XANH,exact,applied,"Giá mầm đậu xanh khoảng 300g, search index price 11,600đ."
prices.csv,gia_do,packageBaseQuantity,300,https://www.bachhoaxanh.com/rau-sach/gia-dau-xanh-tui-300g,Bách hóa XANH,exact,applied,"Giá mầm đậu xanh khoảng 300g, search index price 11,600đ."
prices.csv,rau_ngo,packagePriceVnd,6500,https://cooponline.vn/rau-ngo-ri-300g--s250518112,Co.op Online,exact,applied,"Rau ngò rí 30g; direct page price 6,500₫ and product information confirms 30g."
prices.csv,rau_ngo,packageBaseQuantity,30,https://cooponline.vn/rau-ngo-ri-300g--s250518112,Co.op Online,exact,applied,"Rau ngò rí 30g; direct page price 6,500₫ and product information confirms 30g."
prices.csv,me_chua,packagePriceVnd,,https://www.bachhoaxanh.com/trai-cay-tuoi-ngon/me-thai-vi-1kg,Bách hóa XANH,insufficient,review_required,"Fresh tamarind page gives only a broad 45,000–95,000 VND/kg range; processed me vắt has exact prices but is not the same food form, so no value applied."
foods.csv,thit_ba_chi,edibleFraction,0.98,https://noitronhanh.com/dinh-duong/thit-heo-ba-chi-thit-ba-roi-heo,Bảng thành phần thực phẩm Việt Nam / nguồn bán lẻ,exact,applied_to_staging,Bảng dẫn nguồn Viện Dinh dưỡng 2007 ghi Thải bỏ 2%; edibleFraction=0.98.
foods.csv,ca_loc,edibleFraction,0.60,https://www.fao.org/fileadmin/templates/food_composition/documents/pdf/VTN_FCT_2007.pdf,Bảng thành phần thực phẩm Việt Nam / nguồn bán lẻ,exact,applied_to_staging,"Bảng thành phần thực phẩm Việt Nam 2007, Cá quả/Fish snake head: Thải bỏ 40%; edibleFraction=0.60."
foods.csv,dau_hu_trang,edibleFraction,1.0,https://noitronhanh.com/dinh-duong/dau-phu-dau-hu,Bảng thành phần thực phẩm Việt Nam / nguồn bán lẻ,exact,applied_to_staging,Bảng dẫn nguồn Viện Dinh dưỡng 2007 ghi Đậu phụ Thải bỏ 0%; edibleFraction=1.0.
foods.csv,gao_te,edibleFraction,1.0,https://noitronhanh.com/dinh-duong/gao-te-may,Bảng thành phần thực phẩm Việt Nam / nguồn bán lẻ,exact,applied_to_staging,Bảng dẫn nguồn Viện Dinh dưỡng 2007 ghi Gạo tẻ máy Thải bỏ 0%; edibleFraction=1.0.
foods.csv,rau_den,edibleFraction,0.62,https://noitronhanh.com/dinh-duong/rau-den,Bảng thành phần thực phẩm Việt Nam / nguồn bán lẻ,exact,applied_to_staging,Bảng dẫn nguồn Viện Dinh dưỡng 2007 ghi Rau dền Thải bỏ 38%; edibleFraction=0.62.
foods.csv,ca_rot,edibleFraction,0.895,https://www.fao.org/fileadmin/templates/food_composition/documents/pdf/VTN_FCT_2007.pdf,Bảng thành phần thực phẩm Việt Nam / nguồn bán lẻ,exact,applied_to_staging,"Bảng thành phần thực phẩm Việt Nam 2007, Cà rốt: Thải bỏ 10.5%; edibleFraction=0.895."
foods.csv,tieu_xay,edibleFraction,1.0,https://www.fao.org/fileadmin/templates/food_composition/documents/pdf/VTN_FCT_2007.pdf,Bảng thành phần thực phẩm Việt Nam / nguồn bán lẻ,exact_category,applied_to_staging,"Bảng thành phần thực phẩm Việt Nam 2007, Hạt tiêu: Thải bỏ 0%; xay không làm thay đổi phần ăn được."
foods.csv,nuoc_mam,edibleFraction,1.0,https://www.fao.org/fileadmin/templates/food_composition/documents/pdf/VTN_FCT_2007.pdf,Bảng thành phần thực phẩm Việt Nam / nguồn bán lẻ,exact_category,applied_to_staging,"Bảng thành phần thực phẩm Việt Nam 2007, Nước mắm cá: Thải bỏ 0%; edibleFraction=1.0."
foods.csv,nuoc_tuong,edibleFraction,1.0,https://www.fao.org/fileadmin/templates/food_composition/documents/pdf/VTN_FCT_2007.pdf,Bảng thành phần thực phẩm Việt Nam / nguồn bán lẻ,exact_category,applied_to_staging,"Bảng thành phần thực phẩm Việt Nam 2007, Xì dầu/soybean sauce: Thải bỏ 0%; edibleFraction=1.0."
foods.csv,thit_nac_vai,edibleFraction,1.0,https://cooponline.vn/nac-vai-heo-hm--s250515714,Bảng thành phần thực phẩm Việt Nam / nguồn bán lẻ,catalog_convention,applied_to_staging,"Catalog convention for a boneless/trimmed or packaged edible product: packageBaseQuantity represents food content only, packaging excluded; no inedible purchase portion recorded."
foods.csv,thit_bo_bap,edibleFraction,1.0,https://cooponline.vn/search?router=productListing&query=Th%E1%BB%8Bt+b%E1%BA%AFp+b%C3%B2,Bảng thành phần thực phẩm Việt Nam / nguồn bán lẻ,catalog_convention,applied_to_staging,"Catalog convention for a boneless/trimmed or packaged edible product: packageBaseQuantity represents food content only, packaging excluded; no inedible purchase portion recorded."
foods.csv,thit_bo_xay,edibleFraction,1.0,https://cooponline.vn/thit-bo-xay-200g-hdt990-f--s250515402,Bảng thành phần thực phẩm Việt Nam / nguồn bán lẻ,catalog_convention,applied_to_staging,"Catalog convention for a boneless/trimmed or packaged edible product: packageBaseQuantity represents food content only, packaging excluded; no inedible purchase portion recorded."
foods.csv,dau_an,edibleFraction,1.0,https://www.bachhoaxanh.com/gao-gao-nep/combo-gia-vi-am-no-gao-dau-an-nuoc-mam,Bảng thành phần thực phẩm Việt Nam / nguồn bán lẻ,catalog_convention,applied_to_staging,"Catalog convention for a boneless/trimmed or packaged edible product: packageBaseQuantity represents food content only, packaging excluded; no inedible purchase portion recorded."
foods.csv,muoi,edibleFraction,1.0,https://www.bachhoaxanh.com/muoi-an,Bảng thành phần thực phẩm Việt Nam / nguồn bán lẻ,catalog_convention,applied_to_staging,"Catalog convention for a boneless/trimmed or packaged edible product: packageBaseQuantity represents food content only, packaging excluded; no inedible purchase portion recorded."
foods.csv,duong_cat,edibleFraction,1.0,https://www.bachhoaxanh.com/hat-nem/combo-bot-ngot-duong-muoi,Bảng thành phần thực phẩm Việt Nam / nguồn bán lẻ,catalog_convention,applied_to_staging,"Catalog convention for a boneless/trimmed or packaged edible product: packageBaseQuantity represents food content only, packaging excluded; no inedible purchase portion recorded."
foods.csv,hat_nem,edibleFraction,1.0,https://www.bachhoaxanh.com/hat-nem,Bảng thành phần thực phẩm Việt Nam / nguồn bán lẻ,catalog_convention,applied_to_staging,"Catalog convention for a boneless/trimmed or packaged edible product: packageBaseQuantity represents food content only, packaging excluded; no inedible purchase portion recorded."
foods.csv,ca_nuc,edibleFraction,,https://www.fao.org/fileadmin/templates/food_composition/documents/pdf/VTN_FCT_2007.pdf,Bảng thành phần thực phẩm Việt Nam 2007,exact_but_missing_value,reverted_to_review_required,"Reverted prior value 0.65: exact Cá nục/Scad entry exists but Thải bỏ (%) is ""-"" in source; do not proxy from Cá thu."
food_nutrients.csv,thit_nac_vai,carbohydrate_g,0,https://nutrifox.com/nutrition/pork-fresh-shoulder-boston-butt-blade-steaks-separable-lean-and-fat-raw,Pork shoulder raw nutrition,proxy,applied,USDA-style pork shoulder raw profile; used only for missing macro/mineral fields
food_nutrients.csv,thit_nac_vai,fibre_g,0,https://nutrifox.com/nutrition/pork-fresh-shoulder-boston-butt-blade-steaks-separable-lean-and-fat-raw,Pork shoulder raw nutrition,proxy,applied,USDA-style pork shoulder raw profile
food_nutrients.csv,thit_nac_vai,sodium_mg,52,https://nutrifox.com/nutrition/pork-fresh-shoulder-boston-butt-blade-steaks-separable-lean-and-fat-raw,Pork shoulder raw nutrition,proxy,applied,USDA-style pork shoulder raw profile
food_nutrients.csv,thit_bo_xay,energy_kcal,215,https://foodstruct.com/food/beef-ground-85percentleanmeat-15percentfat-raw,"Ground beef 85% lean / 15% fat, raw",proxy,applied,USDA-derived 85/15 raw ground beef profile per 100g
food_nutrients.csv,thit_bo_xay,protein_g,19,https://foodstruct.com/food/beef-ground-85percentleanmeat-15percentfat-raw,"Ground beef 85% lean / 15% fat, raw",proxy,applied,USDA-derived 85/15 raw ground beef profile per 100g
food_nutrients.csv,thit_bo_xay,carbohydrate_g,0,https://foodstruct.com/food/beef-ground-85percentleanmeat-15percentfat-raw,"Ground beef 85% lean / 15% fat, raw",proxy,applied,USDA-derived 85/15 raw ground beef profile per 100g
food_nutrients.csv,thit_bo_xay,fat_g,15,https://foodstruct.com/food/beef-ground-85percentleanmeat-15percentfat-raw,"Ground beef 85% lean / 15% fat, raw",proxy,applied,USDA-derived 85/15 raw ground beef profile per 100g
food_nutrients.csv,thit_bo_xay,fibre_g,0,https://foodstruct.com/food/beef-ground-85percentleanmeat-15percentfat-raw,"Ground beef 85% lean / 15% fat, raw",proxy,applied,USDA-derived 85/15 raw ground beef profile per 100g
food_nutrients.csv,thit_bo_xay,sodium_mg,66,https://foodstruct.com/food/beef-ground-85percentleanmeat-15percentfat-raw,"Ground beef 85% lean / 15% fat, raw",proxy,applied,USDA-derived 85/15 raw ground beef profile per 100g
food_nutrients.csv,rau_den,energy_kcal,41,https://noitronhanh.com/dinh-duong/rau-den,Rau dền | Nội Trợ Nhanh,exact,applied,"Viện Dinh Dưỡng, Bộ Y Tế 2007; 100g edible portion"
food_nutrients.csv,rau_den,protein_g,3.3,https://noitronhanh.com/dinh-duong/rau-den,Rau dền | Nội Trợ Nhanh,exact,applied,"Viện Dinh Dưỡng, Bộ Y Tế 2007; 100g edible portion"
food_nutrients.csv,rau_den,carbohydrate_g,6.2,https://noitronhanh.com/dinh-duong/rau-den,Rau dền | Nội Trợ Nhanh,exact,applied,"Glucid; Viện Dinh Dưỡng, Bộ Y Tế 2007"
food_nutrients.csv,rau_den,fat_g,0.3,https://noitronhanh.com/dinh-duong/rau-den,Rau dền | Nội Trợ Nhanh,exact,applied,"Lipid; Viện Dinh Dưỡng, Bộ Y Tế 2007"
food_nutrients.csv,rau_den,fibre_g,1.6,https://noitronhanh.com/dinh-duong/rau-den,Rau dền | Nội Trợ Nhanh,exact,applied,"Celluloza; Viện Dinh Dưỡng, Bộ Y Tế 2007"
food_nutrients.csv,rau_den,sodium_mg,56,https://noitronhanh.com/dinh-duong/rau-den,Rau dền | Nội Trợ Nhanh,exact,applied,"Natri; Viện Dinh Dưỡng, Bộ Y Tế 2007"
food_nutrients.csv,sa,energy_kcal,99,https://foodstruct.com/food/lemongrasscitronella-raw,Lemongrass raw nutrition,exact,applied,"Raw lemongrass, per 100g"
food_nutrients.csv,sa,protein_g,1.8,https://foodstruct.com/food/lemongrasscitronella-raw,Lemongrass raw nutrition,exact,applied,"Raw lemongrass, per 100g"
food_nutrients.csv,sa,carbohydrate_g,25,https://foodstruct.com/food/lemongrasscitronella-raw,Lemongrass raw nutrition,exact,applied,"Raw lemongrass, per 100g"
food_nutrients.csv,sa,fat_g,0.49,https://foodstruct.com/food/lemongrasscitronella-raw,Lemongrass raw nutrition,exact,applied,"Raw lemongrass, per 100g"
food_nutrients.csv,sa,fibre_g,0,https://foodstruct.com/food/lemongrasscitronella-raw,Lemongrass raw nutrition,exact,applied,"Raw lemongrass, per 100g; source reports dietary fiber 0g"
food_nutrients.csv,sa,sodium_mg,6,https://foodstruct.com/food/lemongrasscitronella-raw,Lemongrass raw nutrition,exact,applied,"Raw lemongrass, per 100g"
food_nutrients.csv,nuoc_mam,energy_kcal,28,https://www.fao.org/fileadmin/templates/food_composition/documents/pdf/VTN_FCT_2007.pdf,Bảng thành phần thực phẩm Việt Nam,exact,applied,"Nước mắm loại I / Fish sauce grade I, 100g edible portion"
food_nutrients.csv,nuoc_mam,protein_g,7.1,https://www.fao.org/fileadmin/templates/food_composition/documents/pdf/VTN_FCT_2007.pdf,Bảng thành phần thực phẩm Việt Nam,exact,applied,"Nước mắm loại I, 100g edible portion"
food_nutrients.csv,nuoc_mam,carbohydrate_g,0,https://www.fao.org/fileadmin/templates/food_composition/documents/pdf/VTN_FCT_2007.pdf,Bảng thành phần thực phẩm Việt Nam,exact,applied,Glucid = 0.0 g/100g
food_nutrients.csv,nuoc_mam,fat_g,0,https://www.fao.org/fileadmin/templates/food_composition/documents/pdf/VTN_FCT_2007.pdf,Bảng thành phần thực phẩm Việt Nam,exact,applied,Lipid = 0.00 g/100g
food_nutrients.csv,nuoc_mam,fibre_g,0,https://www.fao.org/fileadmin/templates/food_composition/documents/pdf/VTN_FCT_2007.pdf,Bảng thành phần thực phẩm Việt Nam,exact,applied,Celluloza/Fiber = 0.0 g/100g
food_nutrients.csv,nuoc_mam,sodium_mg,7720,https://viendinhduong.vn/vi/article/tin-tuc/nuoc-mam-hay-muoi-dung-the-nao-de-khong-lo-tang-huyet-ap-6a0d1bb45aaa4a22bf027ad2,Viện Dinh dưỡng - Nước mắm hay muối,exact,applied,"Viện Dinh dưỡng: 100g nước mắm chứa 7,720 mg natri"
food_nutrients.csv,dau_an,energy_kcal,884,https://foodstruct.com/food/soybean-oil,Soybean oil nutrition,proxy,applied,Generic cooking oil represented by soybean oil; matches retail price proxy
food_nutrients.csv,dau_an,protein_g,0,https://foodstruct.com/food/soybean-oil,Soybean oil nutrition,proxy,applied,Amount per 100g
food_nutrients.csv,dau_an,carbohydrate_g,0,https://foodstruct.com/food/soybean-oil,Soybean oil nutrition,proxy,applied,Amount per 100g
food_nutrients.csv,dau_an,fat_g,100,https://foodstruct.com/food/soybean-oil,Soybean oil nutrition,proxy,applied,Amount per 100g
food_nutrients.csv,dau_an,fibre_g,0,https://foodstruct.com/food/soybean-oil,Soybean oil nutrition,proxy,applied,Amount per 100g
food_nutrients.csv,dau_an,sodium_mg,0,https://foodstruct.com/food/soybean-oil,Soybean oil nutrition,proxy,applied,Amount per 100g
food_nutrients.csv,thit_bo_bap,carbohydrate_g,0,https://foodstruct.com/food/beef-shank,Beef shank nutrition,proxy,applied,Beef shank raw/cross-cut profile; 0 g carbohydrate per 100g
food_nutrients.csv,thit_bo_bap,fibre_g,0,https://foodstruct.com/food/beef-shank,Beef shank nutrition,proxy,applied,Beef shank profile; dietary fibre 0 g/100g
food_nutrients.csv,ca_loc,carbohydrate_g,0,https://tools.myfooddata.com/nutrition-facts/100072385/wt1,Nutrition Facts for Snakehead fish,exact,applied,Snakehead fish 100g: total carbohydrate 0 g
food_nutrients.csv,ca_loc,fibre_g,0,https://www.eatthismuch.com/calories/snakehead-fish-slices-4147044,Snakehead fish slices nutrition,proxy,applied,100g snakehead fish slices: fibre 0 g
food_nutrients.csv,ca_loc,sodium_mg,219,https://tools.myfooddata.com/nutrition-facts/100072385/wt1,Nutrition Facts for Snakehead fish,exact,applied,Snakehead fish 100g: sodium 219 mg
food_nutrients.csv,ca_basa,carbohydrate_g,0,https://www.vinmec.com/eng/blog/nutritional-composition-of-basa-fish-en,Nutritional Composition of Basa Fish,exact,applied,Basa fish nutrition: carbohydrates 0 g (126g serving; zero remains zero per 100g)
food_nutrients.csv,ca_basa,fibre_g,0,https://www.recipal.com/ingredients/71950-nutrition-facts-calories-protein-carbs-fat-basa-fish-fillet,Basa fish fillet Nutrition Facts,proxy,applied,Basa fillet label reports dietary fiber 0 g
food_nutrients.csv,ca_nuc,carbohydrate_g,0,https://www.snapcalorie.com/nutrition/shortfin_scad_nutrition.html,Shortfin scad Nutrition,proxy,applied,Shortfin scad 100g: carbohydrate 0.0 g
food_nutrients.csv,trung_ga,fibre_g,0,https://foodstruct.com/food/egg-whole-raw-frozen-salted-pasteurized,Egg whole raw nutrition,proxy,applied,Whole raw egg profile: dietary fibre 0 g/100g
food_nutrients.csv,cai_ngot,fibre_g,1.6,https://www.vegetables.co.nz/vegetable-a-z/vegetables-a-z/asian-greens,Asian greens - Choy sum FOODfiles,proxy,applied,Cải ngọt mapped to choy sum; FOODfiles 2018: dietary fibre 1.6 g/100g
food_nutrients.csv,cai_ngot,sodium_mg,13,https://www.vegetables.co.nz/vegetable-a-z/vegetables-a-z/asian-greens,Asian greens - Choy sum FOODfiles,proxy,applied,Cải ngọt mapped to choy sum; sodium 13 mg/100g
food_nutrients.csv,cai_thao,fat_g,0.17,https://foodstruct.com/food/napa-cabbage,Napa cabbage nutrition,proxy,applied,Cải thảo mapped to napa cabbage; total fat 0.17 g/100g
food_nutrients.csv,cai_thao,fibre_g,0,https://foodstruct.com/food/napa-cabbage,Napa cabbage nutrition,proxy,applied,Cải thảo mapped to napa cabbage; source reports dietary fibre 0 g/100g
food_nutrients.csv,cai_thao,sodium_mg,11,https://foodstruct.com/food/napa-cabbage,Napa cabbage nutrition,proxy,applied,Cải thảo mapped to napa cabbage; sodium 11 mg/100g
food_nutrients.csv,bap_cai,sodium_mg,18,https://foodstruct.com/food/cabbage,Cabbage nutrition,proxy,applied,Raw cabbage: sodium 18 mg/100g
food_nutrients.csv,bi_dao,fat_g,0.2,https://foodstruct.com/food/winter-melon,Winter melon nutrition,proxy,applied,Bí đao mapped to winter melon; fat 0.2 g/100g
food_nutrients.csv,muop_huong,sodium_mg,31,https://www.snapcalorie.com/nutrition/sponge_gourd_nutrition.html,Sponge gourd Nutrition,proxy,applied,Mướp hương mapped to sponge gourd; sodium 31 mg/100g
food_nutrients.csv,ca_rot,fibre_g,2.8,https://foodstruct.com/food/carrots,Carrot nutrition,proxy,applied,Raw carrot: fibre 2.8 g/100g
food_nutrients.csv,dau_cove,fat_g,0.28,https://foodstruct.com/food/beans-snap-green-raw,Green beans nutrition,proxy,applied,Đậu cô ve mapped to green snap beans; fat 0.28 g/100g
food_nutrients.csv,hanh_la,fat_g,0.19,https://foodstruct.com/food/onions-springorscallionsincludestopsandbulb-raw,Scallion nutrition,proxy,applied,Hành lá mapped to scallion; fat 0.19 g/100g
food_nutrients.csv,ot_hiem,energy_kcal,40,https://batchbase.com.au/usda-foods/170106,"Peppers, hot chili, red, raw — USDA Nutrition Data",proxy,applied,Ớt hiểm mapped to raw hot red chili; USDA FDC 170106
food_nutrients.csv,ot_hiem,protein_g,1.87,https://batchbase.com.au/usda-foods/170106,"Peppers, hot chili, red, raw — USDA Nutrition Data",proxy,applied,"USDA FDC 170106, per 100g edible portion"
food_nutrients.csv,ot_hiem,carbohydrate_g,8.81,https://batchbase.com.au/usda-foods/170106,"Peppers, hot chili, red, raw — USDA Nutrition Data",proxy,applied,"USDA FDC 170106, per 100g edible portion"
food_nutrients.csv,ot_hiem,fat_g,0.44,https://batchbase.com.au/usda-foods/170106,"Peppers, hot chili, red, raw — USDA Nutrition Data",proxy,applied,"USDA FDC 170106, per 100g edible portion"
food_nutrients.csv,nuoc_tuong,fibre_g,0.8,https://foodstruct.com/food/soy-sauce,Soy sauce nutrition,proxy,applied,Generic soy sauce: dietary fibre 0.8 g/100g
food_nutrients.csv,muoi,protein_g,0,https://foodstruct.com/food/table-salt,Table salt nutrition,exact,applied,Table salt contains no protein
food_nutrients.csv,muoi,carbohydrate_g,0,https://foodstruct.com/food/table-salt,Table salt nutrition,exact,applied,Table salt contains no carbohydrate
food_nutrients.csv,muoi,fat_g,0,https://foodstruct.com/food/table-salt,Table salt nutrition,exact,applied,Table salt contains no fat
food_nutrients.csv,muoi,fibre_g,0,https://foodstruct.com/food/table-salt,Table salt nutrition,exact,applied,Table salt contains no dietary fibre
food_nutrients.csv,duong_cat,fat_g,0,https://foodstruct.com/food/sugar,Sugar nutrition,proxy,applied,Granulated sugar profile; fat 0 g
food_nutrients.csv,duong_cat,fibre_g,0,https://foodstruct.com/food/sugar,Sugar nutrition,proxy,applied,Granulated sugar profile; dietary fibre 0 g
food_nutrients.csv,ca_nuc,fibre_g,0,https://www.snapcalorie.com/nutrition/shortfin_scad_nutrition.html,Shortfin scad Nutrition,proxy,applied,Cá nục mapped to shortfin scad; dietary fiber 0 g/100g.
food_nutrients.csv,nam_rom,sodium_mg,,https://dulieuphapluat.vn/cong-cu/gia-tri-dinh-duong-thuc-pham/nam-rom-tuoi.html,"Nấm rơm, tươi",exact,no_data,Exact source explicitly states Natri: chưa có số liệu; left CAN-DIEN.
food_nutrients.csv,me_chua,fat_g,,https://dulieuphapluat.vn/cong-cu/gia-tri-dinh-duong-thuc-pham/qua-me-chua-tuoi.html,"Quả me chua, tươi",exact,no_data,Exact source explicitly states Chất béo: chưa có số liệu; left CAN-DIEN.
food_nutrients.csv,me_chua,sodium_mg,,https://dulieuphapluat.vn/cong-cu/gia-tri-dinh-duong-thuc-pham/qua-me-chua-tuoi.html,"Quả me chua, tươi",exact,no_data,Exact source explicitly states Natri: chưa có số liệu; left CAN-DIEN.
recipes.csv,thit_kho_trung,yieldAdultEquivalent,4,https://sanko.com.vn/cach-lam-thit-kho-trung.html,,exact,applied,Source explicitly describes recipe for a family of 4
recipe_ingredients.csv,thit_kho_trung|thit_ba_chi,quantity,500,https://sanko.com.vn/cach-lam-thit-kho-trung.html,,exact,applied,Source states 500 g pork belly
recipe_ingredients.csv,thit_kho_trung|trung_ga,quantity,5,https://sanko.com.vn/cach-lam-thit-kho-trung.html,,exact,applied,Source states 5 chicken eggs
recipes.csv,bo_kho_ca_rot,yieldAdultEquivalent,4,https://kithome.com.vn/2-cach-lam-bo-kho-ca-rot-mau-mem-thom-lung-ai-an,,exact,applied,Source states ingredients for 4 people
recipes.csv,bo_kho_ca_rot,activeMinutes,40,https://kithome.com.vn/2-cach-lam-bo-kho-ca-rot-mau-mem-thom-lung-ai-an,,exact,applied,Source states prep time 40 minutes
recipes.csv,bo_kho_ca_rot,elapsedMinutes,115,https://kithome.com.vn/2-cach-lam-bo-kho-ca-rot-mau-mem-thom-lung-ai-an,,exact,applied,Source states prep 40 min + cooking 75 min; elapsed computed as total
recipe_ingredients.csv,bo_kho_ca_rot|thit_bo_bap,quantity,500,https://kithome.com.vn/2-cach-lam-bo-kho-ca-rot-mau-mem-thom-lung-ai-an,,exact,applied,Source states 500 g beef; mapped to catalog beef shank
recipe_ingredients.csv,bo_kho_ca_rot|nuoc_mam,quantity,30,https://kithome.com.vn/2-cach-lam-bo-kho-ca-rot-mau-mem-thom-lung-ai-an,,exact,applied,Source states 2 tbsp fish sauce; converted at 15 ml/tbsp
recipe_ingredients.csv,ca_loc_kho_to|ca_loc,quantity,500,https://www.huongnghiepaau.com/ca-loc-kho-to,,exact,applied,Source states 500 g snakehead fish
recipe_ingredients.csv,ca_loc_kho_to|hanh_tim,quantity,15,https://www.huongnghiepaau.com/ca-loc-kho-to,,exact,applied,Source states 15 g minced shallot
recipe_ingredients.csv,ca_loc_kho_to|nuoc_mam,quantity,22.5,https://www.huongnghiepaau.com/ca-loc-kho-to,,exact,applied,Source states 1.5 tbsp fish sauce; converted at 15 ml/tbsp
recipes.csv,cai_ngot_luoc,yieldAdultEquivalent,5,https://kingfoodmart.com/bai-viet/cach-luoc-rau-cai-ngot-xanh-muot,,exact,applied,Source states serving size 5 people
recipes.csv,cai_ngot_luoc,elapsedMinutes,25,https://kingfoodmart.com/bai-viet/cach-luoc-rau-cai-ngot-xanh-muot,,exact,applied,Source states total time 25 minutes
recipe_ingredients.csv,cai_ngot_luoc|cai_ngot,quantity,500,https://kingfoodmart.com/bai-viet/cach-luoc-rau-cai-ngot-xanh-muot,,exact,applied,Source states 500 g choy sum
recipes.csv,bap_cai_xao,yieldAdultEquivalent,3,https://cookbeo.com/recipes/bap-cai-xao-toi,,exact,applied,Source states serving size 3 people; 500 g cabbage
recipes.csv,muop_xao_toi,yieldAdultEquivalent,3,https://www.dienmayxanh.com/vao-bep/cach-lam-muop-xao-toi-ngon-ngot-thanh-dam-don-gian-tai-nha-08978,,exact,applied,Source states recipe for 3 people
recipes.csv,muop_xao_toi,activeMinutes,5,https://www.dienmayxanh.com/vao-bep/cach-lam-muop-xao-toi-ngon-ngot-thanh-dam-don-gian-tai-nha-08978,,exact,applied,Source states prep time 5 minutes
recipes.csv,muop_xao_toi,elapsedMinutes,15,https://www.dienmayxanh.com/vao-bep/cach-lam-muop-xao-toi-ngon-ngot-thanh-dam-don-gian-tai-nha-08978,,exact,applied,Source states prep 5 + cooking 10 minutes; elapsed total
recipe_ingredients.csv,muop_xao_toi|dau_an,quantity,30,https://www.dienmayxanh.com/vao-bep/cach-lam-muop-xao-toi-ngon-ngot-thanh-dam-don-gian-tai-nha-08978,,exact,applied,Source states 2 tbsp oil; converted at 15 ml/tbsp
recipe_ingredients.csv,rau_muong_xao_toi|dau_an,quantity,30,https://comgasingapore.vn/blogs/vaobep/lam-rau-muong-xao-toi-mon-an-dan-da-qua-de-voi-sing-chicken,,exact,applied,Source states 2 tbsp cooking oil; converted at 15 ml/tbsp
recipes.csv,canh_ca_chua_trung,activeMinutes,5,https://www.dienmayxanh.com/vao-bep/cach-nau-canh-ca-chua-trung-ngon-dung-dieu-khong-bi-tanh-don-10696,,exact,applied,Source states prep time 5 minutes
recipes.csv,canh_ca_chua_trung,elapsedMinutes,25,https://www.dienmayxanh.com/vao-bep/cach-nau-canh-ca-chua-trung-ngon-dung-dieu-khong-bi-tanh-don-10696,,exact,applied,Source states prep 5 + cook 20 minutes; elapsed total
recipe_ingredients.csv,canh_ca_chua_trung|trung_ga,quantity,2,https://www.dienmayxanh.com/vao-bep/cach-nau-canh-ca-chua-trung-ngon-dung-dieu-khong-bi-tanh-don-10696,,exact,applied,Source states 2 eggs
recipes.csv,canh_bi_dao_thit_bam,yieldAdultEquivalent,,https://beptruong.edu.vn/cach-nau-canh-bi-dao,,close_match,review_required,Catalog uses ground beef; source recipe uses ground pork. Do not apply quantities automatically.
recipes.csv,canh_bi_do_thit_bam,yieldAdultEquivalent,,https://www.bluestone.com.vn/blogs/vao-bep/cach-nau-canh-bi-do-thit-bam,,close_match,review_required,Catalog uses ground beef; source recipe uses ground pork. Do not apply quantities automatically.
recipes.csv,trung_chien_hanh,yieldAdultEquivalent,2,https://www.dienmayxanh.com/vao-bep/cach-lam-trung-op-la-chien-nuoc-mam-ngon-dam-da-hao-com-don-12768,,close_match,review_required,Source is fish-sauce fried egg with bell pepper; schema is scallion omelet. Candidate not auto-applied.
recipes.csv,suon_ram_man,activeMinutes,15,https://redboatfishsauce.com/blogs/recipes/suon-ram-man,,exact,applied,Source states prep time 15 minutes
recipes.csv,suon_ram_man,elapsedMinutes,60,https://redboatfishsauce.com/blogs/recipes/suon-ram-man,,exact,applied,Source states prep 15 + cook 45 minutes; elapsed total
recipe_ingredients.csv,suon_ram_man|nuoc_mam,quantity,37.5,https://redboatfishsauce.com/blogs/recipes/suon-ram-man,,exact,applied,Source states 2.5 tbsp fish sauce; 15 ml/tbsp
recipe_ingredients.csv,suon_ram_man|dau_an,quantity,5,https://redboatfishsauce.com/blogs/recipes/suon-ram-man,,exact,applied,Source states 1 tsp oil; 5 ml/tsp
recipes.csv,suon_ram_man,yieldAdultEquivalent,1.5,https://redboatfishsauce.com/blogs/recipes/suon-ram-man,,approximate,review_required,"Source says 1–2 servings. Midpoint 1.5 is a candidate, not auto-applied."
recipe_ingredients.csv,ga_kho_nam|nam_rom,quantity,150,https://vtcnews.vn/cach-lam-ga-kho-nam-ngon-mem-don-gian-ar913467.html,,close_match,review_required,"Source states 150 g fresh shiitake; catalog expects straw mushroom (nam_rom), so not auto-applied."
recipe_ingredients.csv,suon_ram_man|duong_cat,quantity,25,https://redboatfishsauce.com/blogs/recipes/suon-ram-man,,derived_from_source,applied,Source: 2 tbsp sugar; converted using 12.5 g/tbsp (https://www.inchcalculator.com/convert/tablespoon-sugar-to-gram-sugar)
recipe_ingredients.csv,tom_rim_man|duong_cat,quantity,37.5,https://www.wokandkin.com/tom-rim,,derived_from_source,applied,Source: 3 tbsp sugar; converted using 12.5 g/tbsp (https://www.inchcalculator.com/convert/tablespoon-sugar-to-gram-sugar)
recipe_ingredients.csv,tom_rim_man|tieu_xay,quantity,2.71,https://www.wokandkin.com/tom-rim,,derived_from_source,applied,Source: 1 tsp pepper; converted using 2.71 g/tsp (https://www.cuporgram.com/convert/black-pepper-ground/teaspoons-to-grams)
recipe_ingredients.csv,ga_kho_gung|duong_cat,quantity,12.5,https://getvanvan.com/blogs/recipes/ga-kho-gung,,derived_from_source,applied,Source: 1 tbsp granulated sugar; converted using 12.5 g/tbsp (https://www.inchcalculator.com/convert/tablespoon-sugar-to-gram-sugar)
recipe_ingredients.csv,ga_kho_gung|tieu_xay,quantity,2.71,https://getvanvan.com/blogs/recipes/ga-kho-gung,,derived_from_source,applied,Source: 1 tsp black pepper; converted using 2.71 g/tsp (https://www.cuporgram.com/convert/black-pepper-ground/teaspoons-to-grams)
recipe_ingredients.csv,ga_kho_nam|tieu_xay,quantity,1.355,https://vtcnews.vn/cach-lam-ga-kho-nam-ngon-mem-don-gian-ar913467.html,,derived_from_source,applied,Source: 0.5 tsp pepper; converted using 2.71 g/tsp (https://www.cuporgram.com/convert/black-pepper-ground/teaspoons-to-grams)
recipe_ingredients.csv,ca_loc_kho_to|duong_cat,quantity,18.75,https://www.huongnghiepaau.com/ca-loc-kho-to,,derived_from_source,applied,Source: 1.5 tbsp sugar; converted using 12.5 g/tbsp (https://www.inchcalculator.com/convert/tablespoon-sugar-to-gram-sugar)
recipe_ingredients.csv,ca_loc_kho_to|tieu_xay,quantity,1.355,https://www.huongnghiepaau.com/ca-loc-kho-to,,derived_from_source,applied,Source: 0.5 tsp pepper; converted using 2.71 g/tsp (https://www.cuporgram.com/convert/black-pepper-ground/teaspoons-to-grams)
recipes.csv,ca_nuc_kho_ca_chua,yieldAdultEquivalent,2,https://www.dienmayxanh.com/vao-bep/cach-lam-ca-nuc-kho-ca-chua-thom-ngon-mon-man-hoan-hao-voi-07702,,exact,applied,Source states recipe for 2 people
recipes.csv,ca_nuc_kho_ca_chua,activeMinutes,15,https://www.dienmayxanh.com/vao-bep/cach-lam-ca-nuc-kho-ca-chua-thom-ngon-mon-man-hoan-hao-voi-07702,,exact,applied,Source states preparation time 15 minutes
recipes.csv,ca_nuc_kho_ca_chua,elapsedMinutes,35,https://www.dienmayxanh.com/vao-bep/cach-lam-ca-nuc-kho-ca-chua-thom-ngon-mon-man-hoan-hao-voi-07702,,exact,applied,Source states prep 15 + cook 20 minutes; elapsed total
recipe_ingredients.csv,ca_nuc_kho_ca_chua|ca_nuc,quantity,500,https://www.dienmayxanh.com/vao-bep/cach-lam-ca-nuc-kho-ca-chua-thom-ngon-mon-man-hoan-hao-voi-07702,,exact,applied,Source states 500 g scad
recipe_ingredients.csv,ca_nuc_kho_ca_chua|ca_chua,quantity,250,https://www.dienmayxanh.com/vao-bep/cach-lam-ca-nuc-kho-ca-chua-thom-ngon-mon-man-hoan-hao-voi-07702,,exact,applied,Source states 250 g tomato
recipe_ingredients.csv,ca_nuc_kho_ca_chua|nuoc_mam,quantity,60,https://www.dienmayxanh.com/vao-bep/cach-lam-ca-nuc-kho-ca-chua-thom-ngon-mon-man-hoan-hao-voi-07702,,derived_from_source,applied,Source states 4 tbsp fish sauce; converted at 15 ml/tbsp
recipes.csv,trung_chien_hanh,elapsedMinutes,10,https://cookpad.com/vn/cong-thuc/24112136,,exact,applied,Source lists total time 10 minutes
recipe_ingredients.csv,trung_chien_hanh|trung_ga,quantity,3,https://cookpad.com/vn/cong-thuc/24112136,,exact,applied,Source states 3 chicken eggs
recipe_ingredients.csv,trung_chien_hanh|nuoc_mam,quantity,2.5,https://cookpad.com/vn/cong-thuc/24112136,,derived_from_source,applied,Source states 1/2 tsp fish sauce; converted at 5 ml/tsp
recipe_ingredients.csv,trung_chien_hanh|dau_an,quantity,30,https://cookpad.com/vn/cong-thuc/24112136,,derived_from_source,applied,Source states 2 tbsp cooking oil; converted at 15 ml/tbsp
recipe_ingredients.csv,tom_xao_bi_dao|tom_the,quantity,100,https://marketplace.tripmap.vn/recipes/tom-xao-bi-xanh,,exact,applied,Source states 100 g peeled shrimp; mapped to catalog shrimp
recipe_ingredients.csv,tom_xao_bi_dao|bi_dao,quantity,400,https://marketplace.tripmap.vn/recipes/tom-xao-bi-xanh,,exact,applied,Source states 400 g winter melon/bí xanh
recipes.csv,tom_xao_bi_dao,yieldAdultEquivalent,2,https://www.knorr.com/vn/r/b%C3%AD-%C4%91ao-x%C3%A0o-t%C3%B4m-th%E1%BB%8Bt---m%C3%B3n-x%C3%A0o-ngon.html/157794,,close_match,review_required,Source states 2 servings but recipe includes pork in addition to shrimp; not auto-applied
recipes.csv,tom_xao_bi_dao,activeMinutes,15,https://www.knorr.com/vn/r/b%C3%AD-%C4%91ao-x%C3%A0o-t%C3%B4m-th%E1%BB%8Bt---m%C3%B3n-x%C3%A0o-ngon.html/157794,,close_match,review_required,Source states prep 15 min but recipe includes pork; not auto-applied
recipes.csv,tom_xao_bi_dao,elapsedMinutes,25,https://www.knorr.com/vn/r/b%C3%AD-%C4%91ao-x%C3%A0o-t%C3%B4m-th%E1%BB%8Bt---m%C3%B3n-x%C3%A0o-ngon.html/157794,,close_match,review_required,"Source states prep 15 + cook 10, but recipe includes pork; not auto-applied"
recipe_ingredients.csv,dau_hu_kho_nam|nam_rom,quantity,500,https://vietnamnet.vn/cach-lam-nam-rom-kho-dau-hu-bo-duong-ma-cuc-hao-com-2316847.html,,exact,applied,Source states 500 g straw mushrooms; tofu is given by piece so tofu grams not inferred
recipes.csv,trung_chien_thit_bam,yieldAdultEquivalent,1,https://marketplace.tripmap.vn/recipes/trung-chien-thit-bo,,exact,applied,Source states 1 serving
recipes.csv,trung_chien_thit_bam,activeMinutes,10,https://marketplace.tripmap.vn/recipes/trung-chien-thit-bo,,exact,applied,Source states preparation time 10 minutes
recipes.csv,trung_chien_thit_bam,elapsedMinutes,15,https://marketplace.tripmap.vn/recipes/trung-chien-thit-bo,,exact,applied,Source states prep 10 + cook 5 minutes
recipe_ingredients.csv,trung_chien_thit_bam|trung_ga,quantity,2,https://marketplace.tripmap.vn/recipes/trung-chien-thit-bo,,exact,applied,Source states 2 chicken eggs
recipe_ingredients.csv,trung_chien_thit_bam|thit_bo_xay,quantity,100,https://marketplace.tripmap.vn/recipes/trung-chien-thit-bo,,exact,applied,Source states 100 g beef; recipe is minced beef omelet
recipe_ingredients.csv,canh_bi_dao_thit_bam|thit_bo_xay,quantity,100,https://cookpad.com/vn/cong-thuc/9215032,,exact,applied,Source states 100 g beef and instructions mince it before cooking
recipe_ingredients.csv,canh_bi_do_thit_bam|thit_bo_xay,quantity,500,https://dienmaycholon.com/mon-ngon/cach-nau-canh-thit-bo-bi-do,,exact,applied,Source states 500 g beef; instructions explicitly allow mincing or grinding
recipe_ingredients.csv,thit_kho_trung|nuoc_mam,quantity,30,https://sanko.com.vn/cach-lam-thit-kho-trung.html,,derived_from_source,applied,Source states 2 tbsp fish sauce; converted at 15 ml/tbsp
recipe_ingredients.csv,thit_kho_trung|duong_cat,quantity,25,https://sanko.com.vn/cach-lam-thit-kho-trung.html,,derived_from_source,applied,Source states 2 tbsp sugar; converted using 12.5 g/tbsp
recipe_ingredients.csv,bo_xao_gia|nuoc_tuong,quantity,45,https://gofood.vn/tin-tuc/cach-lam-thit-bo-xao-gia-do.html,,derived_from_source,applied,Source states 3 tbsp soy sauce; converted at 15 ml/tbsp
recipes.csv,bo_xao_gia,yieldAdultEquivalent,2-3,https://gofood.vn/tin-tuc/cach-lam-thit-bo-xao-gia-do.html,,exact_range,review_required,Source gives 2-3 servings; range not collapsed to a single scalar
recipes.csv,bo_xao_gia,elapsedMinutes,20-30,https://gofood.vn/tin-tuc/cach-lam-thit-bo-xao-gia-do.html,,exact_range,review_required,Source gives time range 20-30 min; range not collapsed to a single scalar
recipe_ingredients.csv,ca_basa_kho_tieu|tieu_xay,quantity,8.13,https://www.dienmayxanh.com/vao-bep/cach-lam-ca-basa-kho-tieu-ngon-dam-da-cuc-hao-com-11339,,derived_from_source,applied,Source states 1 tbsp ground pepper; converted using 8.13 g/tbsp black pepper conversion
recipe_ingredients.csv,ca_basa_kho_tieu|duong_cat,quantity,4.17,https://www.dienmayxanh.com/vao-bep/cach-lam-ca-basa-kho-tieu-ngon-dam-da-cuc-hao-com-11339,,derived_from_source,applied,Source states 1 tsp sugar; converted using 4.17 g/tsp granulated sugar conversion
recipes.csv,canh_cai_thao_thit,activeMinutes,15,https://www.dienmayxanh.com/vao-bep/cach-nau-canh-cai-thao-thit-bam-thom-ngon-thanh-dam-chi-voi-11806,,exact,applied,Source states preparation time 15 minutes
recipes.csv,canh_cai_thao_thit,elapsedMinutes,35,https://www.dienmayxanh.com/vao-bep/cach-nau-canh-cai-thao-thit-bam-thom-ngon-thanh-dam-chi-voi-11806,,exact,applied,Source states prep 15 + cook 20 minutes
recipes.csv,dau_hu_chien_sa,yieldAdultEquivalent,2,https://www.dienmayxanh.com/vao-bep/cach-lam-dau-hu-chien-sa-ot-gion-rum-thom-ngon-chay-man-deu-11220,,exact,applied,Source states recipe for 2 people
recipes.csv,dau_hu_chien_sa,activeMinutes,10,https://www.dienmayxanh.com/vao-bep/cach-lam-dau-hu-chien-sa-ot-gion-rum-thom-ngon-chay-man-deu-11220,,exact,applied,Source states preparation time 10 minutes
recipes.csv,dau_hu_chien_sa,elapsedMinutes,25,https://www.dienmayxanh.com/vao-bep/cach-lam-dau-hu-chien-sa-ot-gion-rum-thom-ngon-chay-man-deu-11220,,exact,applied,Source states prep 10 + cook 15 minutes
recipes.csv,dau_hu_sot_ca_chua,activeMinutes,20,https://www.dienmayxanh.com/vao-bep/cach-lam-dau-hu-sot-ca-chua-chay-don-gian-de-lam-cho-bua-com-10227,,exact,applied,Source states preparation time 20 minutes
recipes.csv,dau_hu_sot_ca_chua,elapsedMinutes,35,https://www.dienmayxanh.com/vao-bep/cach-lam-dau-hu-sot-ca-chua-chay-don-gian-de-lam-cho-bua-com-10227,,exact,applied,Source states prep 20 + cook 15 minutes
recipes.csv,dau_hu_sot_ca_chua,yieldAdultEquivalent,2-3,https://www.dienmayxanh.com/vao-bep/cach-lam-dau-hu-sot-ca-chua-chay-don-gian-de-lam-cho-bua-com-10227,,exact_range,review_required,Source gives 2-3 servings; range not collapsed to single scalar
recipe_ingredients.csv,dau_hu_kho_nam|nuoc_tuong,quantity,45,https://vietnamnet.vn/cach-lam-nam-rom-kho-dau-hu-bo-duong-ma-cuc-hao-com-2316847.html,,derived_from_source,applied,Source states 3 tbsp soy sauce; converted at 15 ml/tbsp
recipe_ingredients.csv,dau_hu_kho_nam|duong_cat,quantity,12.5,https://vietnamnet.vn/cach-lam-nam-rom-kho-dau-hu-bo-duong-ma-cuc-hao-com-2316847.html,,derived_from_source,applied,Source states 1 tbsp sugar; converted at 12.5 g/tbsp
recipes.csv,rau_muong_luoc,elapsedMinutes,35,https://vnexpress.net/doi-song-cooking-cach-luoc-rau-muong-kieu-ha-noi-theo-loi-xua-4752379.html,,exact,applied,Source states total time 35 minutes
recipes.csv,rau_muong_luoc,yieldAdultEquivalent,4-5,https://vnexpress.net/doi-song-cooking-cach-luoc-rau-muong-kieu-ha-noi-theo-loi-xua-4752379.html,,exact_range,review_required,Source gives 4-5 servings; range not collapsed to single scalar
recipe_ingredients.csv,bo_xao_gia|toi,quantity,9,https://gofood.vn/tin-tuc/cach-lam-thit-bo-xao-gia-do.html,,derived_from_source,applied,Recipe states 3 garlic cloves; USDA serving 1 clove = 3 g; conversion source: https://snaped.fns.usda.gov/resources/nutrition-education-materials/seasonal-produce-guide/garlic
recipe_ingredients.csv,bo_xao_gia|hanh_la,quantity,30,https://gofood.vn/tin-tuc/cach-lam-thit-bo-xao-gia-do.html,,derived_from_source,applied,Recipe states 2 green onion stalks; USDA-based serving 1 medium scallion = 15 g; conversion source: https://tools.myfooddata.com/nutrition-facts/170005/wt4
recipe_ingredients.csv,canh_ca_chua_trung|ca_chua,quantity,123,https://www.dienmayxanh.com/vao-bep/cach-nau-canh-ca-chua-trung-ngon-dung-dieu-khong-bi-tanh-don-10696,,derived_from_source,applied,Recipe states 1 tomato; standardized as 1 medium tomato = 123 g; conversion source: https://snaped.fns.usda.gov/resources/nutrition-education-materials/seasonal-produce-guide/tomatoes
recipe_ingredients.csv,canh_ca_chua_trung|hanh_la,quantity,15,https://www.dienmayxanh.com/vao-bep/cach-nau-canh-ca-chua-trung-ngon-dung-dieu-khong-bi-tanh-don-10696,,derived_from_source,applied,Recipe states 1 green onion stalk; standardized as 1 medium scallion = 15 g; conversion source: https://tools.myfooddata.com/nutrition-facts/170005/wt4
recipe_ingredients.csv,trung_chien_hanh|hanh_la,quantity,30,https://cookpad.com/vn/cong-thuc/24112136,,derived_from_source,applied,Recipe states 2 green onion stalks; standardized as 15 g each; conversion source: https://tools.myfooddata.com/nutrition-facts/170005/wt4
recipe_ingredients.csv,bo_kho_ca_rot|ca_rot,quantity,61,https://kithome.com.vn/2-cach-lam-bo-kho-ca-rot-mau-mem-thom-lung-ai-an,,derived_from_source,applied,Recipe states 1 carrot; standardized as 1 medium carrot = 61 g; conversion source: https://snaped.fns.usda.gov/resources/nutrition-education-materials/seasonal-produce-guide/carrots
recipe_ingredients,suon_ram_man|toi,quantity,6,https://redboatfishsauce.com/blogs/recipes/suon-ram-man,Sườn Ram Mặn – Red Boat Fish Sauce,exact+conversion,applied,2 medium garlic cloves × USDA 3g/clove. Conversion source: https://snaped.fns.usda.gov/resources/nutrition-education-materials/seasonal-produce-guide/garlic
recipe_ingredients,suon_ram_man|hanh_tim,quantity,21.5,https://redboatfishsauce.com/blogs/recipes/suon-ram-man,Sườn Ram Mặn – Red Boat Fish Sauce,exact+conversion,applied,1/2 medium shallot × 43g/medium shallot; conversion is compatible because source explicitly says medium shallot. Conversion source: https://www.eatthismuch.com/calories/shallots-2316
recipe_ingredients,ca_basa_chien_gion|tieu_xay,quantity,0.903,https://clpangafish.com.vn/vi/cook/ca-basa-chien-gion,CÁ BASA CHIÊN GIÒN – CLPANGAFISH CORP,exact+conversion,applied,1/3 tsp ground pepper × 2.71g/tsp. Conversion source: https://www.cuporgram.com/convert/black-pepper-ground/teaspoons-to-grams
recipe_ingredients,tom_rim_man|toi,quantity,9,https://www.wokandkin.com/tom-rim,Tôm Rim (Vietnamese Caramelized Shrimp),exact+conversion,applied,3 garlic cloves × USDA 3g/clove. Conversion source: https://snaped.fns.usda.gov/resources/nutrition-education-materials/seasonal-produce-guide/garlic
recipe_ingredients,muop_xao_toi|toi,quantity,12,https://www.dienmayxanh.com/vao-bep/cach-lam-muop-xao-toi-ngon-ngot-thanh-dam-don-gian-tai-nha-08978,"2 cách làm mướp xào tỏi ngon ngọt, thanh đạm đơn giản tại nhà",exact+conversion,applied,4 garlic cloves × USDA 3g/clove. Conversion source: https://snaped.fns.usda.gov/resources/nutrition-education-materials/seasonal-produce-guide/garlic
recipe_ingredients,thit_xao_hanh_tay|thit_nac_vai,quantity,400,https://marketplace.tripmap.vn/recipes/thit-heo-xao-hanh-tay-ca-chua,Thịt heo xào hành tây cà chua - Tripmart Recipes,exact,applied,Source states 4 lạng pork tenderloin = 400g.
recipes,su_su_xao_ca_rot,activeMinutes,10,https://www.dienmayxanh.com/vao-bep/cach-lam-su-su-xao-ca-rot-don-gian-thanh-dam-cho-bua-com-gia-11740,Cách làm su su xào cà rốt đơn giản thanh đạm cho bữa cơm gia đình,exact,applied,"Source explicitly states 6 servings, 10 min prep, 15 min cook; elapsed normalized to 25 min."
recipes,su_su_xao_ca_rot,elapsedMinutes,25,https://www.dienmayxanh.com/vao-bep/cach-lam-su-su-xao-ca-rot-don-gian-thanh-dam-cho-bua-com-gia-11740,Cách làm su su xào cà rốt đơn giản thanh đạm cho bữa cơm gia đình,exact,applied,"Source explicitly states 6 servings, 10 min prep, 15 min cook; elapsed normalized to 25 min."
recipes,muc_xao_ca_chua,yieldAdultEquivalent,4,https://pasgo.vn/blog/cach-lam-muc-xao-ca-chua-mau-sac-bat-mat-ngon-tuyet-dinh-tai-nha-4268,Cách làm MỰC XÀO CÀ CHUA màu sắc bắt mắt,exact,applied,Source explicitly says ingredients for 4 people.
recipes,thit_xao_hanh_tay,yieldAdultEquivalent,3,https://marketplace.tripmap.vn/recipes/thit-heo-xao-hanh-tay-ca-chua,Thịt heo xào hành tây cà chua - Tripmart Recipes,exact,applied,Source explicitly states serving 3.
recipes,thit_xao_hanh_tay,activeMinutes,20,https://marketplace.tripmap.vn/recipes/thit-heo-xao-hanh-tay-ca-chua,Thịt heo xào hành tây cà chua - Tripmart Recipes,exact,applied,Source explicitly states prep 20 min.
recipes,thit_xao_hanh_tay,elapsedMinutes,30,https://marketplace.tripmap.vn/recipes/thit-heo-xao-hanh-tay-ca-chua,Thịt heo xào hành tây cà chua - Tripmart Recipes,exact,applied,Source states prep 20 + cook 10 min; elapsed normalized to 30 min.
recipe_ingredients,thit_xao_dau_cove|thit_nac_vai,quantity,200,https://www.dienmayxanh.com/vao-bep/cach-lam-dau-que-xao-thit-heo-xanh-muot-gion-ngon-kho-cuong-11536,3 Cách làm đậu que (đậu cô ve) xào thịt,exact,applied,Source explicitly states 200g lean pork.
recipe_ingredients,thit_xao_dau_cove|toi,quantity,6,https://www.dienmayxanh.com/vao-bep/cach-lam-dau-que-xao-thit-heo-xanh-muot-gion-ngon-kho-cuong-11536,3 Cách làm đậu que (đậu cô ve) xào thịt,exact+conversion,applied,2 garlic cloves × USDA 3g/clove. Conversion source: https://snaped.fns.usda.gov/resources/nutrition-education-materials/seasonal-produce-guide/garlic
recipe_ingredients,ga_chien_nuoc_mam|toi,quantity,12,https://bunbobae.com/vietnamese-fish-sauce-glazed-chicken-wings-canh-ga-chien-nuoc-mam,Vietnamese Fish Sauce Glazed Chicken Wings – Bun Bo Bae,exact+conversion,applied,4 garlic cloves × USDA 3g/clove. Conversion source: https://snaped.fns.usda.gov/resources/nutrition-education-materials/seasonal-produce-guide/garlic
recipe_ingredients,ga_chien_nuoc_mam|duong_cat,quantity,50,https://bunbobae.com/vietnamese-fish-sauce-glazed-chicken-wings-canh-ga-chien-nuoc-mam,Vietnamese Fish Sauce Glazed Chicken Wings – Bun Bo Bae,exact+conversion,applied,4 tbsp granulated sugar × 12.5g/tbsp. Conversion source: https://www.inchcalculator.com/convert/tablespoon-sugar-to-gram-sugar
recipe_ingredients,bap_cai_xao|toi,quantity,30,https://cookbeo.com/recipes/bap-cai-xao-toi,Bắp Cải Xào Tỏi Đơn Giản Nhanh Gọn,exact+conversion,applied,10 garlic cloves × USDA 3g/clove. Conversion source: https://snaped.fns.usda.gov/resources/nutrition-education-materials/seasonal-produce-guide/garlic
recipes,bap_cai_xao,activeMinutes,12,https://cookbeo.com/recipes/bap-cai-xao-toi,Bắp Cải Xào Tỏi Đơn Giản Nhanh Gọn,exact,applied,Source states prep 12 min.
recipes,bap_cai_xao,elapsedMinutes,27,https://cookbeo.com/recipes/bap-cai-xao-toi,Bắp Cải Xào Tỏi Đơn Giản Nhanh Gọn,exact,applied,Source states prep 12 + cook 15 min; elapsed normalized to 27 min.
recipes,bo_xao_hanh_tay,activeMinutes,15,https://homestory.com.vn/vao-bep/cach-lam-thit-bo-xao-hanh-tay-don-gian-nhanh-chong-cho-ngay-ban-ron,"Cách làm thịt bò xào hành tây đơn giản, bổ dưỡng cho 4 người",exact,applied,Alternate exact-scale source also uses 500g beef for 4 people; prep 15 min.
recipes,bo_xao_hanh_tay,elapsedMinutes,55,https://homestory.com.vn/vao-bep/cach-lam-thit-bo-xao-hanh-tay-don-gian-nhanh-chong-cho-ngay-ban-ron,"Cách làm thịt bò xào hành tây đơn giản, bổ dưỡng cho 4 người",exact,applied,Alternate exact-scale source also uses 500g beef for 4 people; prep 15 + cook 40 min.
recipe_ingredients,ga_kho_gung:ga_ta,quantity,500,https://tmart.vn/news/59,Gà kho gừng – Món ngon dễ làm từ nguyên liệu sạch Tmart,exact,applied,Exact recipe lists 500g chicken. Previous value: 'CAN-DIEN: luong theo unitCode'.
recipe_ingredients,ga_kho_gung:gung,quantity,30,https://tmart.vn/news/59,Gà kho gừng – Món ngon dễ làm từ nguyên liệu sạch Tmart,exact,applied,Exact recipe states one ginger root = 30g. Previous value: 'CAN-DIEN: luong theo unitCode'.
recipe_ingredients,ga_kho_gung:nuoc_mam,quantity,30,https://tmart.vn/news/59,Gà kho gừng – Món ngon dễ làm từ nguyên liệu sạch Tmart,exact,applied,2 tbsp fish sauce normalized as 30 ml (15 ml/tbsp). Previous value: '30'.
recipe_ingredients,ga_kho_gung:duong_cat,quantity,4.17,https://tmart.vn/news/59,Gà kho gừng – Món ngon dễ làm từ nguyên liệu sạch Tmart,converted,applied,1 tsp granulated sugar normalized using 4.17 g/tsp. Previous value: '12.5'.
recipe_ingredients,ga_kho_gung:tieu_xay,quantity,1.355,https://tmart.vn/news/59,Gà kho gừng – Món ngon dễ làm từ nguyên liệu sạch Tmart,converted,applied,1/2 tsp black pepper normalized using 2.71 g/tsp. Previous value: '2.71'.
recipe_ingredients,ga_kho_gung:dau_an,quantity,15,https://tmart.vn/news/59,Gà kho gừng – Món ngon dễ làm từ nguyên liệu sạch Tmart,exact,applied,1 tbsp cooking oil normalized as 15 ml. Previous value: 'CAN-DIEN: luong theo unitCode'.
recipes,ga_kho_gung,yieldAdultEquivalent,CAN-DIEN: so nguoi lon mon nay du cho,https://tmart.vn/news/59,Gà kho gừng – Món ngon dễ làm từ nguyên liệu sạch Tmart,correction,applied,"Tmart source gives a 2–3 serving range; exact value 6 was inconsistent with the now-unified 500g recipe, so it was reverted for review. Previous value: '6'."
recipes,ga_kho_gung,yieldAdultEquivalent,2-3,https://tmart.vn/news/59,Gà kho gừng – Món ngon dễ làm từ nguyên liệu sạch Tmart,range,review_required,Source provides serving range 2–3; schema expects one exact numeric adult-equivalent yield.
recipes,rau_den_luoc,yieldAdultEquivalent,1,https://marketplace.tripmap.vn/recipes/rau-den-do-luoc-17075786,Rau dền đỏ luộc – TRIPMAP Marketplace,exact,applied,Source states khẩu phần 1. Previous value: 'CAN-DIEN: so nguoi lon mon nay du cho'.
recipes,rau_den_luoc,activeMinutes,5,https://marketplace.tripmap.vn/recipes/rau-den-do-luoc-17075786,Rau dền đỏ luộc – TRIPMAP Marketplace,exact,applied,Source states preparation 5 minutes. Previous value: ''.
recipes,rau_den_luoc,elapsedMinutes,10,https://marketplace.tripmap.vn/recipes/rau-den-do-luoc-17075786,Rau dền đỏ luộc – TRIPMAP Marketplace,exact,applied,Source states preparation 5 + cooking 5 minutes. Previous value: ''.
recipe_ingredients,trung_chien_thit_bam:dau_an,quantity,30,https://marketplace.tripmap.vn/recipes/trung-chien-thit-bo,Trứng Chiên Thịt Bò - Tripmart Recipes,exact,applied,Source lists 2 tablespoons cooking oil; normalized to 30 ml. Previous value: 'CAN-DIEN: luong theo unitCode'.
recipe_ingredients,canh_cai_thao_thit:hanh_la,quantity,45,https://www.dienmayxanh.com/vao-bep/cach-nau-canh-cai-thao-thit-bam-thom-ngon-thanh-dam-chi-voi-11806,"Cách nấu canh cải thảo thịt bằm thơm ngon, thanh đạm",converted,applied,Source lists 3 green-onion stalks; normalized using 15 g per medium green onion from USDA-derived household measure. Previous value: 'CAN-DIEN: luong theo unitCode'.
recipe_ingredients,dau_hu_sot_ca_chua:hanh_la,quantity,50,https://www.dienmayxanh.com/vao-bep/cach-lam-dau-hu-sot-ca-chua-chay-don-gian-de-lam-cho-bua-com-10227,Đậu hũ sốt cà chua chay - Điện máy XANH,converted,applied,Source lists 1/2 cup green onion; normalized using FDA raw-vegetable household measure 1/4 cup chopped = 25g. Previous value: 'CAN-DIEN: luong theo unitCode'.
recipe_ingredients,ca_basa_kho_tieu:ca_basa,quantity,300,https://www.angingon.com/cong-thuc/cach-lam-ca-basa-kho-tieu-ngon-dam-da-cuc-hao-com,Cách làm cá basa kho tiêu ngon đậm đà cực hao cơm,exact,applied,Exact recipe ingredient table lists 300g cá basa. Previous value: 'CAN-DIEN: luong theo unitCode'.
recipes,ca_basa_kho_tieu,yieldAdultEquivalent,2,https://www.angingon.com/cong-thuc/cach-lam-ca-basa-kho-tieu-ngon-dam-da-cuc-hao-com,Cách làm cá basa kho tiêu ngon đậm đà cực hao cơm,exact,applied,Recipe states 2 people. Previous value: 'CAN-DIEN: so nguoi lon mon nay du cho'.
recipes,ca_basa_kho_tieu,activeMinutes,20,https://www.angingon.com/cong-thuc/cach-lam-ca-basa-kho-tieu-ngon-dam-da-cuc-hao-com,Cách làm cá basa kho tiêu ngon đậm đà cực hao cơm,exact,applied,Recipe states preparation 20 minutes. Previous value: ''.
recipes,ca_basa_kho_tieu,elapsedMinutes,40,https://www.angingon.com/cong-thuc/cach-lam-ca-basa-kho-tieu-ngon-dam-da-cuc-hao-com,Cách làm cá basa kho tiêu ngon đậm đà cực hao cơm,exact,applied,Recipe states preparation 20 + cooking 20 minutes. Previous value: ''.
recipe_ingredients,rau_muong_luoc:rau_muong,quantity,500,https://yeutre.vn/bai-viet/rau-muong-luoc.38279/,2 cách làm rau muống luộc xanh mướt,exact,applied,Exact recipe lists 500g rau muống. Previous value: 'CAN-DIEN: luong theo unitCode'.
recipe_ingredients,muop_xao_toi:muop_huong,quantity,500,https://fptshop.com.vn/tin-tuc/dien-may/vao-bep-lam-mon-muop-xao-toi-thom-ngon-173746/,Vào bếp làm món mướp xào tỏi thơm ngon chỉ với 2 nguyên liệu,exact,applied,Exact recipe lists 500g mướp. Previous value: 'CAN-DIEN: luong theo unitCode'.
recipe_ingredients,muop_xao_toi:toi,quantity,15,https://fptshop.com.vn/tin-tuc/dien-may/vao-bep-lam-mon-muop-xao-toi-thom-ngon-173746/,Vào bếp làm món mướp xào tỏi thơm ngon chỉ với 2 nguyên liệu,converted,applied,Source lists 5 garlic cloves; normalized using USDA 3g/clove. Previous value: '12'.
foods,ca_nuc,edibleFraction,0.73,https://ru.scribd.com/document/654410839/Bang-thanh-phan-dinh-duong-Thuc-pham-VN-2017-27-4-17,Bảng thành phần dinh dưỡng thực phẩm Việt Nam 2017,exact,applied,"2017 Vietnamese Food Composition Table lists EDIBLE = 73% for Cá nục (08020). Previous value: 'CAN-DIEN: phan an duoc tren khoi luong mua, 0 < x <= 1'."
foods,cai_ngot,edibleFraction,1.0,https://ru.scribd.com/document/654410839/Bang-thanh-phan-dinh-duong-Thuc-pham-VN-2017-27-4-17,Bảng thành phần dinh dưỡng thực phẩm Việt Nam 2017,exact,applied,"2017 Vietnamese Food Composition Table lists EDIBLE = 100% for Cải ngọt (04108). Previous value: 'CAN-DIEN: phan an duoc tren khoi luong mua, 0 < x <= 1'."
foods,cai_thao,edibleFraction,1.0,https://ru.scribd.com/document/654410839/Bang-thanh-phan-dinh-duong-Thuc-pham-VN-2017-27-4-17,Bảng thành phần dinh dưỡng thực phẩm Việt Nam 2017,exact,applied,"2017 Vietnamese Food Composition Table lists EDIBLE = 100% for Cải thảo (04109). Previous value: 'CAN-DIEN: phan an duoc tren khoi luong mua, 0 < x <= 1'."
recipe_ingredients.csv,ga_kho_gung|ga_ta,quantity,500,https://tmart.vn/news/59,Gà kho gừng – Món ngon dễ làm từ nguyên liệu sạch Tmart,exact,applied,Source states 500g chicken. Previous=CAN-DIEN: luong theo unitCode
recipe_ingredients.csv,ga_kho_gung|gung,quantity,30,https://tmart.vn/news/59,Gà kho gừng – Món ngon dễ làm từ nguyên liệu sạch Tmart,exact,applied,Source states ginger 30g. Previous=CAN-DIEN: luong theo unitCode
recipe_ingredients.csv,ga_kho_gung|nuoc_mam,quantity,30,https://tmart.vn/news/59,Gà kho gừng – Món ngon dễ làm từ nguyên liệu sạch Tmart,exact+deterministic_conversion,applied,2 tbsp fish sauce; normalized 15 ml/tbsp. Previous=30
recipe_ingredients.csv,ga_kho_gung|duong_cat,quantity,4.17,https://tmart.vn/news/59,Gà kho gừng – Món ngon dễ làm từ nguyên liệu sạch Tmart,exact+deterministic_conversion,applied,1 tsp granulated sugar; normalized 4.17 g/tsp. Previous=12.5
recipe_ingredients.csv,ga_kho_gung|tieu_xay,quantity,1.355,https://tmart.vn/news/59,Gà kho gừng – Món ngon dễ làm từ nguyên liệu sạch Tmart,exact+deterministic_conversion,applied,1/2 tsp ground pepper; normalized 2.71 g/tsp. Previous=2.71
recipe_ingredients.csv,ga_kho_gung|dau_an,quantity,15,https://tmart.vn/news/59,Gà kho gừng – Món ngon dễ làm từ nguyên liệu sạch Tmart,exact+deterministic_conversion,applied,1 tbsp oil; normalized 15 ml/tbsp. Previous=CAN-DIEN: luong theo unitCode
recipes.csv,ga_kho_gung,yieldAdultEquivalent,2-3,https://tmart.vn/news/59,Gà kho gừng – Món ngon dễ làm từ nguyên liệu sạch Tmart,range,review_required,"Source states 2-3 servings; schema requires one number, so old value 6 was removed rather than inventing midpoint."
recipe_ingredients.csv,dau_hu_kho_nam|dau_hu_trang,quantity,300,https://bepxua.vn/cach-lam-dau-hu-kho-nam-rom-ton-com-ngay-chay/,Cách làm đậu hũ kho nấm rơm tốn cơm ngày chay - BepXua,exact,applied,300g tofu. Previous=CAN-DIEN: luong theo unitCode
recipe_ingredients.csv,dau_hu_kho_nam|nam_rom,quantity,400,https://bepxua.vn/cach-lam-dau-hu-kho-nam-rom-ton-com-ngay-chay/,Cách làm đậu hũ kho nấm rơm tốn cơm ngày chay - BepXua,exact,applied,400g straw mushrooms. Previous=500
recipe_ingredients.csv,dau_hu_kho_nam|nuoc_tuong,quantity,60,https://bepxua.vn/cach-lam-dau-hu-kho-nam-rom-ton-com-ngay-chay/,Cách làm đậu hũ kho nấm rơm tốn cơm ngày chay - BepXua,exact+deterministic_conversion,applied,4 tbsp soy sauce; normalized 15 ml/tbsp. Previous=45
recipe_ingredients.csv,dau_hu_kho_nam|duong_cat,quantity,25,https://bepxua.vn/cach-lam-dau-hu-kho-nam-rom-ton-com-ngay-chay/,Cách làm đậu hũ kho nấm rơm tốn cơm ngày chay - BepXua,exact+deterministic_conversion,applied,2 tbsp sugar; normalized 12.5 g/tbsp. Previous=12.5
recipes.csv,dau_hu_kho_nam,yieldAdultEquivalent,4,https://bepxua.vn/cach-lam-dau-hu-kho-nam-rom-ton-com-ngay-chay/,Cách làm đậu hũ kho nấm rơm tốn cơm ngày chay - BepXua,exact,applied,Previous=CAN-DIEN: so nguoi lon mon nay du cho
recipes.csv,dau_hu_kho_nam,activeMinutes,20,https://bepxua.vn/cach-lam-dau-hu-kho-nam-rom-ton-com-ngay-chay/,Cách làm đậu hũ kho nấm rơm tốn cơm ngày chay - BepXua,exact,applied,Previous=
recipes.csv,dau_hu_kho_nam,elapsedMinutes,30,https://bepxua.vn/cach-lam-dau-hu-kho-nam-rom-ton-com-ngay-chay/,Cách làm đậu hũ kho nấm rơm tốn cơm ngày chay - BepXua,exact+deterministic_sum,applied,20 min prep + 10 min cook = 30 min total. Previous=
recipes.csv,rau_den_luoc,yieldAdultEquivalent,1,https://marketplace.tripmap.vn/recipes/rau-den-do-luoc-17075786,"Cách làm rau dền đỏ luộc – Món rau xanh đơn giản, thơm ngon | Tripmart Recipes",exact,applied,Previous=CAN-DIEN: so nguoi lon mon nay du cho
recipes.csv,rau_den_luoc,activeMinutes,5,https://marketplace.tripmap.vn/recipes/rau-den-do-luoc-17075786,"Cách làm rau dền đỏ luộc – Món rau xanh đơn giản, thơm ngon | Tripmart Recipes",exact,applied,Previous=
recipes.csv,rau_den_luoc,elapsedMinutes,10,https://marketplace.tripmap.vn/recipes/rau-den-do-luoc-17075786,"Cách làm rau dền đỏ luộc – Món rau xanh đơn giản, thơm ngon | Tripmart Recipes",exact+deterministic_sum,applied,5 min prep + 5 min cook. Previous=
recipe_ingredients.csv,rau_den_luoc|rau_den,quantity,1 mớ,https://marketplace.tripmap.vn/recipes/rau-den-do-luoc-17075786,"Cách làm rau dền đỏ luộc – Món rau xanh đơn giản, thơm ngon | Tripmart Recipes",count_not_mass,review_required,"Source gives 1 bunch, but schema requires grams; not converted."
recipe_ingredients.csv,ca_basa_kho_tieu|ca_basa,quantity,300,https://www.angingon.com/cong-thuc/cach-lam-ca-basa-kho-tieu-ngon-dam-da-cuc-hao-com,Cách làm cá basa kho tiêu ngon đậm đà cực hao cơm | ĂN GÌ NGON,exact,applied,300g basa. Previous=CAN-DIEN: luong theo unitCode
recipes.csv,ca_basa_kho_tieu,yieldAdultEquivalent,2,https://www.angingon.com/cong-thuc/cach-lam-ca-basa-kho-tieu-ngon-dam-da-cuc-hao-com,Cách làm cá basa kho tiêu ngon đậm đà cực hao cơm | ĂN GÌ NGON,exact,applied,Previous=CAN-DIEN: so nguoi lon mon nay du cho
recipes.csv,ca_basa_kho_tieu,activeMinutes,20,https://www.angingon.com/cong-thuc/cach-lam-ca-basa-kho-tieu-ngon-dam-da-cuc-hao-com,Cách làm cá basa kho tiêu ngon đậm đà cực hao cơm | ĂN GÌ NGON,exact,applied,Previous=
recipes.csv,ca_basa_kho_tieu,elapsedMinutes,40,https://www.angingon.com/cong-thuc/cach-lam-ca-basa-kho-tieu-ngon-dam-da-cuc-hao-com,Cách làm cá basa kho tiêu ngon đậm đà cực hao cơm | ĂN GÌ NGON,exact+deterministic_sum,applied,20 min prep + 20 min cook. Previous=
recipe_ingredients.csv,ca_basa_kho_tieu|hanh_tim,quantity,2 củ,https://www.angingon.com/cong-thuc/cach-lam-ca-basa-kho-tieu-ngon-dam-da-cuc-hao-com,Cách làm cá basa kho tiêu ngon đậm đà cực hao cơm | ĂN GÌ NGON,count_not_mass,review_required,Source gives 2 shallots; schema requires grams. Not converted because Vietnamese shallot size varies.
recipe_ingredients.csv,rau_muong_luoc|rau_muong,quantity,500,https://yeutre.vn/bai-viet/rau-muong-luoc.38279/,"2 cách làm rau muống luộc xanh mướt, nước dùng làm canh húp thanh mát",exact,applied,Source states 500g water spinach. Previous=CAN-DIEN: luong theo unitCode
recipe_ingredients.csv,rau_muong_luoc|muoi,quantity,1 tsp coarse salt,https://yeutre.vn/bai-viet/rau-muong-luoc.38279/,"2 cách làm rau muống luộc xanh mướt, nước dùng làm canh húp thanh mát",volume_to_mass_needs_specific_density,review_required,Kept unfilled because coarse salt teaspoon-to-gram conversion depends on crystal size.
recipe_ingredients.csv,trung_chien_thit_bam|dau_an,quantity,30,https://marketplace.tripmap.vn/recipes/trung-chien-thit-bo,,exact,applied,sync repair: latest applied audit row was not persisted to CSV. Previous=CAN-DIEN: luong theo unitCode
recipe_ingredients.csv,canh_cai_thao_thit|hanh_la,quantity,45,https://www.dienmayxanh.com/vao-bep/cach-nau-canh-cai-thao-thit-bam-thom-ngon-thanh-dam-chi-voi-11806,,converted,applied,sync repair: 3 green-onion stalks × 15 g/stalk. Previous=CAN-DIEN: luong theo unitCode
recipe_ingredients.csv,dau_hu_sot_ca_chua|hanh_la,quantity,50,https://www.dienmayxanh.com/vao-bep/cach-lam-dau-hu-sot-ca-chua-chay-don-gian-de-lam-cho-bua-com-10227,,converted,applied,sync repair: 1/2 cup green onion normalized from FDA measure. Previous=CAN-DIEN: luong theo unitCode
recipe_ingredients.csv,muop_xao_toi|muop_huong,quantity,500,https://fptshop.com.vn/tin-tuc/dien-may/vao-bep-lam-mon-muop-xao-toi-thom-ngon-173746/,,exact,applied,sync repair: exact 500 g mướp from selected recipe. Previous=CAN-DIEN: luong theo unitCode
recipe_ingredients.csv,muop_xao_toi|toi,quantity,15,https://fptshop.com.vn/tin-tuc/dien-may/vao-bep-lam-mon-muop-xao-toi-thom-ngon-173746/,,converted,applied,sync correction: 5 garlic cloves × USDA 3 g/clove; replaced stale 12 g. Previous=12
recipe_ingredients.csv,canh_bi_dao_thit_bam|thit_bo_xay,quantity,130,https://marketplace.tripmap.vn/recipes/canh-bi-dao-nau-thit-bo,"Cách làm canh bí đao nấu thịt bò thơm ngon, dễ làm",close_match,applied,Source uses 130g beef and instructions mince/chop it small; mapped to ground-beef food code. Previous=100
recipes.csv,canh_bi_dao_thit_bam,yieldAdultEquivalent,4,https://marketplace.tripmap.vn/recipes/canh-bi-dao-nau-thit-bo,"Cách làm canh bí đao nấu thịt bò thơm ngon, dễ làm",exact,applied,"Source states 4 servings, prep 30 min, cook 20 min. Previous=CAN-DIEN: so nguoi lon mon nay du cho"
recipes.csv,canh_bi_dao_thit_bam,activeMinutes,30,https://marketplace.tripmap.vn/recipes/canh-bi-dao-nau-thit-bo,"Cách làm canh bí đao nấu thịt bò thơm ngon, dễ làm",exact,applied,"Source states 4 servings, prep 30 min, cook 20 min. Previous="
recipes.csv,canh_bi_dao_thit_bam,elapsedMinutes,50,https://marketplace.tripmap.vn/recipes/canh-bi-dao-nau-thit-bo,"Cách làm canh bí đao nấu thịt bò thơm ngon, dễ làm",exact+deterministic_sum,applied,"Source states 4 servings, prep 30 min, cook 20 min. Previous="
recipe_ingredients.csv,tom_xao_bi_dao|toi,quantity,3,https://marketplace.tripmap.vn/recipes/tom-xao-bi-xanh,"Cách làm Tôm Xào Bí Xanh – Món ăn nhanh gọn, thơm ngon",exact+deterministic_conversion,applied,1 garlic clove × USDA 3 g/clove. Previous=CAN-DIEN: luong theo unitCode
recipe_ingredients.csv,tom_xao_bi_dao|dau_an,quantity,30,https://marketplace.tripmap.vn/recipes/tom-xao-bi-xanh,"Cách làm Tôm Xào Bí Xanh – Món ăn nhanh gọn, thơm ngon",approximate+deterministic_conversion,applied,Source says about 2 tbsp oil; normalized at 15 ml/tbsp. Previous=CAN-DIEN: luong theo unitCode
recipes.csv,tom_xao_bi_dao,yieldAdultEquivalent,2,https://marketplace.tripmap.vn/recipes/tom-xao-bi-xanh,"Cách làm Tôm Xào Bí Xanh – Món ăn nhanh gọn, thơm ngon",exact,applied,Source states 2 servings. Previous=CAN-DIEN: so nguoi lon mon nay du cho
recipes.csv,tom_xao_bi_dao,activeMinutes,5,https://marketplace.tripmap.vn/recipes/tom-xao-bi-xanh,"Cách làm Tôm Xào Bí Xanh – Món ăn nhanh gọn, thơm ngon",exact,applied,Source states 5 min prep. Previous=
recipes.csv,tom_xao_bi_dao,elapsedMinutes,10,https://marketplace.tripmap.vn/recipes/tom-xao-bi-xanh,"Cách làm Tôm Xào Bí Xanh – Món ăn nhanh gọn, thơm ngon",exact+deterministic_sum,applied,5 min prep + 5 min cook. Previous=
recipe_ingredients.csv,tom_xao_bi_dao|nuoc_mam,quantity,,https://marketplace.tripmap.vn/recipes/tom-xao-bi-xanh,"Cách làm Tôm Xào Bí Xanh – Món ăn nhanh gọn, thơm ngon",schema_source_mismatch,review_required,"Selected exact recipe does not use fish sauce; catalog schema includes nuoc_mam, so quantity remains unresolved rather than inventing a value."
recipe_ingredients.csv,canh_bi_dao_thit_bam|hat_nem,quantity,5,https://marketplace.tripmap.vn/recipes/canh-bi-dao-nau-thit-bo,,exact+deterministic_conversion,applied,1 tsp seasoning; normalized using Knorr 1 tbsp=15g => 1 tsp=5g. Previous=CAN-DIEN: luong theo unitCode
recipe_ingredients.csv,canh_bi_dao_thit_bam|muoi,quantity,3,https://marketplace.tripmap.vn/recipes/canh-bi-dao-nau-thit-bo,,exact+deterministic_conversion,applied,1/2 tsp salt; normalized using 1 tsp table salt=6g. Previous=CAN-DIEN: luong theo unitCode
recipe_ingredients.csv,su_su_xao_ca_rot|hat_nem,quantity,12.5,https://www.dienmayxanh.com/vao-bep/cach-lam-su-su-xao-ca-rot-don-gian-thanh-dam-cho-bua-com-gia-11740,,exact+deterministic_conversion,applied,Source uses 1/3 tbsp + 1/2 tbsp seasoning = 5/6 tbsp; Knorr 15g/tbsp => 12.5g. Previous=CAN-DIEN: luong theo unitCode
recipe_ingredients.csv,rau_muong_xao_toi|hat_nem,quantity,5,https://www.huongnghiepaau.com/rau-muong-xao-toi,,exact+deterministic_conversion,applied,1 tsp seasoning; Knorr 1 tbsp=15g => 1 tsp=5g. Previous=CAN-DIEN: luong theo unitCode
recipe_ingredients.csv,canh_ca_chua_trung|hat_nem,quantity,15,https://www.dienmayxanh.com/vao-bep/cach-nau-canh-ca-chua-trung-ngon-dung-dieu-khong-bi-tanh-don-10696,2 cách nấu canh cà chua trứng canh mây không bị tanh đơn giản tại nhà,exact+deterministic_conversion,applied,1 tbsp seasoning × Knorr 15g/tbsp. Previous=CAN-DIEN: luong theo unitCode
recipe_ingredients.csv,canh_ca_chua_trung|muoi,quantity,6,https://www.dienmayxanh.com/vao-bep/cach-nau-canh-ca-chua-trung-ngon-dung-dieu-khong-bi-tanh-don-10696,2 cách nấu canh cà chua trứng canh mây không bị tanh đơn giản tại nhà,exact+deterministic_conversion,applied,1 tsp salt × 6g/tsp. Previous=CAN-DIEN: luong theo unitCode
recipe_ingredients.csv,bo_kho_ca_rot|nuoc_mam,quantity,45,https://kithome.com.vn/2-cach-lam-bo-kho-ca-rot-mau-mem-thom-lung-ai-an,"2 cách làm bò kho cà rốt mau mềm, thơm lừng ai ăn cũng mê",exact+deterministic_conversion,applied,corrected from 3 tbsp fish sauce = 45ml; same Kithome source
recipe_ingredients.csv,bo_kho_ca_rot|dau_an,quantity,30,https://kithome.com.vn/2-cach-lam-bo-kho-ca-rot-mau-mem-thom-lung-ai-an,"2 cách làm bò kho cà rốt mau mềm, thơm lừng ai ăn cũng mê",exact+deterministic_conversion,applied,2 tbsp cooking oil = 30ml
recipe_ingredients.csv,ga_xao_sa_ot|toi,quantity,12.6,https://delightfulplate.com/vietnamese-lemongrass-chicken-stir-fry-ga-xao-sa-ot | https://www.hanna-one.com/weightgarlic.html,Vietnamese Lemongrass Chicken Stir-Fry + Garlic Weight Equivalents,exact+deterministic_conversion,applied,Recipe specifies 1.5 tbsp minced garlic; garlic conversion source gives 1 tsp chopped garlic = 2.8g; 1.5 tbsp = 4.5 tsp = 12.6g.
foods.csv,ca_basa,edibleFraction,1.0,https://ru.scribd.com/document/654410839/Bang-thanh-phan-dinh-duong-Thuc-pham-VN-2017-27-4-17,Bảng thành phần thực phẩm Việt Nam 2017,exact,applied_to_staging,"2017 table lists Cá basa, phi lê with EDIBLE=100%."
recipe_ingredients.csv,rau_muong_xao_toi,toi.quantity,12,https://xaydungso.vn/blog/huong-dan-cach-lam-mon-rau-muong-xao-toi-don-gian-ma-ngon-mieng-vi-cb.html,Cách làm món rau muống xào tỏi: Tinh hoa ẩm thực Việt,field_exact+conversion,applied_to_staging,Source states 4 garlic cloves; converted using 3 g/clove conversion already documented in research log.
recipe_ingredients.csv,dau_hu_sot_ca_chua,ca_chua.quantity,300,https://www.gocdinhduong.com/cong-thuc-nau-an/dau-hu-sot-ca-chua.html,Đậu Hũ Sốt Cà Chua - Gốc Dinh Dưỡng,field_exact,applied_to_staging,Source lists tomato 300 g.
recipe_ingredients.csv,dau_hu_sot_ca_chua,toi.quantity,10,https://www.gocdinhduong.com/cong-thuc-nau-an/dau-hu-sot-ca-chua.html,Đậu Hũ Sốt Cà Chua - Gốc Dinh Dưỡng,field_exact,applied_to_staging,Source lists garlic 10 g.
recipe_ingredients.csv,rau_den_luoc,rau_den.quantity,300,https://kamereo.vn/blog/vi/rau-den-luoc/,"Cách luộc rau dền chấm mắm tỏi ngon, không bị nhũn",exact,applied_to_staging,Source lists 1 bunch ≈ 300 g rau dền.
recipe_ingredients.csv,rau_den_luoc,muoi.quantity,6,https://kamereo.vn/blog/vi/rau-den-luoc/,"Cách luộc rau dền chấm mắm tỏi ngon, không bị nhũn",exact+conversion,applied_to_staging,Source lists 1 tsp salt; converted with documented 1 tsp table salt = 6 g.
recipe_ingredients.csv,trung_chien_hanh,tieu_xay.quantity,0.6775,https://mapstore.vn/tin-tuc/cach-lam-trung-chien-hanh-thom-ngon-cho-bua-com-gia-dinh,Cách làm trứng chiên hành thơm ngon đơn giản tại nhà,exact+conversion,applied_to_staging,Source lists 1/4 tsp ground pepper; converted using documented 1 tsp ground pepper ≈ 2.71 g.
recipe_ingredients.csv,trung_chien_hanh,dau_an.quantity,15,https://mapstore.vn/tin-tuc/cach-lam-trung-chien-hanh-thom-ngon-cho-bua-com-gia-dinh,Cách làm trứng chiên hành thơm ngon đơn giản tại nhà,exact+correction,applied_to_staging,Source lists 1 tbsp cooking oil = 15 ml; corrected previous 30 ml to align same recipe source.
recipe_ingredients.csv,bo_xao_hanh_tay,hanh_tay.quantity,100,https://www.nestleprofessional.com.vn/recipe/bo-xao-hanh-tay,Bò Xào Hành Tây | Nestlé Professional,dish_exact_protein_cut_proxy,applied_to_staging,Dish exact but source uses beef fillet while schema uses beef shank; applied only non-protein ingredient fields. Garlic 1 tsp -> 2.8g; pepper 1 tsp -> 2.71g; soy sauce 1 tsp -> 5ml; oil 2 tbsp -> 30ml.
recipe_ingredients.csv,bo_xao_hanh_tay,toi.quantity,2.8,https://www.nestleprofessional.com.vn/recipe/bo-xao-hanh-tay,Bò Xào Hành Tây | Nestlé Professional,dish_exact_protein_cut_proxy,applied_to_staging,Dish exact but source uses beef fillet while schema uses beef shank; applied only non-protein ingredient fields. Garlic 1 tsp -> 2.8g; pepper 1 tsp -> 2.71g; soy sauce 1 tsp -> 5ml; oil 2 tbsp -> 30ml.
recipe_ingredients.csv,bo_xao_hanh_tay,tieu_xay.quantity,2.71,https://www.nestleprofessional.com.vn/recipe/bo-xao-hanh-tay,Bò Xào Hành Tây | Nestlé Professional,dish_exact_protein_cut_proxy,applied_to_staging,Dish exact but source uses beef fillet while schema uses beef shank; applied only non-protein ingredient fields. Garlic 1 tsp -> 2.8g; pepper 1 tsp -> 2.71g; soy sauce 1 tsp -> 5ml; oil 2 tbsp -> 30ml.
recipe_ingredients.csv,bo_xao_hanh_tay,nuoc_tuong.quantity,5,https://www.nestleprofessional.com.vn/recipe/bo-xao-hanh-tay,Bò Xào Hành Tây | Nestlé Professional,dish_exact_protein_cut_proxy,applied_to_staging,Dish exact but source uses beef fillet while schema uses beef shank; applied only non-protein ingredient fields. Garlic 1 tsp -> 2.8g; pepper 1 tsp -> 2.71g; soy sauce 1 tsp -> 5ml; oil 2 tbsp -> 30ml.
recipe_ingredients.csv,bo_xao_hanh_tay,dau_an.quantity,30,https://www.nestleprofessional.com.vn/recipe/bo-xao-hanh-tay,Bò Xào Hành Tây | Nestlé Professional,dish_exact_protein_cut_proxy,applied_to_staging,Dish exact but source uses beef fillet while schema uses beef shank; applied only non-protein ingredient fields. Garlic 1 tsp -> 2.8g; pepper 1 tsp -> 2.71g; soy sauce 1 tsp -> 5ml; oil 2 tbsp -> 30ml.
recipe_ingredients.csv,canh_chua_ca_loc,me_chua.quantity,20,https://vietnamnet.vn/cach-nau-canh-chua-ca-loc-tai-nha-don-gian-2386310.html,Cách nấu canh chua cá lóc tại nhà đơn giản - VietNamNet,field_exact,applied_to_staging,"Source explicitly lists quả me 20g, matching catalog food form better than me vắt."
recipe_ingredients.csv,muc_xao_ca_chua:ca_chua,quantity,200,https://trangiafoods.vn/blogs/news/muc-xao-hanh-tay-ca-chua/,"Mực Xào Hành Tây Cà Chua – Món Ngon Đơn Giản, Đưa Cơm Cho Bữa Cơm Gia Đình",dish_exact_species_general,applied,"Exact field from 4-person recipe; source says fresh squid (tube or leaf acceptable), ca_chua=200g; garlic left review because source gives 3–4 cloves."
recipe_ingredients.csv,muc_xao_ca_chua:hanh_tay,quantity,150,https://trangiafoods.vn/blogs/news/muc-xao-hanh-tay-ca-chua/,"Mực Xào Hành Tây Cà Chua – Món Ngon Đơn Giản, Đưa Cơm Cho Bữa Cơm Gia Đình",dish_exact_species_general,applied,"Exact field from 4-person recipe; source says fresh squid (tube or leaf acceptable), hanh_tay=150g; garlic left review because source gives 3–4 cloves."
recipe_ingredients.csv,muc_xao_ca_chua:nuoc_mam,quantity,15,https://trangiafoods.vn/blogs/news/muc-xao-hanh-tay-ca-chua/,"Mực Xào Hành Tây Cà Chua – Món Ngon Đơn Giản, Đưa Cơm Cho Bữa Cơm Gia Đình",dish_exact_species_general,applied,"Exact field from 4-person recipe; source says fresh squid (tube or leaf acceptable), nuoc_mam=15ml; garlic left review because source gives 3–4 cloves."
recipe_ingredients.csv,muc_xao_ca_chua:dau_an,quantity,15,https://trangiafoods.vn/blogs/news/muc-xao-hanh-tay-ca-chua/,"Mực Xào Hành Tây Cà Chua – Món Ngon Đơn Giản, Đưa Cơm Cho Bữa Cơm Gia Đình",dish_exact_species_general,applied,"Exact field from 4-person recipe; source says fresh squid (tube or leaf acceptable), dau_an=15ml; garlic left review because source gives 3–4 cloves."
recipes.csv,dau_hu_sot_ca_chua,yieldAdultEquivalent,4,https://www.gocdinhduong.com/cong-thuc-nau-an/dau-hu-sot-ca-chua.html,Đậu Hũ Sốt Cà Chua,field_exact_same_dish,applied,"Source explicitly states 4 servings, 15 min prep, 20 min cook, 35 min total. Corrected yieldAdultEquivalent from 'CAN-DIEN: so nguoi lon mon nay du cho' to 4."
recipes.csv,dau_hu_sot_ca_chua,activeMinutes,15,https://www.gocdinhduong.com/cong-thuc-nau-an/dau-hu-sot-ca-chua.html,Đậu Hũ Sốt Cà Chua,field_exact_same_dish,applied,"Source explicitly states 4 servings, 15 min prep, 20 min cook, 35 min total. Corrected activeMinutes from '20' to 15."
recipe_ingredients.csv,ca_nuc_kho_ca_chua:duong_cat,quantity,4.17,https://vnexpress.net/ca-nuc-kho-ca-chua-vi-dam-da-4350605.html,Cá nục kho cà chua vị đậm đà,field_exact_same_dish_same_fish_mass,applied,Source uses 500g cá nục and 1 tsp sugar. Converted sugar using established 1 tbsp=12.5g => 1 tsp≈4.17g. Other fields not overwritten.
recipes.csv,bo_xao_gia,yieldAdultEquivalent,4,https://www.dienmayxanh.com/vao-bep/cach-lam-thit-bo-xao-gia-do-don-gian-thom-ngon-doi-vi-cho-gia-07623,"Cách làm thịt bò xào giá đỗ đơn giản thơm ngon, đổi vị cho gia đình",dish_exact,applied,"Source explicitly states 4 people. It only gives chế biến 30 phút, so active/elapsed remain review rather than inferring timing semantics."
recipe_ingredients.csv,canh_bi_dao_thit_bam:bi_dao,quantity,300,https://www.dienmayxanh.com/vao-bep/cach-nau-canh-bi-dao-thit-bo-thom-ngon-don-gian-cho-ca-nha-14009,"Cách nấu canh bí đao thịt bò thơm ngon, đơn giản cho cả nhà",field_exact_same_dish_protein_form_proxy,applied,"Source explicitly lists 300g bí đao; protein form differs, so applied vegetable field only."
recipe_ingredients.csv,canh_bi_dao_thit_bam:hanh_la,quantity,30,https://www.dienmayxanh.com/vao-bep/cach-nau-canh-bi-dao-thit-bo-thom-ngon-don-gian-cho-ca-nha-14009,"Cách nấu canh bí đao thịt bò thơm ngon, đơn giản cho cả nhà",field_exact_same_dish_protein_form_proxy,applied,"Source lists 2 green-onion stalks; standardized using existing audited 15g/stalk conversion. Protein form differs, so applied field-level only."
food_nutrients.csv,nam_rom:sodium_mg,amountPer100g,73,https://caygiongdhnn1.blogspot.com/search/label/Dinh%20d%C6%B0%E1%BB%A1ng,Nấm rơm phòng chữa bệnh cao huyết áp và u bướu,exact_food_fresh_secondary_reference,applied,Vietnamese source explicitly states fresh straw mushrooms sodium 73 mg/100g. USDA-derived 384 mg/100g result is canned/drained and was rejected as preparation mismatch.
recipe_ingredients.csv,canh_bi_do_thit_bam:hanh_la,quantity,30,https://fujifoods.vn/canh-bi-do-thit-bo/,Công thức canh bí đỏ thịt bò bổ dưỡng tại gia,field_exact_same_dish_protein_form_variant,applied,Source lists 2 green-onion stalks; converted using existing audited 15g/stalk household measure. Beef form/quantity from this source not applied.
recipes.csv,canh_bi_do_thit_bam,yieldAdultEquivalent,4,https://fujifoods.vn/canh-bi-do-thit-bo/,Công thức canh bí đỏ thịt bò bổ dưỡng tại gia,metadata_exact_same_dish_protein_form_variant,applied,"Source explicitly states 4 servings, 15 min prep, 20 min cook, total 35 min. Ingredient protein quantity/form not replaced."
recipes.csv,canh_bi_do_thit_bam,activeMinutes,15,https://fujifoods.vn/canh-bi-do-thit-bo/,Công thức canh bí đỏ thịt bò bổ dưỡng tại gia,metadata_exact_same_dish_protein_form_variant,applied,"Source explicitly states 4 servings, 15 min prep, 20 min cook, total 35 min. Ingredient protein quantity/form not replaced."
recipes.csv,canh_bi_do_thit_bam,elapsedMinutes,35,https://fujifoods.vn/canh-bi-do-thit-bo/,Công thức canh bí đỏ thịt bò bổ dưỡng tại gia,metadata_exact_same_dish_protein_form_variant,applied,"Source explicitly states 4 servings, 15 min prep, 20 min cook, total 35 min. Ingredient protein quantity/form not replaced."
recipe_ingredients.csv,canh_cai_thao_thit:cai_thao,quantity,300,https://www.cet.edu.vn/cach-nau-canh-cai-thao,CET - Cách nấu canh cải thảo dịu ngọt thanh mát cho cả nhà,exact_component_match,applied_to_staging,"Source states 3 lạng cải thảo + 2 lạng thịt nạc; recipe currently uses 200 g thịt nạc vai, so 300 g cải thảo is applied field-level. Hạt nêm remains unfilled because no quantity is stated."
recipe_ingredients.csv,ca_basa_chien_gion:muoi,quantity,6,https://mmpro.vn/blog/ca-chien,MMPro - TOP 10+ cách làm món cá chiên giòn,exact_component_match+conversion,applied_to_staging,Source recipe states 300 g cá basa phi lê + 1 tsp salt. Converted using audited table-salt conversion 1 tsp = 6 g.
recipe_ingredients.csv,canh_chua_ca_loc:ca_chua,quantity,246,https://www.dienmayxanh.com/vao-bep/cach-nau-canh-chua-ca-loc-chuan-nhat-ngon-00828,Điện Máy Xanh - Canh chua cá lóc,exact_recipe+audited_conversion,applied_to_staging,Exact recipe states 2 tomatoes for 300 g fish. Converted with previously audited 1 medium tomato = 123 g (USDA SNAP-Ed); total 246 g.
recipe_ingredients.csv,su_su_xao_ca_rot:su_su,quantity,600,https://www.bachhoaxanh.com/kinh-nghiem-hay/cach-lam-su-su-xao-toi-gion-san-sat-xanh-muot-mat-cuc-de-lam-1588453,Bách Hóa XANH - Su su xào tỏi với cà rốt,exact_recipe_component,applied_to_staging,"Source states 600 g su su, about 3 fruits."
recipe_ingredients.csv,su_su_xao_ca_rot:ca_rot,quantity,100,https://www.bachhoaxanh.com/kinh-nghiem-hay/cach-lam-su-su-xao-toi-gion-san-sat-xanh-muot-mat-cuc-de-lam-1588453,Bách Hóa XANH - Su su xào tỏi với cà rốt,exact_recipe_component,applied_to_staging,Source states 100 g carrot.
recipe_ingredients.csv,su_su_xao_ca_rot:toi,quantity,30,https://www.bachhoaxanh.com/kinh-nghiem-hay/cach-lam-su-su-xao-toi-gion-san-sat-xanh-muot-mat-cuc-de-lam-1588453,Bách Hóa XANH - Su su xào tỏi với cà rốt,exact_recipe_component,applied_to_staging,Source states 10 garlic cloves; converted with audited 3 g/clove = 30 g.
prices.csv,me_chua,packageQuantity,1,https://marketplace.tripmap.vn/product/me-chua-1kg-tuoi-song-cho-canh-chua-dam-nuoc,Tripmart - Me chua 1kg tươi sống,exact_retail_sku,applied_to_staging,Exact fresh/raw sour tamarind SKU; not tamarind paste or processed me vắt.
prices.csv,me_chua,packageBaseQuantity,1000,https://marketplace.tripmap.vn/product/me-chua-1kg-tuoi-song-cho-canh-chua-dam-nuoc,Tripmart - Me chua 1kg tươi sống,exact_retail_sku,applied_to_staging,Exact fresh/raw sour tamarind SKU; not tamarind paste or processed me vắt.
prices.csv,me_chua,packagePriceVnd,17000,https://marketplace.tripmap.vn/product/me-chua-1kg-tuoi-song-cho-canh-chua-dam-nuoc,Tripmart - Me chua 1kg tươi sống,exact_retail_sku,applied_to_staging,Exact fresh/raw sour tamarind SKU; not tamarind paste or processed me vắt.
prices.csv,me_chua,purchaseIncrement,1,https://marketplace.tripmap.vn/product/me-chua-1kg-tuoi-song-cho-canh-chua-dam-nuoc,Tripmart - Me chua 1kg tươi sống,exact_retail_sku,applied_to_staging,Exact fresh/raw sour tamarind SKU; not tamarind paste or processed me vắt.
prices.csv,me_chua,observedAt,2026-09-17,https://marketplace.tripmap.vn/product/me-chua-1kg-tuoi-song-cho-canh-chua-dam-nuoc,Tripmart - Me chua 1kg tươi sống,exact_retail_sku,applied_to_staging,Exact fresh/raw sour tamarind SKU; not tamarind paste or processed me vắt.
recipes.csv,rau_muong_xao_toi,yieldAdultEquivalent,4,https://cooponline.vn/tin-tuc/cong-thuc-nau-an/cach-lam-rau-muong-xao-toi-mon-xao-dan-da-dam-huong-vi-viet,Cách làm rau muống xào tỏi – Co.op Online,exact_dish_metadata,applied,Exact-dish metadata: Co.op Online states 4 servings.
recipes.csv,rau_muong_xao_toi,activeMinutes,10,https://cooponline.vn/tin-tuc/cong-thuc-nau-an/cach-lam-rau-muong-xao-toi-mon-xao-dan-da-dam-huong-vi-viet,Cách làm rau muống xào tỏi – Co.op Online,exact_dish_metadata,applied,Exact-dish metadata: prep time 10 min.
recipes.csv,rau_muong_xao_toi,elapsedMinutes,15,https://cooponline.vn/tin-tuc/cong-thuc-nau-an/cach-lam-rau-muong-xao-toi-mon-xao-dan-da-dam-huong-vi-viet,Cách làm rau muống xào tỏi – Co.op Online,exact_dish_metadata,applied,Exact-dish metadata: prep 10 + cook 5 = total 15 min.
recipes.csv,suon_ram_man,yieldAdultEquivalent,4,https://pasgo.vn/blog/cach-lam-suon-non-ram-man-ngot-dam-da-ton-com-3397,Cách làm sườn non ram mặn ngọt - PasGo,exact_dish_scale,applied,Exact source states 500g sườn non for 4 people; matches recipe scale.
recipes.csv,trung_chien_hanh,yieldAdultEquivalent,3,https://marketplace.tripmap.vn/recipes/trung-chien-hanh,Trứng chiên hành - Tripmart,exact_recipe,applied,"Exact recipe: 3 eggs, 2 scallion stalks, 1 tsp fish sauce; serving=3."
recipes.csv,trung_chien_hanh,activeMinutes,10,https://marketplace.tripmap.vn/recipes/trung-chien-hanh,Trứng chiên hành - Tripmart,exact_recipe,applied,Exact source prep=10 min.
recipes.csv,trung_chien_hanh,elapsedMinutes,15,https://marketplace.tripmap.vn/recipes/trung-chien-hanh,Trứng chiên hành - Tripmart,exact_recipe,applied,Exact source prep 10 + cook 5 = total 15 min.
recipe_ingredients.csv,trung_chien_thit_bam:nuoc_mam,quantity,10,https://khaistore.vn/blog/cach-lam-trung-chien-thit-bam-don-gian-ngon-mieng,https://khaistore.vn/blog/cach-lam-trung-chien-thit-bam-don-gian-ngon-mieng,,applied,2 tsp fish sauce for recipe with 2 eggs + 100g minced meat; metric teaspoon converted to 5 ml each.
recipe_ingredients.csv,rau_muong_luoc:muoi,quantity,5,https://nghikitchen.edu.vn/khoa-hoc-online/mn64-giao-trinh-mon-rau-muong-xao-toi/,https://nghikitchen.edu.vn/khoa-hoc-online/mn64-giao-trinh-mon-rau-muong-xao-toi/,,applied,Culinary formula uses 5g salt in the blanching/boiling mixture for 500g water spinach.
recipe_ingredients.csv,bap_cai_xao:hat_nem,quantity,7,https://www.scribd.com/document/1013092447/CA-M-NANG-A-N-CHAY-CA-C-MO-N-CHAY-NGON-DE-LA-M,https://www.scribd.com/document/1013092447/CA-M-NANG-A-N-CHAY-CA-C-MO-N-CHAY-NGON-DE-LA-M,,applied,Seasoning guidance: 7g per 500g ingredient for stir-fry; catalog recipe has 500g cabbage.
recipe_ingredients.csv,muop_xao_toi:hat_nem,quantity,7,https://www.scribd.com/document/1013092447/CA-M-NANG-A-N-CHAY-CA-C-MO-N-CHAY-NGON-DE-LA-M,https://www.scribd.com/document/1013092447/CA-M-NANG-A-N-CHAY-CA-C-MO-N-CHAY-NGON-DE-LA-M,,applied,Seasoning guidance: 7g per 500g ingredient for stir-fry; catalog recipe has 500g loofah.
recipes.csv,ca_basa_chien_gion,yieldAdultEquivalent,4,https://monngonmoingay.com/ca-basa-chien-gion-vi-chanh/,https://monngonmoingay.com/ca-basa-chien-gion-vi-chanh/,,applied,Source matches 300g basa fillet; states 4 servings and 15-minute execution time.
recipes.csv,ca_basa_chien_gion,activeMinutes,15,https://monngonmoingay.com/ca-basa-chien-gion-vi-chanh/,https://monngonmoingay.com/ca-basa-chien-gion-vi-chanh/,,applied,Source matches 300g basa fillet; states 4 servings and 15-minute execution time.
recipes.csv,ca_basa_chien_gion,elapsedMinutes,15,https://monngonmoingay.com/ca-basa-chien-gion-vi-chanh/,https://monngonmoingay.com/ca-basa-chien-gion-vi-chanh/,,applied,Source matches 300g basa fillet; states 4 servings and 15-minute execution time.
recipes.csv,bo_xao_gia,activeMinutes,30,https://www.dienmayxanh.com/vao-bep/cach-lam-thit-bo-xao-gia-do-don-gian-thom-ngon-doi-vi-cho-gia-07623,https://www.dienmayxanh.com/vao-bep/cach-lam-thit-bo-xao-gia-do-don-gian-thom-ngon-doi-vi-cho-gia-07623,,applied,Source matches 300g beef + 100g bean sprouts and states 30-minute cooking time.
recipes.csv,thit_kho_trung,activeMinutes,45,https://songkhoe.medplus.vn/bi-quyet-lam-thit-kho-trung-chien-ngu-vi-dam-da-an-mot-lan-la-me/,https://songkhoe.medplus.vn/bi-quyet-lam-thit-kho-trung-chien-ngu-vi-dam-da-an-mot-lan-la-me/,,applied,Source matches 500g pork belly + 5 eggs and states 45-minute cook time.
recipes.csv,muc_xao_ca_chua,activeMinutes,12,https://marketplace.tripmap.vn/recipes/muc-xao-ca-chua,https://marketplace.tripmap.vn/recipes/muc-xao-ca-chua,,applied,"Named-dish source states 10-minute prep, 12-minute cook, 22-minute total."
recipes.csv,muc_xao_ca_chua,elapsedMinutes,22,https://marketplace.tripmap.vn/recipes/muc-xao-ca-chua,https://marketplace.tripmap.vn/recipes/muc-xao-ca-chua,,applied,"Named-dish source states 10-minute prep, 12-minute cook, 22-minute total."
food_nutrients.csv,bap_cai,source_review,no_change,https://dulieuphapluat.vn/cong-cu/gia-tri-dinh-duong-thuc-pham/cai-bap-trang-tuoi.html,Bảng thành phần thực phẩm Việt Nam / USDA FoodData Central source review,source_review,source_checked,Rà soát theo thứ tự ưu tiên. Không áp dụng thay đổi khi chưa có một nguồn đủ mạnh cho toàn bộ 6 chỉ tiêu.
food_nutrients.csv,bi_dao,source_review,no_change,https://dulieuphapluat.vn/cong-cu/gia-tri-dinh-duong-thuc-pham/qua-bi-dao-bi-xanh-tuoi.html,Bảng thành phần thực phẩm Việt Nam / USDA FoodData Central source review,source_review,source_checked,Rà soát theo thứ tự ưu tiên. Không áp dụng thay đổi khi chưa có một nguồn đủ mạnh cho toàn bộ 6 chỉ tiêu.
food_nutrients.csv,ca_basa,source_review,no_change,https://dulieuphapluat.vn/cong-cu/gia-tri-dinh-duong-thuc-pham/ca-basa-tuoi.html,Bảng thành phần thực phẩm Việt Nam / USDA FoodData Central source review,source_review,source_checked,Rà soát theo thứ tự ưu tiên. Không áp dụng thay đổi khi chưa có một nguồn đủ mạnh cho toàn bộ 6 chỉ tiêu.
food_nutrients.csv,ca_loc,source_review,no_change,https://dulieuphapluat.vn/cong-cu/gia-tri-dinh-duong-thuc-pham/ca-qua-tuoi.html,Bảng thành phần thực phẩm Việt Nam / USDA FoodData Central source review,source_review,source_checked,Rà soát theo thứ tự ưu tiên. Không áp dụng thay đổi khi chưa có một nguồn đủ mạnh cho toàn bộ 6 chỉ tiêu.
food_nutrients.csv,ca_nuc,source_review,no_change,https://dulieuphapluat.vn/cong-cu/gia-tri-dinh-duong-thuc-pham/ca-nuc-tuoi.html,Bảng thành phần thực phẩm Việt Nam / USDA FoodData Central source review,source_review,source_checked,Rà soát theo thứ tự ưu tiên. Không áp dụng thay đổi khi chưa có một nguồn đủ mạnh cho toàn bộ 6 chỉ tiêu.
food_nutrients.csv,ca_rot,source_review,no_change,https://dulieuphapluat.vn/cong-cu/gia-tri-dinh-duong-thuc-pham/cu-ca-rot-tuoi.html,Bảng thành phần thực phẩm Việt Nam / USDA FoodData Central source review,source_review,source_checked,Rà soát theo thứ tự ưu tiên. Không áp dụng thay đổi khi chưa có một nguồn đủ mạnh cho toàn bộ 6 chỉ tiêu.
food_nutrients.csv,cai_ngot,source_review,no_change,https://dulieuphapluat.vn/cong-cu/gia-tri-dinh-duong-thuc-pham/rau-cai-ngot-tuoi.html,Bảng thành phần thực phẩm Việt Nam / USDA FoodData Central source review,source_review,source_checked,Rà soát theo thứ tự ưu tiên. Không áp dụng thay đổi khi chưa có một nguồn đủ mạnh cho toàn bộ 6 chỉ tiêu.
food_nutrients.csv,cai_thao,source_review,no_change,https://dulieuphapluat.vn/cong-cu/gia-tri-dinh-duong-thuc-pham/rau-cai-thao-tuoi.html,Bảng thành phần thực phẩm Việt Nam / USDA FoodData Central source review,source_review,source_checked,Rà soát theo thứ tự ưu tiên. Không áp dụng thay đổi khi chưa có một nguồn đủ mạnh cho toàn bộ 6 chỉ tiêu.
food_nutrients.csv,dau_an,source_review,no_change,https://dulieuphapluat.vn/cong-cu/gia-tri-dinh-duong-thuc-pham/dau-dau-tuong.html,Bảng thành phần thực phẩm Việt Nam / USDA FoodData Central source review,source_review,source_checked,Rà soát theo thứ tự ưu tiên. Không áp dụng thay đổi khi chưa có một nguồn đủ mạnh cho toàn bộ 6 chỉ tiêu.
food_nutrients.csv,dau_cove,source_review,no_change,https://dulieuphapluat.vn/cong-cu/gia-tri-dinh-duong-thuc-pham/dau-co-ve-qua-tuoi.html,Bảng thành phần thực phẩm Việt Nam / USDA FoodData Central source review,source_review,source_checked,Rà soát theo thứ tự ưu tiên. Không áp dụng thay đổi khi chưa có một nguồn đủ mạnh cho toàn bộ 6 chỉ tiêu.
food_nutrients.csv,dau_hu_trang,source_review,no_change,https://dulieuphapluat.vn/cong-cu/gia-tri-dinh-duong-thuc-pham/dau-phu-song.html,Bảng thành phần thực phẩm Việt Nam / USDA FoodData Central source review,source_review,source_checked,Rà soát theo thứ tự ưu tiên. Không áp dụng thay đổi khi chưa có một nguồn đủ mạnh cho toàn bộ 6 chỉ tiêu.
food_nutrients.csv,duong_cat,source_review,no_change,https://dulieuphapluat.vn/cong-cu/gia-tri-dinh-duong-thuc-pham/duong-cat.html,Bảng thành phần thực phẩm Việt Nam / USDA FoodData Central source review,source_review,source_checked,Rà soát theo thứ tự ưu tiên. Không áp dụng thay đổi khi chưa có một nguồn đủ mạnh cho toàn bộ 6 chỉ tiêu.
food_nutrients.csv,hanh_la,source_review,no_change,https://dulieuphapluat.vn/cong-cu/gia-tri-dinh-duong-thuc-pham/hanh-la-hanh-hoa-tuoi.html,Bảng thành phần thực phẩm Việt Nam / USDA FoodData Central source review,source_review,source_checked,Rà soát theo thứ tự ưu tiên. Không áp dụng thay đổi khi chưa có một nguồn đủ mạnh cho toàn bộ 6 chỉ tiêu.
food_nutrients.csv,hanh_tim,source_review,no_change,https://fdc.nal.usda.gov/download-datasets/,Bảng thành phần thực phẩm Việt Nam / USDA FoodData Central source review,source_review,source_checked,Rà soát theo thứ tự ưu tiên. Không áp dụng thay đổi khi chưa có một nguồn đủ mạnh cho toàn bộ 6 chỉ tiêu.
food_nutrients.csv,muoi,source_review,no_change,https://dulieuphapluat.vn/cong-cu/gia-tri-dinh-duong-thuc-pham/muoi.html,Bảng thành phần thực phẩm Việt Nam / USDA FoodData Central source review,source_review,source_checked,Rà soát theo thứ tự ưu tiên. Không áp dụng thay đổi khi chưa có một nguồn đủ mạnh cho toàn bộ 6 chỉ tiêu.
food_nutrients.csv,muop_huong,source_review,no_change,https://dulieuphapluat.vn/cong-cu/gia-tri-dinh-duong-thuc-pham/muop-tuoi.html,Bảng thành phần thực phẩm Việt Nam / USDA FoodData Central source review,source_review,source_checked,Rà soát theo thứ tự ưu tiên. Không áp dụng thay đổi khi chưa có một nguồn đủ mạnh cho toàn bộ 6 chỉ tiêu.
food_nutrients.csv,nam_rom,source_review,sodium_mg=blank,https://dulieuphapluat.vn/cong-cu/gia-tri-dinh-duong-thuc-pham/nam-rom-tuoi.html,Bảng thành phần thực phẩm Việt Nam / USDA FoodData Central source review,source_review,source_checked,"DLP có nấm rơm tươi và 5 chỉ tiêu macro/fibre nhưng research hiện tại ghi sodium là no_data; blog cây giống bị loại bỏ, sodium trả về trống."
food_nutrients.csv,nuoc_tuong,source_review,no_change,https://dulieuphapluat.vn/cong-cu/gia-tri-dinh-duong-thuc-pham/xi-dau.html,Bảng thành phần thực phẩm Việt Nam / USDA FoodData Central source review,source_review,source_checked,Rà soát theo thứ tự ưu tiên. Không áp dụng thay đổi khi chưa có một nguồn đủ mạnh cho toàn bộ 6 chỉ tiêu.
food_nutrients.csv,ot_hiem,source_review,no_change,https://fdc.nal.usda.gov/download-datasets/,Bảng thành phần thực phẩm Việt Nam / USDA FoodData Central source review,source_review,source_checked,Rà soát theo thứ tự ưu tiên. Không áp dụng thay đổi khi chưa có một nguồn đủ mạnh cho toàn bộ 6 chỉ tiêu.
food_nutrients.csv,rau_den,source_review,no_change,https://fdc.nal.usda.gov/download-datasets/,Bảng thành phần thực phẩm Việt Nam / USDA FoodData Central source review,source_review,source_checked,Rà soát theo thứ tự ưu tiên. Không áp dụng thay đổi khi chưa có một nguồn đủ mạnh cho toàn bộ 6 chỉ tiêu.
food_nutrients.csv,sa,source_review,no_change,https://dulieuphapluat.vn/cong-cu/gia-tri-dinh-duong-thuc-pham/sa.html,Bảng thành phần thực phẩm Việt Nam / USDA FoodData Central source review,source_review,source_checked,"Trang DLP cho sả có energy 1 kcal, protein 0.8g, carb 16.5g, fat 1g; tự kiểm Atwater cho thấy bất nhất nên không áp dụng."
food_nutrients.csv,su_su,source_review,no_change,https://dulieuphapluat.vn/cong-cu/gia-tri-dinh-duong-thuc-pham/qua-su-su-tuoi.html,Bảng thành phần thực phẩm Việt Nam / USDA FoodData Central source review,source_review,source_checked,Rà soát theo thứ tự ưu tiên. Không áp dụng thay đổi khi chưa có một nguồn đủ mạnh cho toàn bộ 6 chỉ tiêu.
food_nutrients.csv,thit_ba_chi,source_review,no_change,https://fdc.nal.usda.gov/download-datasets/,Bảng thành phần thực phẩm Việt Nam / USDA FoodData Central source review,source_review,source_checked,Rà soát theo thứ tự ưu tiên. Không áp dụng thay đổi khi chưa có một nguồn đủ mạnh cho toàn bộ 6 chỉ tiêu.
food_nutrients.csv,thit_bo_bap,source_review,no_change,https://dulieuphapluat.vn/cong-cu/gia-tri-dinh-duong-thuc-pham/thit-bo-bap-song.html,Bảng thành phần thực phẩm Việt Nam / USDA FoodData Central source review,source_review,source_checked,Rà soát theo thứ tự ưu tiên. Không áp dụng thay đổi khi chưa có một nguồn đủ mạnh cho toàn bộ 6 chỉ tiêu.
food_nutrients.csv,thit_bo_xay,source_review,no_change,https://fdc.nal.usda.gov/download-datasets/,Bảng thành phần thực phẩm Việt Nam / USDA FoodData Central source review,source_review,source_checked,Rà soát theo thứ tự ưu tiên. Không áp dụng thay đổi khi chưa có một nguồn đủ mạnh cho toàn bộ 6 chỉ tiêu.
food_nutrients.csv,thit_nac_vai,source_review,no_change,https://dulieuphapluat.vn/cong-cu/gia-tri-dinh-duong-thuc-pham/thit-lon-nac-vai-tuoi.html,Bảng thành phần thực phẩm Việt Nam / USDA FoodData Central source review,source_review,source_checked,Rà soát theo thứ tự ưu tiên. Không áp dụng thay đổi khi chưa có một nguồn đủ mạnh cho toàn bộ 6 chỉ tiêu.
food_nutrients.csv,tom_the,source_review,no_change,https://fdc.nal.usda.gov/download-datasets/,Bảng thành phần thực phẩm Việt Nam / USDA FoodData Central source review,source_review,source_checked,Rà soát theo thứ tự ưu tiên. Không áp dụng thay đổi khi chưa có một nguồn đủ mạnh cho toàn bộ 6 chỉ tiêu.
food_nutrients.csv,trung_ga,source_review,no_change,https://dulieuphapluat.vn/cong-cu/gia-tri-dinh-duong-thuc-pham/trung-ga-ta.html,Bảng thành phần thực phẩm Việt Nam / USDA FoodData Central source review,source_review,source_checked,Rà soát theo thứ tự ưu tiên. Không áp dụng thay đổi khi chưa có một nguồn đủ mạnh cho toàn bộ 6 chỉ tiêu.
food_allergens.csv,ga_ta,status_evidence_context,no_status_change,https://thuvienphapluat.vn/van-ban/thuong-mai/nghi-dinh-43-2017-nd-cp-nhan-hang-hoa-346310.aspx,Nghị định 43/2017/NĐ-CP về nhãn hàng hóa,regulatory_context,evidence_only,Quy định yêu cầu thực phẩm ghi thành phần/cảnh báo trên nhãn; đây không phải bằng chứng thực phẩm không có dị nguyên hay không nhiễm chéo. Giữ unknown/contains nguyên trạng.
food_allergens.csv,thit_ba_chi,status_evidence_context,no_status_change,https://thuvienphapluat.vn/van-ban/thuong-mai/nghi-dinh-43-2017-nd-cp-nhan-hang-hoa-346310.aspx,Nghị định 43/2017/NĐ-CP về nhãn hàng hóa,regulatory_context,evidence_only,Quy định yêu cầu thực phẩm ghi thành phần/cảnh báo trên nhãn; đây không phải bằng chứng thực phẩm không có dị nguyên hay không nhiễm chéo. Giữ unknown/contains nguyên trạng.
food_allergens.csv,thit_nac_vai,status_evidence_context,no_status_change,https://thuvienphapluat.vn/van-ban/thuong-mai/nghi-dinh-43-2017-nd-cp-nhan-hang-hoa-346310.aspx,Nghị định 43/2017/NĐ-CP về nhãn hàng hóa,regulatory_context,evidence_only,Quy định yêu cầu thực phẩm ghi thành phần/cảnh báo trên nhãn; đây không phải bằng chứng thực phẩm không có dị nguyên hay không nhiễm chéo. Giữ unknown/contains nguyên trạng.
food_allergens.csv,suon_heo,status_evidence_context,no_status_change,https://thuvienphapluat.vn/van-ban/thuong-mai/nghi-dinh-43-2017-nd-cp-nhan-hang-hoa-346310.aspx,Nghị định 43/2017/NĐ-CP về nhãn hàng hóa,regulatory_context,evidence_only,Quy định yêu cầu thực phẩm ghi thành phần/cảnh báo trên nhãn; đây không phải bằng chứng thực phẩm không có dị nguyên hay không nhiễm chéo. Giữ unknown/contains nguyên trạng.
food_allergens.csv,thit_bo_bap,status_evidence_context,no_status_change,https://thuvienphapluat.vn/van-ban/thuong-mai/nghi-dinh-43-2017-nd-cp-nhan-hang-hoa-346310.aspx,Nghị định 43/2017/NĐ-CP về nhãn hàng hóa,regulatory_context,evidence_only,Quy định yêu cầu thực phẩm ghi thành phần/cảnh báo trên nhãn; đây không phải bằng chứng thực phẩm không có dị nguyên hay không nhiễm chéo. Giữ unknown/contains nguyên trạng.
food_allergens.csv,thit_bo_xay,status_evidence_context,no_status_change,https://thuvienphapluat.vn/van-ban/thuong-mai/nghi-dinh-43-2017-nd-cp-nhan-hang-hoa-346310.aspx,Nghị định 43/2017/NĐ-CP về nhãn hàng hóa,regulatory_context,evidence_only,Quy định yêu cầu thực phẩm ghi thành phần/cảnh báo trên nhãn; đây không phải bằng chứng thực phẩm không có dị nguyên hay không nhiễm chéo. Giữ unknown/contains nguyên trạng.
food_allergens.csv,ca_loc,status_evidence_context,no_status_change,https://thuvienphapluat.vn/van-ban/thuong-mai/nghi-dinh-43-2017-nd-cp-nhan-hang-hoa-346310.aspx,Nghị định 43/2017/NĐ-CP về nhãn hàng hóa,regulatory_context,evidence_only,Quy định yêu cầu thực phẩm ghi thành phần/cảnh báo trên nhãn; đây không phải bằng chứng thực phẩm không có dị nguyên hay không nhiễm chéo. Giữ unknown/contains nguyên trạng.
food_allergens.csv,ca_basa,status_evidence_context,no_status_change,https://thuvienphapluat.vn/van-ban/thuong-mai/nghi-dinh-43-2017-nd-cp-nhan-hang-hoa-346310.aspx,Nghị định 43/2017/NĐ-CP về nhãn hàng hóa,regulatory_context,evidence_only,Quy định yêu cầu thực phẩm ghi thành phần/cảnh báo trên nhãn; đây không phải bằng chứng thực phẩm không có dị nguyên hay không nhiễm chéo. Giữ unknown/contains nguyên trạng.
food_allergens.csv,ca_nuc,status_evidence_context,no_status_change,https://thuvienphapluat.vn/van-ban/thuong-mai/nghi-dinh-43-2017-nd-cp-nhan-hang-hoa-346310.aspx,Nghị định 43/2017/NĐ-CP về nhãn hàng hóa,regulatory_context,evidence_only,Quy định yêu cầu thực phẩm ghi thành phần/cảnh báo trên nhãn; đây không phải bằng chứng thực phẩm không có dị nguyên hay không nhiễm chéo. Giữ unknown/contains nguyên trạng.
food_allergens.csv,tom_the,status_evidence_context,no_status_change,https://thuvienphapluat.vn/van-ban/thuong-mai/nghi-dinh-43-2017-nd-cp-nhan-hang-hoa-346310.aspx,Nghị định 43/2017/NĐ-CP về nhãn hàng hóa,regulatory_context,evidence_only,Quy định yêu cầu thực phẩm ghi thành phần/cảnh báo trên nhãn; đây không phải bằng chứng thực phẩm không có dị nguyên hay không nhiễm chéo. Giữ unknown/contains nguyên trạng.
food_allergens.csv,muc_ong,status_evidence_context,no_status_change,https://thuvienphapluat.vn/van-ban/thuong-mai/nghi-dinh-43-2017-nd-cp-nhan-hang-hoa-346310.aspx,Nghị định 43/2017/NĐ-CP về nhãn hàng hóa,regulatory_context,evidence_only,Quy định yêu cầu thực phẩm ghi thành phần/cảnh báo trên nhãn; đây không phải bằng chứng thực phẩm không có dị nguyên hay không nhiễm chéo. Giữ unknown/contains nguyên trạng.
food_allergens.csv,trung_ga,status_evidence_context,no_status_change,https://thuvienphapluat.vn/van-ban/thuong-mai/nghi-dinh-43-2017-nd-cp-nhan-hang-hoa-346310.aspx,Nghị định 43/2017/NĐ-CP về nhãn hàng hóa,regulatory_context,evidence_only,Quy định yêu cầu thực phẩm ghi thành phần/cảnh báo trên nhãn; đây không phải bằng chứng thực phẩm không có dị nguyên hay không nhiễm chéo. Giữ unknown/contains nguyên trạng.
food_allergens.csv,dau_hu_trang,status_evidence_context,no_status_change,https://thuvienphapluat.vn/van-ban/thuong-mai/nghi-dinh-43-2017-nd-cp-nhan-hang-hoa-346310.aspx,Nghị định 43/2017/NĐ-CP về nhãn hàng hóa,regulatory_context,evidence_only,Quy định yêu cầu thực phẩm ghi thành phần/cảnh báo trên nhãn; đây không phải bằng chứng thực phẩm không có dị nguyên hay không nhiễm chéo. Giữ unknown/contains nguyên trạng.
food_allergens.csv,gao_te,status_evidence_context,no_status_change,https://thuvienphapluat.vn/van-ban/thuong-mai/nghi-dinh-43-2017-nd-cp-nhan-hang-hoa-346310.aspx,Nghị định 43/2017/NĐ-CP về nhãn hàng hóa,regulatory_context,evidence_only,Quy định yêu cầu thực phẩm ghi thành phần/cảnh báo trên nhãn; đây không phải bằng chứng thực phẩm không có dị nguyên hay không nhiễm chéo. Giữ unknown/contains nguyên trạng.
food_allergens.csv,rau_muong,status_evidence_context,no_status_change,https://thuvienphapluat.vn/van-ban/thuong-mai/nghi-dinh-43-2017-nd-cp-nhan-hang-hoa-346310.aspx,Nghị định 43/2017/NĐ-CP về nhãn hàng hóa,regulatory_context,evidence_only,Quy định yêu cầu thực phẩm ghi thành phần/cảnh báo trên nhãn; đây không phải bằng chứng thực phẩm không có dị nguyên hay không nhiễm chéo. Giữ unknown/contains nguyên trạng.
food_allergens.csv,cai_ngot,status_evidence_context,no_status_change,https://thuvienphapluat.vn/van-ban/thuong-mai/nghi-dinh-43-2017-nd-cp-nhan-hang-hoa-346310.aspx,Nghị định 43/2017/NĐ-CP về nhãn hàng hóa,regulatory_context,evidence_only,Quy định yêu cầu thực phẩm ghi thành phần/cảnh báo trên nhãn; đây không phải bằng chứng thực phẩm không có dị nguyên hay không nhiễm chéo. Giữ unknown/contains nguyên trạng.
food_allergens.csv,cai_thao,status_evidence_context,no_status_change,https://thuvienphapluat.vn/van-ban/thuong-mai/nghi-dinh-43-2017-nd-cp-nhan-hang-hoa-346310.aspx,Nghị định 43/2017/NĐ-CP về nhãn hàng hóa,regulatory_context,evidence_only,Quy định yêu cầu thực phẩm ghi thành phần/cảnh báo trên nhãn; đây không phải bằng chứng thực phẩm không có dị nguyên hay không nhiễm chéo. Giữ unknown/contains nguyên trạng.
food_allergens.csv,bap_cai,status_evidence_context,no_status_change,https://thuvienphapluat.vn/van-ban/thuong-mai/nghi-dinh-43-2017-nd-cp-nhan-hang-hoa-346310.aspx,Nghị định 43/2017/NĐ-CP về nhãn hàng hóa,regulatory_context,evidence_only,Quy định yêu cầu thực phẩm ghi thành phần/cảnh báo trên nhãn; đây không phải bằng chứng thực phẩm không có dị nguyên hay không nhiễm chéo. Giữ unknown/contains nguyên trạng.
food_allergens.csv,rau_den,status_evidence_context,no_status_change,https://thuvienphapluat.vn/van-ban/thuong-mai/nghi-dinh-43-2017-nd-cp-nhan-hang-hoa-346310.aspx,Nghị định 43/2017/NĐ-CP về nhãn hàng hóa,regulatory_context,evidence_only,Quy định yêu cầu thực phẩm ghi thành phần/cảnh báo trên nhãn; đây không phải bằng chứng thực phẩm không có dị nguyên hay không nhiễm chéo. Giữ unknown/contains nguyên trạng.
food_allergens.csv,bi_dao,status_evidence_context,no_status_change,https://thuvienphapluat.vn/van-ban/thuong-mai/nghi-dinh-43-2017-nd-cp-nhan-hang-hoa-346310.aspx,Nghị định 43/2017/NĐ-CP về nhãn hàng hóa,regulatory_context,evidence_only,Quy định yêu cầu thực phẩm ghi thành phần/cảnh báo trên nhãn; đây không phải bằng chứng thực phẩm không có dị nguyên hay không nhiễm chéo. Giữ unknown/contains nguyên trạng.
food_allergens.csv,bi_do,status_evidence_context,no_status_change,https://thuvienphapluat.vn/van-ban/thuong-mai/nghi-dinh-43-2017-nd-cp-nhan-hang-hoa-346310.aspx,Nghị định 43/2017/NĐ-CP về nhãn hàng hóa,regulatory_context,evidence_only,Quy định yêu cầu thực phẩm ghi thành phần/cảnh báo trên nhãn; đây không phải bằng chứng thực phẩm không có dị nguyên hay không nhiễm chéo. Giữ unknown/contains nguyên trạng.
food_allergens.csv,muop_huong,status_evidence_context,no_status_change,https://thuvienphapluat.vn/van-ban/thuong-mai/nghi-dinh-43-2017-nd-cp-nhan-hang-hoa-346310.aspx,Nghị định 43/2017/NĐ-CP về nhãn hàng hóa,regulatory_context,evidence_only,Quy định yêu cầu thực phẩm ghi thành phần/cảnh báo trên nhãn; đây không phải bằng chứng thực phẩm không có dị nguyên hay không nhiễm chéo. Giữ unknown/contains nguyên trạng.
food_allergens.csv,su_su,status_evidence_context,no_status_change,https://thuvienphapluat.vn/van-ban/thuong-mai/nghi-dinh-43-2017-nd-cp-nhan-hang-hoa-346310.aspx,Nghị định 43/2017/NĐ-CP về nhãn hàng hóa,regulatory_context,evidence_only,Quy định yêu cầu thực phẩm ghi thành phần/cảnh báo trên nhãn; đây không phải bằng chứng thực phẩm không có dị nguyên hay không nhiễm chéo. Giữ unknown/contains nguyên trạng.
food_allergens.csv,ca_chua,status_evidence_context,no_status_change,https://thuvienphapluat.vn/van-ban/thuong-mai/nghi-dinh-43-2017-nd-cp-nhan-hang-hoa-346310.aspx,Nghị định 43/2017/NĐ-CP về nhãn hàng hóa,regulatory_context,evidence_only,Quy định yêu cầu thực phẩm ghi thành phần/cảnh báo trên nhãn; đây không phải bằng chứng thực phẩm không có dị nguyên hay không nhiễm chéo. Giữ unknown/contains nguyên trạng.
food_allergens.csv,ca_rot,status_evidence_context,no_status_change,https://thuvienphapluat.vn/van-ban/thuong-mai/nghi-dinh-43-2017-nd-cp-nhan-hang-hoa-346310.aspx,Nghị định 43/2017/NĐ-CP về nhãn hàng hóa,regulatory_context,evidence_only,Quy định yêu cầu thực phẩm ghi thành phần/cảnh báo trên nhãn; đây không phải bằng chứng thực phẩm không có dị nguyên hay không nhiễm chéo. Giữ unknown/contains nguyên trạng.
food_allergens.csv,khoai_tay,status_evidence_context,no_status_change,https://thuvienphapluat.vn/van-ban/thuong-mai/nghi-dinh-43-2017-nd-cp-nhan-hang-hoa-346310.aspx,Nghị định 43/2017/NĐ-CP về nhãn hàng hóa,regulatory_context,evidence_only,Quy định yêu cầu thực phẩm ghi thành phần/cảnh báo trên nhãn; đây không phải bằng chứng thực phẩm không có dị nguyên hay không nhiễm chéo. Giữ unknown/contains nguyên trạng.
food_allergens.csv,dau_cove,status_evidence_context,no_status_change,https://thuvienphapluat.vn/van-ban/thuong-mai/nghi-dinh-43-2017-nd-cp-nhan-hang-hoa-346310.aspx,Nghị định 43/2017/NĐ-CP về nhãn hàng hóa,regulatory_context,evidence_only,Quy định yêu cầu thực phẩm ghi thành phần/cảnh báo trên nhãn; đây không phải bằng chứng thực phẩm không có dị nguyên hay không nhiễm chéo. Giữ unknown/contains nguyên trạng.
food_allergens.csv,gia_do,status_evidence_context,no_status_change,https://thuvienphapluat.vn/van-ban/thuong-mai/nghi-dinh-43-2017-nd-cp-nhan-hang-hoa-346310.aspx,Nghị định 43/2017/NĐ-CP về nhãn hàng hóa,regulatory_context,evidence_only,Quy định yêu cầu thực phẩm ghi thành phần/cảnh báo trên nhãn; đây không phải bằng chứng thực phẩm không có dị nguyên hay không nhiễm chéo. Giữ unknown/contains nguyên trạng.
food_allergens.csv,nam_rom,status_evidence_context,no_status_change,https://thuvienphapluat.vn/van-ban/thuong-mai/nghi-dinh-43-2017-nd-cp-nhan-hang-hoa-346310.aspx,Nghị định 43/2017/NĐ-CP về nhãn hàng hóa,regulatory_context,evidence_only,Quy định yêu cầu thực phẩm ghi thành phần/cảnh báo trên nhãn; đây không phải bằng chứng thực phẩm không có dị nguyên hay không nhiễm chéo. Giữ unknown/contains nguyên trạng.
food_allergens.csv,hanh_tay,status_evidence_context,no_status_change,https://thuvienphapluat.vn/van-ban/thuong-mai/nghi-dinh-43-2017-nd-cp-nhan-hang-hoa-346310.aspx,Nghị định 43/2017/NĐ-CP về nhãn hàng hóa,regulatory_context,evidence_only,Quy định yêu cầu thực phẩm ghi thành phần/cảnh báo trên nhãn; đây không phải bằng chứng thực phẩm không có dị nguyên hay không nhiễm chéo. Giữ unknown/contains nguyên trạng.
food_allergens.csv,hanh_la,status_evidence_context,no_status_change,https://thuvienphapluat.vn/van-ban/thuong-mai/nghi-dinh-43-2017-nd-cp-nhan-hang-hoa-346310.aspx,Nghị định 43/2017/NĐ-CP về nhãn hàng hóa,regulatory_context,evidence_only,Quy định yêu cầu thực phẩm ghi thành phần/cảnh báo trên nhãn; đây không phải bằng chứng thực phẩm không có dị nguyên hay không nhiễm chéo. Giữ unknown/contains nguyên trạng.
food_allergens.csv,hanh_tim,status_evidence_context,no_status_change,https://thuvienphapluat.vn/van-ban/thuong-mai/nghi-dinh-43-2017-nd-cp-nhan-hang-hoa-346310.aspx,Nghị định 43/2017/NĐ-CP về nhãn hàng hóa,regulatory_context,evidence_only,Quy định yêu cầu thực phẩm ghi thành phần/cảnh báo trên nhãn; đây không phải bằng chứng thực phẩm không có dị nguyên hay không nhiễm chéo. Giữ unknown/contains nguyên trạng.
food_allergens.csv,toi,status_evidence_context,no_status_change,https://thuvienphapluat.vn/van-ban/thuong-mai/nghi-dinh-43-2017-nd-cp-nhan-hang-hoa-346310.aspx,Nghị định 43/2017/NĐ-CP về nhãn hàng hóa,regulatory_context,evidence_only,Quy định yêu cầu thực phẩm ghi thành phần/cảnh báo trên nhãn; đây không phải bằng chứng thực phẩm không có dị nguyên hay không nhiễm chéo. Giữ unknown/contains nguyên trạng.
food_allergens.csv,gung,status_evidence_context,no_status_change,https://thuvienphapluat.vn/van-ban/thuong-mai/nghi-dinh-43-2017-nd-cp-nhan-hang-hoa-346310.aspx,Nghị định 43/2017/NĐ-CP về nhãn hàng hóa,regulatory_context,evidence_only,Quy định yêu cầu thực phẩm ghi thành phần/cảnh báo trên nhãn; đây không phải bằng chứng thực phẩm không có dị nguyên hay không nhiễm chéo. Giữ unknown/contains nguyên trạng.
food_allergens.csv,sa,status_evidence_context,no_status_change,https://thuvienphapluat.vn/van-ban/thuong-mai/nghi-dinh-43-2017-nd-cp-nhan-hang-hoa-346310.aspx,Nghị định 43/2017/NĐ-CP về nhãn hàng hóa,regulatory_context,evidence_only,Quy định yêu cầu thực phẩm ghi thành phần/cảnh báo trên nhãn; đây không phải bằng chứng thực phẩm không có dị nguyên hay không nhiễm chéo. Giữ unknown/contains nguyên trạng.
food_allergens.csv,ot_hiem,status_evidence_context,no_status_change,https://thuvienphapluat.vn/van-ban/thuong-mai/nghi-dinh-43-2017-nd-cp-nhan-hang-hoa-346310.aspx,Nghị định 43/2017/NĐ-CP về nhãn hàng hóa,regulatory_context,evidence_only,Quy định yêu cầu thực phẩm ghi thành phần/cảnh báo trên nhãn; đây không phải bằng chứng thực phẩm không có dị nguyên hay không nhiễm chéo. Giữ unknown/contains nguyên trạng.
food_allergens.csv,rau_ngo,status_evidence_context,no_status_change,https://thuvienphapluat.vn/van-ban/thuong-mai/nghi-dinh-43-2017-nd-cp-nhan-hang-hoa-346310.aspx,Nghị định 43/2017/NĐ-CP về nhãn hàng hóa,regulatory_context,evidence_only,Quy định yêu cầu thực phẩm ghi thành phần/cảnh báo trên nhãn; đây không phải bằng chứng thực phẩm không có dị nguyên hay không nhiễm chéo. Giữ unknown/contains nguyên trạng.
food_allergens.csv,me_chua,status_evidence_context,no_status_change,https://thuvienphapluat.vn/van-ban/thuong-mai/nghi-dinh-43-2017-nd-cp-nhan-hang-hoa-346310.aspx,Nghị định 43/2017/NĐ-CP về nhãn hàng hóa,regulatory_context,evidence_only,Quy định yêu cầu thực phẩm ghi thành phần/cảnh báo trên nhãn; đây không phải bằng chứng thực phẩm không có dị nguyên hay không nhiễm chéo. Giữ unknown/contains nguyên trạng.
food_allergens.csv,nuoc_mam,status_evidence_context,no_status_change,https://thuvienphapluat.vn/van-ban/thuong-mai/nghi-dinh-43-2017-nd-cp-nhan-hang-hoa-346310.aspx,Nghị định 43/2017/NĐ-CP về nhãn hàng hóa,regulatory_context,evidence_only,Quy định yêu cầu thực phẩm ghi thành phần/cảnh báo trên nhãn; đây không phải bằng chứng thực phẩm không có dị nguyên hay không nhiễm chéo. Giữ unknown/contains nguyên trạng.
food_allergens.csv,nuoc_tuong,status_evidence_context,no_status_change,https://thuvienphapluat.vn/van-ban/thuong-mai/nghi-dinh-43-2017-nd-cp-nhan-hang-hoa-346310.aspx,Nghị định 43/2017/NĐ-CP về nhãn hàng hóa,regulatory_context,evidence_only,Quy định yêu cầu thực phẩm ghi thành phần/cảnh báo trên nhãn; đây không phải bằng chứng thực phẩm không có dị nguyên hay không nhiễm chéo. Giữ unknown/contains nguyên trạng.
food_allergens.csv,dau_an,status_evidence_context,no_status_change,https://thuvienphapluat.vn/van-ban/thuong-mai/nghi-dinh-43-2017-nd-cp-nhan-hang-hoa-346310.aspx,Nghị định 43/2017/NĐ-CP về nhãn hàng hóa,regulatory_context,evidence_only,Quy định yêu cầu thực phẩm ghi thành phần/cảnh báo trên nhãn; đây không phải bằng chứng thực phẩm không có dị nguyên hay không nhiễm chéo. Giữ unknown/contains nguyên trạng.
food_allergens.csv,muoi,status_evidence_context,no_status_change,https://thuvienphapluat.vn/van-ban/thuong-mai/nghi-dinh-43-2017-nd-cp-nhan-hang-hoa-346310.aspx,Nghị định 43/2017/NĐ-CP về nhãn hàng hóa,regulatory_context,evidence_only,Quy định yêu cầu thực phẩm ghi thành phần/cảnh báo trên nhãn; đây không phải bằng chứng thực phẩm không có dị nguyên hay không nhiễm chéo. Giữ unknown/contains nguyên trạng.
food_allergens.csv,duong_cat,status_evidence_context,no_status_change,https://thuvienphapluat.vn/van-ban/thuong-mai/nghi-dinh-43-2017-nd-cp-nhan-hang-hoa-346310.aspx,Nghị định 43/2017/NĐ-CP về nhãn hàng hóa,regulatory_context,evidence_only,Quy định yêu cầu thực phẩm ghi thành phần/cảnh báo trên nhãn; đây không phải bằng chứng thực phẩm không có dị nguyên hay không nhiễm chéo. Giữ unknown/contains nguyên trạng.
food_allergens.csv,tieu_xay,status_evidence_context,no_status_change,https://thuvienphapluat.vn/van-ban/thuong-mai/nghi-dinh-43-2017-nd-cp-nhan-hang-hoa-346310.aspx,Nghị định 43/2017/NĐ-CP về nhãn hàng hóa,regulatory_context,evidence_only,Quy định yêu cầu thực phẩm ghi thành phần/cảnh báo trên nhãn; đây không phải bằng chứng thực phẩm không có dị nguyên hay không nhiễm chéo. Giữ unknown/contains nguyên trạng.
food_allergens.csv,hat_nem,status_evidence_context,no_status_change,https://thuvienphapluat.vn/van-ban/thuong-mai/nghi-dinh-43-2017-nd-cp-nhan-hang-hoa-346310.aspx,Nghị định 43/2017/NĐ-CP về nhãn hàng hóa,regulatory_context,evidence_only,Quy định yêu cầu thực phẩm ghi thành phần/cảnh báo trên nhãn; đây không phải bằng chứng thực phẩm không có dị nguyên hay không nhiễm chéo. Giữ unknown/contains nguyên trạng.
food_allergens.csv,nuoc_tuong,market_product_evidence,soy|wheat,https://www.nestleprofessional.com.vn/maggi/nuoc-tuong-maggi-hao-hang-0,Nước Tương MAGGI Hảo Hạng - thành phần,market_product_example,evidence_only,Trang nhà sản xuất ghi chiết xuất đậu nành lên men có chứa đậu nành và lúa mì. Chỉ là bằng chứng sản phẩm phổ biến; không suy rộng cho mọi nước tương.
food_allergens.csv,hat_nem,market_product_evidence,wheat|egg|soy,https://www.nestleprofessional.com.vn/maggi/hat-nem-maggi-xuong-ham-ngon-ngon,Hạt Nêm MAGGI Xương Hầm Ngon Ngon - thành phần,market_product_example,evidence_only,"Trang nhà sản xuất ghi hương liệu có chứa gluten lúa mì, trứng, đậu nành. Chỉ là bằng chứng sản phẩm; không thay status."
food_allergens.csv,dau_hu_trang,market_product_evidence,soy,https://beanyfood.com/san-pham/dau-hu-trang-beany-300g/,Đậu hũ trắng Beany 300g - thành phần,market_product_example,evidence_only,Trang nhà sản xuất ghi thành phần có đậu nành. Không có bằng chứng đáng tin cậy về vừng/mè hoặc nhiễm chéo cho toàn bộ đậu hũ ngoài chợ; không đổi status.
